person_id,candidate,election_cycle,legiscan_people_id,bill_id,bill_number,session_year,session_name,amendment_id,date,chamber,title,description,adopted,issue,attributed_name,attribution_method,attribution_confidence,activity_timing,url,state_link,bill_url,bill_title,bill_description,subject_names,local_path,pages,sha256,text_status,local_text,text_characters
ALPERSON-BARBARA-BIGSBY-BOYD,Barbara Bigsby Boyd,2010,3360,931750,HB50,2017,Regular Session 2017,50080,2017-04-18,H,House Boyd first Substitute Offered,House Boyd first Substitute Offered,0,criminal_justice,Boyd,reviewed_identity_surname_in_amendment_title,high,post_election,https://legiscan.com/AL/amendment/HB50/id/50080,http://alisondb.legislature.state.al.us/ALISON/SearchableInstruments/2017RS/PrintFiles/184843-3.pdf,https://legiscan.com/AL/bill/HB50/2017,"Law enforcement, allegations of excessive force, Ala. Criminal Justice Information System to collect data on, reports to legislative committees","Law enforcement, allegations of excessive force, Ala. Criminal Justice Information System to collect data on, reports to legislative committees",Law Enforcement Officers,data\raw\alabama_legislature\amendments\2017\1254\931750\50080.pdf,3,54b5438363d917c159359552bf6c70f986d9149098bd44d6aea1ef7b44e1fac3,extracted,data\processed\legislative\focal_amendment_text\50080.txt,2369
ALPERSON-BARBARA-BIGSBY-BOYD,Barbara Bigsby Boyd,2010,3360,1205609,HB32,2019,Regular Session 2019,76233,2019-05-14,H,House Boyd Amendment Offered,House Boyd Amendment Offered,0,unclassified,Boyd,reviewed_identity_surname_in_amendment_title,high,post_election,https://legiscan.com/AL/amendment/HB32/id/76233,http://alisondb.legislature.state.al.us/ALISON/SearchableInstruments/2019RS/PrintFiles/200060-1.pdf,https://legiscan.com/AL/bill/HB32/2019,"School campus, Kyle Graddy Act, self-administration of single dose autoinjectable epinephrine on K-12 school campuses by students, Secs. 16-1-39, 16-1-48 am'd","School campus, Kyle Graddy Act, self-administration of single dose autoinjectable epinephrine on K-12 school campuses by students, Secs. 16-1-39, 16-1-48 am'd",Education,data\raw\alabama_legislature\amendments\2019\1621\1205609\76233.pdf,1,4b7a049846c0e68b1f78f94ddbf4e0fe8f736fba09ad550a73adec6d2b687f2d,extracted,data\processed\legislative\focal_amendment_text\76233.txt,457
ALPERSON-BARBARA-BIGSBY-BOYD,Barbara Bigsby Boyd,2010,3360,1585700,HB312,2022,Regular Session 2022,137827,2022-03-17,H,House Boyd Amendment Offered,House Boyd Amendment Offered,0,unclassified,Boyd,reviewed_identity_surname_in_amendment_title,high,post_election,https://legiscan.com/AL/amendment/HB312/id/137827,http://alisondb.legislature.state.al.us/ALISON/SearchableInstruments/2022RS/PrintFiles/218998-1.pdf,https://legiscan.com/AL/bill/HB312/2022,"Education and training, divisive concepts, prohibits teaching of the concepts under certain circumstances, allows teaching of the concepts in public institutions of higher education as long as assent to the concept is not compelled","Education and training, divisive concepts, prohibits teaching of the concepts under certain circumstances, allows teaching of the concepts in public institutions of higher education as long as assent to the concept is not compelled",Education,data\raw\alabama_legislature\amendments\2022\1836\1585700\137827.pdf,1,23bc19b506f846241e98bcf3dc4a75742a5572afc747a0d0cf4fbf2364156e85,extracted,data\processed\legislative\focal_amendment_text\137827.txt,375
ALPERSON-BARBARA-BIGSBY-BOYD,Barbara Bigsby Boyd,2010,3360,1592221,SB224,2022,Regular Session 2022,142406,2022-04-06,H,House Boyd 1st Amendment Offered,House Boyd 1st Amendment Offered,0,unclassified,Boyd,reviewed_identity_surname_in_amendment_title,high,post_election,https://legiscan.com/AL/amendment/SB224/id/142406,http://alisondb.legislature.state.al.us/ALISON/SearchableInstruments/2022RS/PrintFiles/219860-1.pdf,https://legiscan.com/AL/bill/SB224/2022,"Unemployment compensation, individual required to search for work a certain number of times per week to be eligible to receive benefits, Sec. 25-4-77 am'd.","Unemployment compensation, individual required to search for work a certain number of times per week to be eligible to receive benefits, Sec. 25-4-77 am'd.",Unemployment Compensation,data\raw\alabama_legislature\amendments\2022\1836\1592221\142406.pdf,1,cae817f4b1cb3d5eb3eebb0cc8e38acee4c00493da4e304db35b06ad2aba0fe5,extracted,data\processed\legislative\focal_amendment_text\142406.txt,341
ALPERSON-BARBARA-BIGSBY-BOYD,Barbara Bigsby Boyd,2010,3360,1592221,SB224,2022,Regular Session 2022,142408,2022-04-06,H,House Boyd 2nd Amendment Offered,House Boyd 2nd Amendment Offered,0,unclassified,Boyd,reviewed_identity_surname_in_amendment_title,high,post_election,https://legiscan.com/AL/amendment/SB224/id/142408,http://alisondb.legislature.state.al.us/ALISON/SearchableInstruments/2022RS/PrintFiles/219927-2.pdf,https://legiscan.com/AL/bill/SB224/2022,"Unemployment compensation, individual required to search for work a certain number of times per week to be eligible to receive benefits, Sec. 25-4-77 am'd.","Unemployment compensation, individual required to search for work a certain number of times per week to be eligible to receive benefits, Sec. 25-4-77 am'd.",Unemployment Compensation,data\raw\alabama_legislature\amendments\2022\1836\1592221\142408.pdf,1,21a9795ee1355ba00207d97533bbfd6742df4950f8adb0081e8e5a2b74a0c818,extracted,data\processed\legislative\focal_amendment_text\142408.txt,410
ALPERSON-BARBARA-BIGSBY-BOYD,Barbara Bigsby Boyd,2010,3360,1833061,HB60,2024,Regular Session 2024,203086,2024-02-28,H,House Children and Senior Advocacy Boyd substitution adopted,House Children and Senior Advocacy Boyd substitution adopted KI7T55U-1,0,health_social_services,Boyd,reviewed_identity_surname_in_amendment_title,high,post_election,https://legiscan.com/AL/amendment/HB60/id/203086,https://alison.legislature.state.al.us/files/pdf/SearchableInstruments/2024RS/KI7T55U-1.pdf,https://legiscan.com/AL/bill/HB60/2024,"Crimes and offenses, crimes of abuse and neglect of an adult with a disability in the first, second and third degree and crimes of financial exploitation of an adult with a disability in the first, second, and third degree, created","Crimes and offenses, crimes of abuse and neglect of an adult with a disability in the first, second and third degree and crimes of financial exploitation of an adult with a disability in the first, second, and third degree, created",Crimes & Offenses,data\raw\alabama_legislature\amendments\2024\2103\1833061\203086.pdf,7,dc8aba49d14d3ad929a03c94379507c38f852ec14f557ad1348b7bfac3283ba7,extracted,data\processed\legislative\focal_amendment_text\203086.txt,9352
ALPERSON-BARBARA-BIGSBY-BOYD,Barbara Bigsby Boyd,2010,3360,1838324,HB102,2024,Regular Session 2024,205495,2024-03-06,H,House Children and Senior Advocacy Boyd amendment adopted,House Children and Senior Advocacy Boyd amendment adopted PDZLEGE-1,0,unclassified,Boyd,reviewed_identity_surname_in_amendment_title,high,post_election,https://legiscan.com/AL/amendment/HB102/id/205495,https://alison.legislature.state.al.us/files/pdf/SearchableInstruments/2024RS/PDZLEGE-1.pdf,https://legiscan.com/AL/bill/HB102/2024,"Child labor, to eliminate the eligibility to work form.","Child labor, to eliminate the eligibility to work form.",Labor & Employment,data\raw\alabama_legislature\amendments\2024\2103\1838324\205495.pdf,1,3fc83e4c56539c3e7e657a4854883319da9389385d390cd0fda1a577a9d9aa2a,extracted,data\processed\legislative\focal_amendment_text\205495.txt,867
ALPERSON-BILLY-BEASLEY,Billy Beasley,2010,3386,1248054,SB220,2019,Regular Session 2019,74853,2019-04-25,S,Senate Beasley Amendment Offered,Senate Beasley Amendment Offered,0,gambling,Beasley,reviewed_identity_surname_in_amendment_title,high,post_election,https://legiscan.com/AL/amendment/SB220/id/74853,http://alisondb.legislature.state.al.us/ALISON/SearchableInstruments/2019RS/PrintFiles/200104-1.pdf,https://legiscan.com/AL/bill/SB220/2019,"Alabama Lottery estab., distrib. of proceeds provided, constitutional amendment","Alabama Lottery estab., distrib. of proceeds provided, constitutional amendment",Constitutional Amendments,data\raw\alabama_legislature\amendments\2019\1621\1248054\74853.pdf,1,def44b4ecbd750b19ee7a31a07e0883092b45696d43e2ce4597950b0b2d3ec37,extracted,data\processed\legislative\focal_amendment_text\74853.txt,451
ALPERSON-BILLY-BEASLEY,Billy Beasley,2010,3386,1261023,SB402,2019,Regular Session 2019,77222,2019-05-29,S,Senate Beasley Amendment Offered,Senate Beasley Amendment Offered,0,criminal_justice,Beasley,reviewed_identity_surname_in_amendment_title,high,post_election,https://legiscan.com/AL/amendment/SB402/id/77222,http://alisondb.legislature.state.al.us/ALISON/SearchableInstruments/2019RS/PrintFiles/202151-2.pdf,https://legiscan.com/AL/bill/SB402/2019,"Barbour Co., law enforcement, authorized to take an individual with mental illness into protective custody under certain conditions, protection from civil and criminal liabilities","Barbour Co., law enforcement, authorized to take an individual with mental illness into protective custody under certain conditions, protection from civil and criminal liabilities",Barbour County,data\raw\alabama_legislature\amendments\2019\1621\1261023\77222.pdf,2,864bc84de6b59bcfe4b8c67eac831690d23f6ccfe82d06ac7094f1e13d47bb8f,extracted,data\processed\legislative\focal_amendment_text\77222.txt,1636
ALPERSON-BILLY-BEASLEY,Billy Beasley,2010,3386,1596612,HB400,2022,Regular Session 2022,142599,2022-04-06,S,Senate Beasley Amendment Offered,Senate Beasley Amendment Offered,0,taxes_budget,Beasley,reviewed_identity_surname_in_amendment_title,high,post_election,https://legiscan.com/AL/amendment/HB400/id/142599,http://alisondb.legislature.state.al.us/ALISON/SearchableInstruments/2022RS/PrintFiles/219946-1.pdf,https://legiscan.com/AL/bill/HB400/2022,"Taxation, grain bins exempt from ad valorem taxation, Sec. 40-9-1 am'd.","Taxation, grain bins exempt from ad valorem taxation, Sec. 40-9-1 am'd.",Taxation,data\raw\alabama_legislature\amendments\2022\1836\1596612\142599.pdf,1,b7222be28f16768f69c16efee1f0cb42fed542c79cccc33fac4c0bfb8ade463b,extracted,data\processed\legislative\focal_amendment_text\142599.txt,607
ALPERSON-NAPOLEON-BRACY-JR,Napoleon Bracy Jr.,2010,12542,978417,HB334,2017,Regular Session 2017,50016,2017-04-11,H,House Bracy Amendment Offered,House Bracy Amendment Offered,0,criminal_justice,Bracy,reviewed_identity_surname_in_amendment_title,high,post_election,https://legiscan.com/AL/amendment/HB334/id/50016,http://alisondb.legislature.state.al.us/ALISON/SearchableInstruments/2017RS/PrintFiles/185120-1.pdf,https://legiscan.com/AL/bill/HB334/2017,"Statement of economic interest, personal information of law enforcement officers included on form exempt from public disclosure, Secs. 36-25-14, 41-13-7 am'd.","Statement of economic interest, personal information of law enforcement officers included on form exempt from public disclosure, Secs. 36-25-14, 41-13-7 am'd.",Law Enforcement Officers,data\raw\alabama_legislature\amendments\2017\1254\978417\50016.pdf,1,6f156ffa6a9580c805bbf4f703231085771fdcdca6536de435b10dbfa42c5b01,extracted,data\processed\legislative\focal_amendment_text\50016.txt,208
ALPERSON-NAPOLEON-BRACY-JR,Napoleon Bracy Jr.,2010,12542,1047154,SB50,2018,Regular Session 2018,61675,2018-02-27,H,House Bracy Amendment Offered,House Bracy Amendment Offered,0,criminal_justice,Bracy,reviewed_identity_surname_in_amendment_title,high,post_election,https://legiscan.com/AL/amendment/SB50/id/61675,http://alisondb.legislature.state.al.us/ALISON/SearchableInstruments/2018RS/PrintFiles/192381-1.pdf,https://legiscan.com/AL/bill/SB50/2018,"Vessels, Alabama State Law Enforcement Agency, procedure for seizure and disposal of abandoned and derelict vessels, Alabama Abandoned and Derelict Vessel Fund, created, crimes and offenses, crime of refusing or failing to remove a derelict vessel from waters of this state, created","Vessels, Alabama State Law Enforcement Agency, procedure for seizure and disposal of abandoned and derelict vessels, Alabama Abandoned and Derelict Vessel Fund, created, crimes and offenses, crime of refusing or failing to remove a derelict vessel from waters of this state, created",Vessels,data\raw\alabama_legislature\amendments\2018\1468\1047154\61675.pdf,1,9baf6f9bee24e728e44fad472796894a56a932cce6014227c5ea72f9e8f703f1,extracted,data\processed\legislative\focal_amendment_text\61675.txt,258
ALPERSON-NAPOLEON-BRACY-JR,Napoleon Bracy Jr.,2010,12542,1250323,HB380,2019,Regular Session 2019,76059,2019-05-09,H,House Bracy Amendment Offered,House Bracy Amendment Offered,0,criminal_justice,Bracy,reviewed_identity_surname_in_amendment_title,high,post_election,https://legiscan.com/AL/amendment/HB380/id/76059,http://alisondb.legislature.state.al.us/ALISON/SearchableInstruments/2019RS/PrintFiles/201065-1.pdf,https://legiscan.com/AL/bill/HB380/2019,"Pardons and Paroles Board, Governor, appointment of bd. members, nominations, appointment of Director of Pardons and Paroles, responsibilities, criteria for board to determine consideration for parole, procedures for deviations, AG to reveiw, Secs. 15-22-20, 15-22-21, 15-22-26, 15-22-28, 15-22-36, 15-22-37 am'd.","Pardons and Paroles Board, Governor, appointment of bd. members, nominations, appointment of Director of Pardons and Paroles, responsibilities, criteria for board to determine consideration for parole, procedures for deviations, AG to reveiw, Secs. 15-22-20, 15-22-21, 15-22-26, 15-22-28, 15-22-36, 15-22-37 am'd.",Corrections Department,data\raw\alabama_legislature\amendments\2019\1621\1250323\76059.pdf,1,ac15751143c6965ffa0997347642bc1d102f7f135da102a36745fa766cc341eb,extracted,data\processed\legislative\focal_amendment_text\76059.txt,159
ALPERSON-NAPOLEON-BRACY-JR,Napoleon Bracy Jr.,2010,12542,1241693,HB209,2019,Regular Session 2019,76367,2019-05-15,H,House Bracy Amendment Offered,House Bracy Amendment Offered,0,unclassified,Bracy,reviewed_identity_surname_in_amendment_title,high,post_election,https://legiscan.com/AL/amendment/HB209/id/76367,http://alisondb.legislature.state.al.us/ALISON/SearchableInstruments/2019RS/PrintFiles/199587-8.pdf,https://legiscan.com/AL/bill/HB209/2019,"Education, school resource officers, qualifications further provided for, Sec. 16-1-44.1 am'd.","Education, school resource officers, qualifications further provided for, Sec. 16-1-44.1 am'd.",Education,data\raw\alabama_legislature\amendments\2019\1621\1241693\76367.pdf,1,26eb5af552fa9a9cfc03c36c904be91ff9a02f9fcf17a215ac3e4adb5dbe74a0,extracted,data\processed\legislative\focal_amendment_text\76367.txt,794
ALPERSON-NAPOLEON-BRACY-JR,Napoleon Bracy Jr.,2010,12542,1242473,SB154,2019,Regular Session 2019,77240,2019-05-29,H,House Bracy 1st Amendment Offered,House Bracy 1st Amendment Offered,0,infrastructure_energy,Bracy,reviewed_identity_surname_in_amendment_title,high,post_election,https://legiscan.com/AL/amendment/SB154/id/77240,http://alisondb.legislature.state.al.us/ALISON/SearchableInstruments/2019RS/PrintFiles/202241-1.pdf,https://legiscan.com/AL/bill/SB154/2019,"Toll roads and bridges, Toll Road, Bridge and Tunnel Authority, state and local tax exemptions further provided, Secs. 23-2-142, 23-2-153 am'd.","Toll roads and bridges, Toll Road, Bridge and Tunnel Authority, state and local tax exemptions further provided, Secs. 23-2-142, 23-2-153 am'd.",Toll Roads and Bridges,data\raw\alabama_legislature\amendments\2019\1621\1242473\77240.pdf,1,ef5c135157e8f885dbd513b98073ee66c8078785c42c0d3974199a755b52d97b,extracted,data\processed\legislative\focal_amendment_text\77240.txt,403
ALPERSON-NAPOLEON-BRACY-JR,Napoleon Bracy Jr.,2010,12542,1242473,SB154,2019,Regular Session 2019,77241,2019-05-29,H,House Bracy 2nd Amendment Offered,House Bracy 2nd Amendment Offered,0,infrastructure_energy,Bracy,reviewed_identity_surname_in_amendment_title,high,post_election,https://legiscan.com/AL/amendment/SB154/id/77241,http://alisondb.legislature.state.al.us/ALISON/SearchableInstruments/2019RS/PrintFiles/202252-1.pdf,https://legiscan.com/AL/bill/SB154/2019,"Toll roads and bridges, Toll Road, Bridge and Tunnel Authority, state and local tax exemptions further provided, Secs. 23-2-142, 23-2-153 am'd.","Toll roads and bridges, Toll Road, Bridge and Tunnel Authority, state and local tax exemptions further provided, Secs. 23-2-142, 23-2-153 am'd.",Toll Roads and Bridges,data\raw\alabama_legislature\amendments\2019\1621\1242473\77241.pdf,1,d9eef438c825c350bcec9e16f375b4706441e4df2a7b0209296cfb7d6405c1ab,extracted,data\processed\legislative\focal_amendment_text\77241.txt,488
ALPERSON-NAPOLEON-BRACY-JR,Napoleon Bracy Jr.,2010,12542,1384172,HB80,2021,Regular Session 2021,88714,2021-02-09,H,House Bracy Amendment Offered,House Bracy Amendment Offered,0,criminal_justice,Bracy,reviewed_identity_surname_in_amendment_title,high,post_election,https://legiscan.com/AL/amendment/HB80/id/88714,http://alisondb.legislature.state.al.us/ALISON/SearchableInstruments/2021RS/PrintFiles/210002-1.pdf,https://legiscan.com/AL/bill/HB80/2021,"Revenue Dept., law enforcement officers, subsistence pay, Sec. 36-21-2 am'd.","Revenue Dept., law enforcement officers, subsistence pay, Sec. 36-21-2 am'd.",Revenue Department,data\raw\alabama_legislature\amendments\2021\1756\1384172\88714.pdf,2,35bb222fae5dc5477224e7c8122ea31055ca794b795dc44f5d5affa38022cedf,extracted,data\processed\legislative\focal_amendment_text\88714.txt,675
ALPERSON-NAPOLEON-BRACY-JR,Napoleon Bracy Jr.,2010,12542,1489969,HB573,2021,Regular Session 2021,105030,2021-04-13,H,House Bracy Amendment Offered,House Bracy Amendment Offered,0,unclassified,Bracy,reviewed_identity_surname_in_amendment_title,high,post_election,https://legiscan.com/AL/amendment/HB573/id/105030,http://alisondb.legislature.state.al.us/ALISON/SearchableInstruments/2021RS/PrintFiles/213198-1.pdf,https://legiscan.com/AL/bill/HB573/2021,"State parks and histroical sites, bonding authority of the Alabama State Parks Enhancement Authority, improvement and maintenance of state parks historical sites under Ala. Historical Commission, Sec. 40-23-35 am'd.","State parks and histroical sites, bonding authority of the Alabama State Parks Enhancement Authority, improvement and maintenance of state parks historical sites under Ala. Historical Commission, Sec. 40-23-35 am'd.",State Parks,data\raw\alabama_legislature\amendments\2021\1756\1489969\105030.pdf,1,cd9204586cd19f306ca70e2943924bab6f3532cce60509fc5b063873579b66fd,extracted,data\processed\legislative\focal_amendment_text\105030.txt,616
ALPERSON-NAPOLEON-BRACY-JR,Napoleon Bracy Jr.,2010,12542,1463981,SB267,2021,Regular Session 2021,113266,2021-05-17,H,House Bracy Amendment Offered,House Bracy Amendment Offered,0,unclassified,Bracy,reviewed_identity_surname_in_amendment_title,high,post_election,https://legiscan.com/AL/amendment/SB267/id/113266,http://alisondb.legislature.state.al.us/ALISON/SearchableInstruments/2021RS/PrintFiles/214285-1.pdf,https://legiscan.com/AL/bill/SB267/2021,"Vaccine passports, prohibited, entities prohibited from requiring an individual to receive an immunization as a condition for receiving government benefits or services","Vaccine passports, prohibited, entities prohibited from requiring an individual to receive an immunization as a condition for receiving government benefits or services",Immunizations,data\raw\alabama_legislature\amendments\2021\1756\1463981\113266.pdf,1,f1f8ba7142cce32cc8cb4711757a0357e56d99722f09eb38c397a7cab8a864ae,extracted,data\processed\legislative\focal_amendment_text\113266.txt,608
ALPERSON-NAPOLEON-BRACY-JR,Napoleon Bracy Jr.,2010,12542,1426957,SB71,2021,Regular Session 2021,115898,2021-05-17,H,House Bracy Amendment Offered,House Bracy Amendment Offered,0,unclassified,Bracy,reviewed_identity_surname_in_amendment_title,high,post_election,https://legiscan.com/AL/amendment/SB71/id/115898,http://alisondb.legislature.state.al.us/ALISON/SearchableInstruments/2021RS/PrintFiles/214285-1.pdf,https://legiscan.com/AL/bill/SB71/2021,"ALEA, felony drug trafficking wiretapping, interception of wire, oral, or electronic communications, Attorney General to authorize to apply for court order for intercept and to apply for intercept orders, disclosure of recorded communications, penalties for violations, Secs. 20-2A-1 to 20-2A-15, inclusive, added; Sec. 15-5-40 am'd","ALEA, felony drug trafficking wiretapping, interception of wire, oral, or electronic communications, Attorney General to authorize to apply for court order for intercept and to apply for intercept orders, disclosure of recorded communications, penalties for violations, Secs. 20-2A-1 to 20-2A-15, inclusive, added; Sec. 15-5-40 am'd",Wiretapping,data\raw\alabama_legislature\amendments\2021\1756\1426957\115898.pdf,1,f1f8ba7142cce32cc8cb4711757a0357e56d99722f09eb38c397a7cab8a864ae,extracted,data\processed\legislative\focal_amendment_text\115898.txt,608
ALPERSON-NAPOLEON-BRACY-JR,Napoleon Bracy Jr.,2010,12542,1561746,HB153,2022,Regular Session 2022,125584,2022-02-02,H,House Bracy Amendment Offered,House Bracy Amendment Offered,0,public_education,Bracy,reviewed_identity_surname_in_amendment_title,high,post_election,https://legiscan.com/AL/amendment/HB153/id/125584,http://alisondb.legislature.state.al.us/ALISON/SearchableInstruments/2022RS/PrintFiles/217045-1.pdf,https://legiscan.com/AL/bill/HB153/2022,"University of West Alabama, board of trustees authorized to conduct certain meetings by video or telephone conference, Sec. 16-53-4 am'd.","University of West Alabama, board of trustees authorized to conduct certain meetings by video or telephone conference, Sec. 16-53-4 am'd.",University of West Alabama,data\raw\alabama_legislature\amendments\2022\1836\1561746\125584.pdf,4,431659d03ce9d06c703660c467ce67d5f672169e9ea0f3c643e88162e442e3e0,extracted,data\processed\legislative\focal_amendment_text\125584.txt,4714
ALPERSON-NATHANIEL-LEDBETTER,Nathaniel Ledbetter,2010,17595,1055340,SB149,2018,Regular Session 2018,61640,2018-03-20,H,House Ledbetter Amendment Offered,House Ledbetter Amendment Offered,0,infrastructure_energy,Ledbetter,reviewed_identity_surname_in_amendment_title,high,post_election,https://legiscan.com/AL/amendment/SB149/id/61640,http://alisondb.legislature.state.al.us/ALISON/SearchableInstruments/2018RS/PrintFiles/193336-1.pdf,https://legiscan.com/AL/bill/SB149/2018,"Broadband internet access in rural areas, Economic and Community Affairs Dept., grant program, Fund and Legislative Oversight Committees, created, Ala. Broadband Accessibility Act","Broadband internet access in rural areas, Economic and Community Affairs Dept., grant program, Fund and Legislative Oversight Committees, created, Ala. Broadband Accessibility Act",Broadband,data\raw\alabama_legislature\amendments\2018\1468\1055340\61640.pdf,2,31be49b97240e58d016987b16c8b62538b99ff9a987cef3eaef30e35ee1b0648,extracted,data\processed\legislative\focal_amendment_text\61640.txt,1378
ALPERSON-NATHANIEL-LEDBETTER,Nathaniel Ledbetter,2010,17595,1430080,HB220,2021,Regular Session 2021,92025,2021-02-25,H,House Ledbetter Amendment Offered,House Ledbetter Amendment Offered,0,unclassified,Ledbetter,reviewed_identity_surname_in_amendment_title,high,post_election,https://legiscan.com/AL/amendment/HB220/id/92025,http://alisondb.legislature.state.al.us/ALISON/SearchableInstruments/2021RS/PrintFiles/210537-1.pdf,https://legiscan.com/AL/bill/HB220/2021,"Education Dept., state property, Dept. of Edu., has authority to manange the construction and renovation of property that is part of a state educational institution, in lieu of St. Finance Dept., Secs. 16-1-2.2, 41-4-353, 41-4-400 am'd.","Education Dept., state property, Dept. of Edu., has authority to manange the construction and renovation of property that is part of a state educational institution, in lieu of St. Finance Dept., Secs. 16-1-2.2, 41-4-353, 41-4-400 am'd.",Education Department,data\raw\alabama_legislature\amendments\2021\1756\1430080\92025.pdf,6,1c4620deb74ac54d3df612f7d8a1d2a1680b14bd659dab117e3b9303c6c532dd,extracted,data\processed\legislative\focal_amendment_text\92025.txt,7410
ALPERSON-NATHANIEL-LEDBETTER,Nathaniel Ledbetter,2010,17595,1434296,SB153,2021,Regular Session 2021,112592,2021-02-25,H,House Ledbetter Amendment Offered,House Ledbetter Amendment Offered,0,criminal_justice,Ledbetter,reviewed_identity_surname_in_amendment_title,high,post_election,https://legiscan.com/AL/amendment/SB153/id/112592,http://alisondb.legislature.state.al.us/ALISON/SearchableInstruments/2021RS/PrintFiles/210537-1.pdf,https://legiscan.com/AL/bill/SB153/2021,"Expungement, to expand the expungement of criminal records to include convictions of certain misdemeanor offenses, traffic violations, municipal ordinances, and felony offenses, to increase the filing fee for expungements, Secs. 15-27-1, 15-27-2, 15-27-4, 15-27-5, 15-27-7 to 15-27-10, inclusive, 15-27-19 am'd.","Expungement, to expand the expungement of criminal records to include convictions of certain misdemeanor offenses, traffic violations, municipal ordinances, and felony offenses, to increase the filing fee for expungements, Secs. 15-27-1, 15-27-2, 15-27-4, 15-27-5, 15-27-7 to 15-27-10, inclusive, 15-27-19 am'd.",Expungement,data\raw\alabama_legislature\amendments\2021\1756\1434296\112592.pdf,6,1c4620deb74ac54d3df612f7d8a1d2a1680b14bd659dab117e3b9303c6c532dd,extracted,data\processed\legislative\focal_amendment_text\112592.txt,7410
ALPERSON-NATHANIEL-LEDBETTER,Nathaniel Ledbetter,2010,17595,1436152,HB305,2021,Regular Session 2021,114109,2021-02-25,H,House Ledbetter Amendment Offered,House Ledbetter Amendment Offered,0,unclassified,Ledbetter,reviewed_identity_surname_in_amendment_title,high,post_election,https://legiscan.com/AL/amendment/HB305/id/114109,http://alisondb.legislature.state.al.us/ALISON/SearchableInstruments/2021RS/PrintFiles/210537-1.pdf,https://legiscan.com/AL/bill/HB305/2021,"Drug paraphernalia, penalties for delivering or selling drug paraphernalia under certain circumstances, Sec. 13A-12-260 am'd.","Drug paraphernalia, penalties for delivering or selling drug paraphernalia under certain circumstances, Sec. 13A-12-260 am'd.",Drugs,data\raw\alabama_legislature\amendments\2021\1756\1436152\114109.pdf,6,1c4620deb74ac54d3df612f7d8a1d2a1680b14bd659dab117e3b9303c6c532dd,extracted,data\processed\legislative\focal_amendment_text\114109.txt,7410
ALPERSON-NATHANIEL-LEDBETTER,Nathaniel Ledbetter,2010,17595,1430312,HB224,2021,Regular Session 2021,100587,2021-03-30,H,House Ledbetter first Substitute Offered,House Ledbetter first Substitute Offered,0,healthcare_medicaid,Ledbetter,reviewed_identity_surname_in_amendment_title,high,post_election,https://legiscan.com/AL/amendment/HB224/id/100587,http://alisondb.legislature.state.al.us/ALISON/SearchableInstruments/2021RS/PrintFiles/210100-3.pdf,https://legiscan.com/AL/bill/HB224/2021,"Health, minors end-of-life care, doctors required to obtain consent of parent or legal guardian of minor prior to entering ""do not attempt resuscitation order"" order, Sec. 22-8A-18 added.","Health, minors end-of-life care, doctors required to obtain consent of parent or legal guardian of minor prior to entering ""do not attempt resuscitation order"" order, Sec. 22-8A-18 added.",Health Care; Health,data\raw\alabama_legislature\amendments\2021\1756\1430312\100587.pdf,7,adb0a4482837dc549fb528b72eaa7e0efa03266f912c4461729d332b8914e51d,extracted,data\processed\legislative\focal_amendment_text\100587.txt,8621
ALPERSON-NATHANIEL-LEDBETTER,Nathaniel Ledbetter,2010,17595,1446074,SJR23,2021,Regular Session 2021,116599,2021-03-30,H,House Ledbetter first Substitute Offered,House Ledbetter first Substitute Offered,0,unclassified,Ledbetter,reviewed_identity_surname_in_amendment_title,high,post_election,https://legiscan.com/AL/amendment/SJR23/id/116599,http://alisondb.legislature.state.al.us/ALISON/SearchableInstruments/2021RS/PrintFiles/210100-3.pdf,https://legiscan.com/AL/bill/SJR23/2021,"National Prostate Cancer Awareness Month, September, recognized","National Prostate Cancer Awareness Month, September, recognized","Resolutions, Congratulatory",data\raw\alabama_legislature\amendments\2021\1756\1446074\116599.pdf,7,adb0a4482837dc549fb528b72eaa7e0efa03266f912c4461729d332b8914e51d,extracted,data\processed\legislative\focal_amendment_text\116599.txt,8621
ALPERSON-NATHANIEL-LEDBETTER,Nathaniel Ledbetter,2010,17595,1447527,SB227,2021,Regular Session 2021,109504,2021-04-29,H,House Ledbetter Amendment Offered,House Ledbetter Amendment Offered,0,unclassified,Ledbetter,reviewed_identity_surname_in_amendment_title,high,post_election,https://legiscan.com/AL/amendment/SB227/id/109504,http://alisondb.legislature.state.al.us/ALISON/SearchableInstruments/2021RS/PrintFiles/213853-1.pdf,https://legiscan.com/AL/bill/SB227/2021,"Pharmacy benefits managers, practices relating to patient steering, price discrimination, fiduciary duty to client, price disclosure, etc. regulated, Dept of Insurance, duties and authorities revised, Act 2019-457, 2019 Reg. Sess., sections amended and renumbered; Secs. 27-45A-8 to 27-45A-12, inclusive, added; Secs. 10A-20-6.16, 27-21A-23, 27-45A-3, 27-45A-4, 27-45A-5, 27-45A-6, 27-45A-7 am'd.","Pharmacy benefits managers, practices relating to patient steering, price discrimination, fiduciary duty to client, price disclosure, etc. regulated, Dept of Insurance, duties and authorities revised, Act 2019-457, 2019 Reg. Sess., sections amended and renumbered; Secs. 27-45A-8 to 27-45A-12, inclusive, added; Secs. 10A-20-6.16, 27-21A-23, 27-45A-3, 27-45A-4, 27-45A-5, 27-45A-6, 27-45A-7 am'd.",Pharmacies and Pharmacists,data\raw\alabama_legislature\amendments\2021\1756\1447527\109504.pdf,2,cae26a5772d8138ed5fda30f5188f5fb385a07dcfe6c53a405583f661682ec64,extracted,data\processed\legislative\focal_amendment_text\109504.txt,1075
ALPERSON-VIVIAN-DAVIS-FIGURES,Vivian Davis Figures,2010,3490,960838,SB190,2017,Regular Session 2017,52712,2017-04-06,S,Senate Figures Amendment Offered,Senate Figures Amendment Offered,0,unclassified,Figures,reviewed_identity_surname_in_amendment_title,high,post_election,https://legiscan.com/AL/amendment/SB190/id/52712,http://alisondb.legislature.state.al.us/ALISON/SearchableInstruments/2017RS/PrintFiles/183749-1.pdf,https://legiscan.com/AL/bill/SB190/2017,"Elections, notification of absentee voter of defective and uncounted ballot, Sec. 17-11-10 am'd.","Elections, notification of absentee voter of defective and uncounted ballot, Sec. 17-11-10 am'd.",Absentee Ballots,data\raw\alabama_legislature\amendments\2017\1254\960838\52712.pdf,1,662b472c4e5ed632f1637280cc6425b9a0134352ce25418ce3c49808e2f922ef,extracted,data\processed\legislative\focal_amendment_text\52712.txt,842
ALPERSON-VIVIAN-DAVIS-FIGURES,Vivian Davis Figures,2010,3490,992445,SB301,2017,Regular Session 2017,49103,2017-04-13,S,Senate Figures Amendment Offered,Senate Figures Amendment Offered,0,unclassified,Figures,reviewed_identity_surname_in_amendment_title,high,post_election,https://legiscan.com/AL/amendment/SB301/id/49103,http://alisondb.legislature.state.al.us/ALISON/SearchableInstruments/2017RS/PrintFiles/184854-2.pdf,https://legiscan.com/AL/bill/SB301/2017,"Sex offenders, notification, registration, requirements to establish residence, crimes of sexting, sexual extortion, assault with bodily fluids, directing a child to engage in sex act, and distribution of a private image created, Secs. 13A-6-122, 15-20A-4, 15-20A-5, 15-20A-7, 15-20A-8, 15-20A-10 to 15-20A-16, inclusive, 15-20A-18, 15-20A-21, 15-20A-23 to 15-20A-28, inclusive, 15-20A-31, 15-20A-32, 15-20A-34, 15-20A-37, 15-20A-42, 15-20A-43 am'd.","Sex offenders, notification, registration, requirements to establish residence, crimes of sexting, sexual extortion, assault with bodily fluids, directing a child to engage in sex act, and distribution of a private image created, Secs. 13A-6-122, 15-20A-4, 15-20A-5, 15-20A-7, 15-20A-8, 15-20A-10 to 15-20A-16, inclusive, 15-20A-18, 15-20A-21, 15-20A-23 to 15-20A-28, inclusive, 15-20A-31, 15-20A-32, 15-20A-34, 15-20A-37, 15-20A-42, 15-20A-43 am'd.",Sex Offenders,data\raw\alabama_legislature\amendments\2017\1254\992445\49103.pdf,2,7ffc6d0cdc283539da5547421e5418439db4860b38f12462a5a6e7c8b9661125,extracted,data\processed\legislative\focal_amendment_text\49103.txt,951
ALPERSON-VIVIAN-DAVIS-FIGURES,Vivian Davis Figures,2010,3490,890472,HB24,2017,Regular Session 2017,49016,2017-04-18,S,Senate Figures Amendment Offered,Senate Figures Amendment Offered,0,unclassified,Figures,reviewed_identity_surname_in_amendment_title,high,post_election,https://legiscan.com/AL/amendment/HB24/id/49016,http://alisondb.legislature.state.al.us/ALISON/SearchableInstruments/2017RS/PrintFiles/185505-1.pdf,https://legiscan.com/AL/bill/HB24/2017,"Child Placing Agency Inclusion Act, state prohibited from discriminating against child care service providers based on religious beliefs, civil remedies","Child Placing Agency Inclusion Act, state prohibited from discriminating against child care service providers based on religious beliefs, civil remedies",Child Care Service Providers,data\raw\alabama_legislature\amendments\2017\1254\890472\49016.pdf,1,95b0fcc07f123d65778cf335f9bb5d50c7be6e70ed192b15ba18540e7b157b76,extracted,data\processed\legislative\focal_amendment_text\49016.txt,577
ALPERSON-VIVIAN-DAVIS-FIGURES,Vivian Davis Figures,2010,3490,947271,HB98,2017,Regular Session 2017,49275,2017-04-20,S,Senate Figures Amendment Offered,Senate Figures Amendment Offered,0,abortion,Figures,reviewed_identity_surname_in_amendment_title,high,post_election,https://legiscan.com/AL/amendment/HB98/id/49275,http://alisondb.legislature.state.al.us/ALISON/SearchableInstruments/2017RS/PrintFiles/185644-1.pdf,https://legiscan.com/AL/bill/HB98/2017,"Children, Alabama's commitment to the right to life of unborn children, affirmed, const amend.","Children, Alabama's commitment to the right to life of unborn children, affirmed, const amend.",Constitutional Amendments,data\raw\alabama_legislature\amendments\2017\1254\947271\49275.pdf,1,64ee478e5ec1caa5cb2a79712489eea2a8f4c61fa52faec3da419c218bc4f81a,extracted,data\processed\legislative\focal_amendment_text\49275.txt,555
ALPERSON-VIVIAN-DAVIS-FIGURES,Vivian Davis Figures,2010,3490,948507,HB136,2017,Regular Session 2017,52583,2017-05-03,S,Senate Figures Amendment Offered,Senate Figures Amendment Offered,0,unclassified,Figures,reviewed_identity_surname_in_amendment_title,high,post_election,https://legiscan.com/AL/amendment/HB136/id/52583,http://alisondb.legislature.state.al.us/ALISON/SearchableInstruments/2017RS/PrintFiles/186341-1.pdf,https://legiscan.com/AL/bill/HB136/2017,"Municipality, council-manager form of gov., council-manager act of 1982, composition of council, alternate forms, Sec. 11-43A-8 am'd.","Municipality, council-manager form of gov., council-manager act of 1982, composition of council, alternate forms, Sec. 11-43A-8 am'd.",Municipalities,data\raw\alabama_legislature\amendments\2017\1254\948507\52583.pdf,1,c39bb4e740809b6579d94933b10a1d72ed4970a992b5596f06896448c9672e0f,extracted,data\processed\legislative\focal_amendment_text\52583.txt,315
ALPERSON-VIVIAN-DAVIS-FIGURES,Vivian Davis Figures,2010,3490,1006620,HB528,2017,Regular Session 2017,50937,2017-05-17,S,Senate Figures first Substitute Offered,Senate Figures first Substitute Offered,0,unclassified,Figures,reviewed_identity_surname_in_amendment_title,high,post_election,https://legiscan.com/AL/amendment/HB528/id/50937,http://alisondb.legislature.state.al.us/ALISON/SearchableInstruments/2017RS/PrintFiles/186941-3.pdf,https://legiscan.com/AL/bill/HB528/2017,"Mobile Co., co. commission authorize to exempt intermittent food service establishment from regulation by co. health dept. in association with regional celebration or tradition","Mobile Co., co. commission authorize to exempt intermittent food service establishment from regulation by co. health dept. in association with regional celebration or tradition",Mobile County,data\raw\alabama_legislature\amendments\2017\1254\1006620\50937.pdf,4,bef16fe90fe4d46bcb21b12a81a967900cdb7b93e60bcf26ea69be1b5dd77d4b,extracted,data\processed\legislative\focal_amendment_text\50937.txt,3848
ALPERSON-VIVIAN-DAVIS-FIGURES,Vivian Davis Figures,2010,3490,1057824,HB175,2018,Regular Session 2018,61687,2018-03-15,S,Senate Figures Amendment Offered,Senate Figures Amendment Offered,0,public_education,Figures,reviewed_identity_surname_in_amendment_title,high,post_election,https://legiscan.com/AL/amendment/HB175/id/61687,http://alisondb.legislature.state.al.us/ALISON/SearchableInstruments/2018RS/PrintFiles/193436-2.pdf,https://legiscan.com/AL/bill/HB175/2018,"Education budget, appropriations for the support, maintenance, and development of public education","Education budget, appropriations for the support, maintenance, and development of public education",Education Trust Fund,data\raw\alabama_legislature\amendments\2018\1468\1057824\61687.pdf,1,4c72f358eabb3cfd767d79800b0ad02235d9e376807ba40a5a93f3172b150341,extracted,data\processed\legislative\focal_amendment_text\61687.txt,211
ALPERSON-VIVIAN-DAVIS-FIGURES,Vivian Davis Figures,2010,3490,1250607,SB258,2019,Regular Session 2019,74118,2019-04-18,S,Senate Figures Amendment Offered,Senate Figures Amendment Offered,0,unclassified,Figures,reviewed_identity_surname_in_amendment_title,high,post_election,https://legiscan.com/AL/amendment/SB258/id/74118,http://alisondb.legislature.state.al.us/ALISON/SearchableInstruments/2019RS/PrintFiles/199585-1.pdf,https://legiscan.com/AL/bill/SB258/2019,"Schools, public, pledge of allegiance to U.S. flag, required to be conducted at the beginning of each school day, Sec. 16-43-5 am'd.","Schools, public, pledge of allegiance to U.S. flag, required to be conducted at the beginning of each school day, Sec. 16-43-5 am'd.",Education,data\raw\alabama_legislature\amendments\2019\1621\1250607\74118.pdf,1,f6e1d4c94a8f0733231d0b5f204523c17dd409771d4871b70fcaafdfa7f6930c,extracted,data\processed\legislative\focal_amendment_text\74118.txt,284
ALPERSON-VIVIAN-DAVIS-FIGURES,Vivian Davis Figures,2010,3490,1241746,HB163,2019,Regular Session 2019,75214,2019-04-30,S,Senate Figures Amendment Offered,Senate Figures Amendment Offered,0,taxes_budget,Figures,reviewed_identity_surname_in_amendment_title,high,post_election,https://legiscan.com/AL/amendment/HB163/id/75214,http://alisondb.legislature.state.al.us/ALISON/SearchableInstruments/2019RS/PrintFiles/199893-1.pdf,https://legiscan.com/AL/bill/HB163/2019,"Motor fuel taxes, Revenue Commissioner authorized to temporarily waive licensing requirements for fuel importers, exporters, and transporters during a state of emergency, Sec. 40-2-11 am'd.","Motor fuel taxes, Revenue Commissioner authorized to temporarily waive licensing requirements for fuel importers, exporters, and transporters during a state of emergency, Sec. 40-2-11 am'd.",Motor Fuel,data\raw\alabama_legislature\amendments\2019\1621\1241746\75214.pdf,1,dd9e60aa0a4619adc0a021cbeb5c479cb993651270d5720092b929c40d716da7,extracted,data\processed\legislative\focal_amendment_text\75214.txt,645
ALPERSON-VIVIAN-DAVIS-FIGURES,Vivian Davis Figures,2010,3490,1248642,HB339,2019,Regular Session 2019,75861,2019-05-07,S,Senate Figures Amendment Offered,Senate Figures Amendment Offered,0,unclassified,Figures,reviewed_identity_surname_in_amendment_title,high,post_election,https://legiscan.com/AL/amendment/HB339/id/75861,http://alisondb.legislature.state.al.us/ALISON/SearchableInstruments/2019RS/PrintFiles/200676-1.pdf,https://legiscan.com/AL/bill/HB339/2019,"Schools, public, pledge of allegiance to U.S. flag, required to be conducted at the beginning of each school day, Sec. 16-43-5 am'd.","Schools, public, pledge of allegiance to U.S. flag, required to be conducted at the beginning of each school day, Sec. 16-43-5 am'd.",Education,data\raw\alabama_legislature\amendments\2019\1621\1248642\75861.pdf,1,d10d7df05747b17fccf1552775a4fbd13d6521a87af44f58350efd1b602a1844,extracted,data\processed\legislative\focal_amendment_text\75861.txt,284
ALPERSON-VIVIAN-DAVIS-FIGURES,Vivian Davis Figures,2010,3490,1248096,HB314,2019,Regular Session 2019,76193,2019-05-14,S,Senate Figures Amendment Offered,Senate Figures Amendment Offered,0,abortion,Figures,reviewed_identity_surname_in_amendment_title,high,post_election,https://legiscan.com/AL/amendment/HB314/id/76193,http://alisondb.legislature.state.al.us/ALISON/SearchableInstruments/2019RS/PrintFiles/201012-1.pdf,https://legiscan.com/AL/bill/HB314/2019,"Abortion, prohibited under certain conditions, Class A felony; attempted abortion a Class C felony, exceptions","Abortion, prohibited under certain conditions, Class A felony; attempted abortion a Class C felony, exceptions",Abortion,data\raw\alabama_legislature\amendments\2019\1621\1248096\76193.pdf,1,2e467dabe0bf9da343e0b8013f8578805475d48a5077eb0a706359c38edd82cf,extracted,data\processed\legislative\focal_amendment_text\76193.txt,425
ALPERSON-VIVIAN-DAVIS-FIGURES,Vivian Davis Figures,2010,3490,1248096,HB314,2019,Regular Session 2019,76194,2019-05-14,S,Senate Figures Amendment Offered,Senate Figures Amendment Offered,0,abortion,Figures,reviewed_identity_surname_in_amendment_title,high,post_election,https://legiscan.com/AL/amendment/HB314/id/76194,http://alisondb.legislature.state.al.us/ALISON/SearchableInstruments/2019RS/PrintFiles/201031-1.pdf,https://legiscan.com/AL/bill/HB314/2019,"Abortion, prohibited under certain conditions, Class A felony; attempted abortion a Class C felony, exceptions","Abortion, prohibited under certain conditions, Class A felony; attempted abortion a Class C felony, exceptions",Abortion,data\raw\alabama_legislature\amendments\2019\1621\1248096\76194.pdf,1,960077a9b64a23f11287db9b719751f1c9f8919e510b927e509b0b030f362666,extracted,data\processed\legislative\focal_amendment_text\76194.txt,321
ALPERSON-VIVIAN-DAVIS-FIGURES,Vivian Davis Figures,2010,3490,1248096,HB314,2019,Regular Session 2019,76195,2019-05-14,S,Senate Figures Amendment Offered,Senate Figures Amendment Offered,0,abortion,Figures,reviewed_identity_surname_in_amendment_title,high,post_election,https://legiscan.com/AL/amendment/HB314/id/76195,http://alisondb.legislature.state.al.us/ALISON/SearchableInstruments/2019RS/PrintFiles/201010-1.pdf,https://legiscan.com/AL/bill/HB314/2019,"Abortion, prohibited under certain conditions, Class A felony; attempted abortion a Class C felony, exceptions","Abortion, prohibited under certain conditions, Class A felony; attempted abortion a Class C felony, exceptions",Abortion,data\raw\alabama_legislature\amendments\2019\1621\1248096\76195.pdf,1,0d89648de642d5474f33e2b80ebb76389d143d451b3d004aa0c88a37c681e765,extracted,data\processed\legislative\focal_amendment_text\76195.txt,344
ALPERSON-VIVIAN-DAVIS-FIGURES,Vivian Davis Figures,2010,3490,1253278,SB320,2019,Regular Session 2019,76451,2019-05-16,S,Senate Figures Amendment Offered,Senate Figures Amendment Offered,0,unclassified,Figures,reviewed_identity_surname_in_amendment_title,high,post_election,https://legiscan.com/AL/amendment/SB320/id/76451,http://alisondb.legislature.state.al.us/ALISON/SearchableInstruments/2019RS/PrintFiles/201072-1.pdf,https://legiscan.com/AL/bill/SB320/2019,"Sexual offenses, certain sexual offenses redefined, sex offender registration, community notification act, add foster parent engaging in sex act, technical revisions, Secs. 13A-5-6, 13A-6-60 to 13A-6-65, inclusive, 13A-6-65.1, 13A-6-66, 13A-6-67, 13A-6-68, 13A-6-70, 13A-6-71, 13A-6-81,13A-6-82, 13A-6-122, 13A-6-241, 13A-6-243, 13A-11-9, 13A-11-32.1, 13A-12-120, 13A-12-121, 13A-12-190, 13A-12-192, 15-3-5, 15-20A-5, 15-20A-44, 15-23-101, 15-23-102 am'd.","Sexual offenses, certain sexual offenses redefined, sex offender registration, community notification act, add foster parent engaging in sex act, technical revisions, Secs. 13A-5-6, 13A-6-60 to 13A-6-65, inclusive, 13A-6-65.1, 13A-6-66, 13A-6-67, 13A-6-68, 13A-6-70, 13A-6-71, 13A-6-81,13A-6-82, 13A-6-122, 13A-6-241, 13A-6-243, 13A-11-9, 13A-11-32.1, 13A-12-120, 13A-12-121, 13A-12-190, 13A-12-192, 15-3-5, 15-20A-5, 15-20A-44, 15-23-101, 15-23-102 am'd.",Sexual Offenses,data\raw\alabama_legislature\amendments\2019\1621\1253278\76451.pdf,1,2e2f3426ca76fa290e9280f1c8a246e1bc0fedddf41b1d72f8fe464604c882ae,extracted,data\processed\legislative\focal_amendment_text\76451.txt,496
ALPERSON-VIVIAN-DAVIS-FIGURES,Vivian Davis Figures,2010,3490,1329348,HB147,2020,Regular Session 2020,80628,2020-02-27,S,Senate Figures Amendment Offered,Senate Figures Amendment Offered,0,taxes_budget,Figures,reviewed_identity_surname_in_amendment_title,high,post_election,https://legiscan.com/AL/amendment/HB147/id/80628,http://alisondb.legislature.state.al.us/ALISON/SearchableInstruments/2020RS/PrintFiles/205141-1.pdf,https://legiscan.com/AL/bill/HB147/2020,"Municipal occupational taxes, prohibited if not already in effect unless authorized by local law","Municipal occupational taxes, prohibited if not already in effect unless authorized by local law",Occupational Tax,data\raw\alabama_legislature\amendments\2020\1706\1329348\80628.pdf,1,26c50a0a83dfcffe7d125cfa078c9c92371fd14fe6da44471199d3d793dfa03f,extracted,data\processed\legislative\focal_amendment_text\80628.txt,304
ALPERSON-VIVIAN-DAVIS-FIGURES,Vivian Davis Figures,2010,3490,1335956,SB165,2020,Regular Session 2020,81740,2020-03-12,S,Senate Figures Amendment Offered,Senate Figures Amendment Offered,0,unclassified,Figures,reviewed_identity_surname_in_amendment_title,high,post_election,https://legiscan.com/AL/amendment/SB165/id/81740,http://alisondb.legislature.state.al.us/ALISON/SearchableInstruments/2020RS/PrintFiles/206711-1.pdf,https://legiscan.com/AL/bill/SB165/2020,"Medical Cannabis, program established to allow use of for certain conditions, defense against prosecution for marijuana possession established, Secs. 20-2A-1 to 20-2A-11, incl., 20-2A-20 to 20-2A-23, incl., 20-2A-30 to 20-2A-36, incl., 20-2A-50 to 20-2A-68, incl., added; Sec. 13A-7-2 am'd.","Medical Cannabis, program established to allow use of for certain conditions, defense against prosecution for marijuana possession established, Secs. 20-2A-1 to 20-2A-11, incl., 20-2A-20 to 20-2A-23, incl., 20-2A-30 to 20-2A-36, incl., 20-2A-50 to 20-2A-68, incl., added; Sec. 13A-7-2 am'd.",Marijuana,data\raw\alabama_legislature\amendments\2020\1706\1335956\81740.pdf,1,d4c20c465732d09ac10cca7242854c7e5b84825bd448a6c411c4fd9b966359a4,extracted,data\processed\legislative\focal_amendment_text\81740.txt,279
ALPERSON-VIVIAN-DAVIS-FIGURES,Vivian Davis Figures,2010,3490,1424921,SB55,2021,Regular Session 2021,89284,2021-02-11,S,Senate Figures Amendment Offered,Senate Figures Amendment Offered,0,unclassified,Figures,reviewed_identity_surname_in_amendment_title,high,post_election,https://legiscan.com/AL/amendment/SB55/id/89284,http://alisondb.legislature.state.al.us/ALISON/SearchableInstruments/2021RS/PrintFiles/210341-1.pdf,https://legiscan.com/AL/bill/SB55/2021,"Fireworks, State Fire Marshal, fees for manufacturing, sale, display, increased, common fireworks, redesignated consumer fireworks, authorized to be sold at retail, mun ordinances or laws authorized, fees increased based on increases in Consumer Price Index (CPI), transfer of funds to Firefighter Annuity and Benefit Fund, Sec. 36-19-31 added; Secs. 8-17-210, 8-17-211, 8-17-216.1, 8-17-217, 8-17-218, 8-17-219, 8-17-220, 8-17-225, 8-17-226, 8-17-237, 8-17-255, 34-33-11, 34-33A-12, 36-19-29 am'd.","Fireworks, State Fire Marshal, fees for manufacturing, sale, display, increased, common fireworks, redesignated consumer fireworks, authorized to be sold at retail, mun ordinances or laws authorized, fees increased based on increases in Consumer Price Index (CPI), transfer of funds to Firefighter Annuity and Benefit Fund, Sec. 36-19-31 added; Secs. 8-17-210, 8-17-211, 8-17-216.1, 8-17-217, 8-17-218, 8-17-219, 8-17-220, 8-17-225, 8-17-226, 8-17-237, 8-17-255, 34-33-11, 34-33A-12, 36-19-29 am'd.",Fireworks,data\raw\alabama_legislature\amendments\2021\1756\1424921\89284.pdf,1,17663bc4d6b34e71808d4295c76315f22f75c937b9cebbb71e19ecb1f3fa29de,extracted,data\processed\legislative\focal_amendment_text\89284.txt,357
ALPERSON-VIVIAN-DAVIS-FIGURES,Vivian Davis Figures,2010,3490,1434344,SB170,2021,Regular Session 2021,92067,2021-02-25,S,Senate Figures Amendment Offered,Senate Figures Amendment Offered,0,public_education,Figures,reviewed_identity_surname_in_amendment_title,high,post_election,https://legiscan.com/AL/amendment/SB170/id/92067,http://alisondb.legislature.state.al.us/ALISON/SearchableInstruments/2021RS/PrintFiles/210842-1.pdf,https://legiscan.com/AL/bill/SB170/2021,"Building Exceptional School Board Team Act (BEST), provides further for boardsmanship standards, training, and discipline of local bd. of education members, Sec. 16-1-41.1 repealed; Secs. 16-8-1, 16-11-2 am'd.","Building Exceptional School Board Team Act (BEST), provides further for boardsmanship standards, training, and discipline of local bd. of education members, Sec. 16-1-41.1 repealed; Secs. 16-8-1, 16-11-2 am'd.",Education,data\raw\alabama_legislature\amendments\2021\1756\1434344\92067.pdf,1,bda4c5ad62ef16583753056e61c22533ead7ee36bba0b5fa866eff175580cae5,extracted,data\processed\legislative\focal_amendment_text\92067.txt,207
ALPERSON-VIVIAN-DAVIS-FIGURES,Vivian Davis Figures,2010,3490,1434344,SB170,2021,Regular Session 2021,92068,2021-02-25,S,Senate Figures Amendment Offered,Senate Figures Amendment Offered,0,public_education,Figures,reviewed_identity_surname_in_amendment_title,high,post_election,https://legiscan.com/AL/amendment/SB170/id/92068,http://alisondb.legislature.state.al.us/ALISON/SearchableInstruments/2021RS/PrintFiles/210843-1.pdf,https://legiscan.com/AL/bill/SB170/2021,"Building Exceptional School Board Team Act (BEST), provides further for boardsmanship standards, training, and discipline of local bd. of education members, Sec. 16-1-41.1 repealed; Secs. 16-8-1, 16-11-2 am'd.","Building Exceptional School Board Team Act (BEST), provides further for boardsmanship standards, training, and discipline of local bd. of education members, Sec. 16-1-41.1 repealed; Secs. 16-8-1, 16-11-2 am'd.",Education,data\raw\alabama_legislature\amendments\2021\1756\1434344\92068.pdf,1,35a414db1c716e1b08322367fba68690462fdf3d4b10f63f99e526c4018fe0c9,extracted,data\processed\legislative\focal_amendment_text\92068.txt,742
ALPERSON-VIVIAN-DAVIS-FIGURES,Vivian Davis Figures,2010,3490,1490631,HJR166,2021,Regular Session 2021,107097,2021-02-25,S,Senate Figures Amendment Offered,Senate Figures Amendment Offered,0,unclassified,Figures,reviewed_identity_surname_in_amendment_title,high,post_election,https://legiscan.com/AL/amendment/HJR166/id/107097,http://alisondb.legislature.state.al.us/ALISON/SearchableInstruments/2021RS/PrintFiles/210842-1.pdf,https://legiscan.com/AL/bill/HJR166/2021,"COVID-19 Vaccine Bill of Rights, memorialized","COVID-19 Vaccine Bill of Rights, memorialized","Resolutions, Legislative",data\raw\alabama_legislature\amendments\2021\1756\1490631\107097.pdf,1,bda4c5ad62ef16583753056e61c22533ead7ee36bba0b5fa866eff175580cae5,extracted,data\processed\legislative\focal_amendment_text\107097.txt,207
ALPERSON-VIVIAN-DAVIS-FIGURES,Vivian Davis Figures,2010,3490,1490631,HJR166,2021,Regular Session 2021,107098,2021-02-25,S,Senate Figures Amendment Offered,Senate Figures Amendment Offered,0,unclassified,Figures,reviewed_identity_surname_in_amendment_title,high,post_election,https://legiscan.com/AL/amendment/HJR166/id/107098,http://alisondb.legislature.state.al.us/ALISON/SearchableInstruments/2021RS/PrintFiles/210843-1.pdf,https://legiscan.com/AL/bill/HJR166/2021,"COVID-19 Vaccine Bill of Rights, memorialized","COVID-19 Vaccine Bill of Rights, memorialized","Resolutions, Legislative",data\raw\alabama_legislature\amendments\2021\1756\1490631\107098.pdf,1,35a414db1c716e1b08322367fba68690462fdf3d4b10f63f99e526c4018fe0c9,extracted,data\processed\legislative\focal_amendment_text\107098.txt,742
ALPERSON-VIVIAN-DAVIS-FIGURES,Vivian Davis Figures,2010,3490,1443674,SB214,2021,Regular Session 2021,94875,2021-03-09,S,Senate Figures Amendment Offered,Senate Figures Amendment Offered,0,gambling,Figures,reviewed_identity_surname_in_amendment_title,high,post_election,https://legiscan.com/AL/amendment/SB214/id/94875,http://alisondb.legislature.state.al.us/ALISON/SearchableInstruments/2021RS/PrintFiles/211536-1.pdf,https://legiscan.com/AL/bill/SB214/2021,"Gaming, Alabama Education Lottery established, Alabama Education Lottery Corporation and Alabama Gaming Commission estab. to license and regulate gaming, negotiation of compact with Poarch Creek Indians Authority, const. amend.","Gaming, Alabama Education Lottery established, Alabama Education Lottery Corporation and Alabama Gaming Commission estab. to license and regulate gaming, negotiation of compact with Poarch Creek Indians Authority, const. amend.",Constitutional Amendments,data\raw\alabama_legislature\amendments\2021\1756\1443674\94875.pdf,1,36939dde45102da6878961fa0feb600472bca6ca52a0e7246ea3dc26e64043be,extracted,data\processed\legislative\focal_amendment_text\94875.txt,600
ALPERSON-VIVIAN-DAVIS-FIGURES,Vivian Davis Figures,2010,3490,1443674,SB214,2021,Regular Session 2021,94876,2021-03-09,S,Senate Figures Amendment Offered,Senate Figures Amendment Offered,0,gambling,Figures,reviewed_identity_surname_in_amendment_title,high,post_election,https://legiscan.com/AL/amendment/SB214/id/94876,http://alisondb.legislature.state.al.us/ALISON/SearchableInstruments/2021RS/PrintFiles/211531-1.pdf,https://legiscan.com/AL/bill/SB214/2021,"Gaming, Alabama Education Lottery established, Alabama Education Lottery Corporation and Alabama Gaming Commission estab. to license and regulate gaming, negotiation of compact with Poarch Creek Indians Authority, const. amend.","Gaming, Alabama Education Lottery established, Alabama Education Lottery Corporation and Alabama Gaming Commission estab. to license and regulate gaming, negotiation of compact with Poarch Creek Indians Authority, const. amend.",Constitutional Amendments,data\raw\alabama_legislature\amendments\2021\1756\1443674\94876.pdf,1,5ee3ac856b5c4e44b125a1fbc0bf78f7e765f3924dbf039f2c85b795cd71d579,extracted,data\processed\legislative\focal_amendment_text\94876.txt,527
ALPERSON-VIVIAN-DAVIS-FIGURES,Vivian Davis Figures,2010,3490,1422725,HB131,2021,Regular Session 2021,102541,2021-04-06,S,Senate Figures Amendment Offered,Senate Figures Amendment Offered,0,criminal_justice,Figures,reviewed_identity_surname_in_amendment_title,high,post_election,https://legiscan.com/AL/amendment/HB131/id/102541,http://alisondb.legislature.state.al.us/ALISON/SearchableInstruments/2021RS/PrintFiles/212600-2.pdf,https://legiscan.com/AL/bill/HB131/2021,"Bail, criminal cases, creates Aniah's law, Legislature may designate offenses not eligible for bail, const. amend","Bail, criminal cases, creates Aniah's law, Legislature may designate offenses not eligible for bail, const. amend",Constitutional Amendments,data\raw\alabama_legislature\amendments\2021\1756\1422725\102541.pdf,3,d27b18e78a1e2f1f64e22d00a27cd99803b86432cbeb3f74118f2a4322e6b5b8,extracted,data\processed\legislative\focal_amendment_text\102541.txt,2744
ALPERSON-VIVIAN-DAVIS-FIGURES,Vivian Davis Figures,2010,3490,1422882,HB130,2021,Regular Session 2021,102568,2021-04-06,S,Senate Figures Amendment Offered,Senate Figures Amendment Offered,0,unclassified,Figures,reviewed_identity_surname_in_amendment_title,high,post_election,https://legiscan.com/AL/amendment/HB130/id/102568,http://alisondb.legislature.state.al.us/ALISON/SearchableInstruments/2021RS/PrintFiles/212609-1.pdf,https://legiscan.com/AL/bill/HB130/2021,"Bail, to provide for an additional offense under which an individual can be denied bail, pretrial detention hearing under certain circumstances provided, Secs. 15-13-2, 15-13-3, 15-13-7, 15-13-104, 15-13-105, 15-13-106 am'd.","Bail, to provide for an additional offense under which an individual can be denied bail, pretrial detention hearing under certain circumstances provided, Secs. 15-13-2, 15-13-3, 15-13-7, 15-13-104, 15-13-105, 15-13-106 am'd.",Bail,data\raw\alabama_legislature\amendments\2021\1756\1422882\102568.pdf,1,89e40a00b4873e0c36a2a6ff8782407168d7d313e0d112e79da75eec9352c027,extracted,data\processed\legislative\focal_amendment_text\102568.txt,226
ALPERSON-VIVIAN-DAVIS-FIGURES,Vivian Davis Figures,2010,3490,1489792,SB361,2021,Regular Session 2021,110272,2021-04-06,S,Senate Figures Amendment Offered,Senate Figures Amendment Offered,0,criminal_justice,Figures,reviewed_identity_surname_in_amendment_title,high,post_election,https://legiscan.com/AL/amendment/SB361/id/110272,http://alisondb.legislature.state.al.us/ALISON/SearchableInstruments/2021RS/PrintFiles/212600-2.pdf,https://legiscan.com/AL/bill/SB361/2021,"Pardons and Paroles Board, law enforcement officers, authorized to expend funds for recruitment and training, Sec. 15-22-24 am'd.","Pardons and Paroles Board, law enforcement officers, authorized to expend funds for recruitment and training, Sec. 15-22-24 am'd.",Pardons and Paroles; Pardons and Paroles Board,data\raw\alabama_legislature\amendments\2021\1756\1489792\110272.pdf,3,d27b18e78a1e2f1f64e22d00a27cd99803b86432cbeb3f74118f2a4322e6b5b8,extracted,data\processed\legislative\focal_amendment_text\110272.txt,2744
ALPERSON-VIVIAN-DAVIS-FIGURES,Vivian Davis Figures,2010,3490,1437906,HJR2,2021,Regular Session 2021,111451,2021-04-06,S,Senate Figures Amendment Offered,Senate Figures Amendment Offered,0,unclassified,Figures,reviewed_identity_surname_in_amendment_title,high,post_election,https://legiscan.com/AL/amendment/HJR2/id/111451,http://alisondb.legislature.state.al.us/ALISON/SearchableInstruments/2021RS/PrintFiles/212609-1.pdf,https://legiscan.com/AL/bill/HJR2/2021,"Governor, committee appointed to notify that Legislature is in session and ready for the transaction of business","Governor, committee appointed to notify that Legislature is in session and ready for the transaction of business","Resolutions, Legislative",data\raw\alabama_legislature\amendments\2021\1756\1437906\111451.pdf,1,89e40a00b4873e0c36a2a6ff8782407168d7d313e0d112e79da75eec9352c027,extracted,data\processed\legislative\focal_amendment_text\111451.txt,226
ALPERSON-VIVIAN-DAVIS-FIGURES,Vivian Davis Figures,2010,3490,1492312,HR178,2021,Regular Session 2021,117882,2021-04-06,S,Senate Figures Amendment Offered,Senate Figures Amendment Offered,0,unclassified,Figures,reviewed_identity_surname_in_amendment_title,high,post_election,https://legiscan.com/AL/amendment/HR178/id/117882,http://alisondb.legislature.state.al.us/ALISON/SearchableInstruments/2021RS/PrintFiles/212600-2.pdf,https://legiscan.com/AL/bill/HR178/2021,"House of Representatives, Special Order Calendar","House of Representatives, Special Order Calendar","Resolution, Legislative",data\raw\alabama_legislature\amendments\2021\1756\1492312\117882.pdf,3,d27b18e78a1e2f1f64e22d00a27cd99803b86432cbeb3f74118f2a4322e6b5b8,extracted,data\processed\legislative\focal_amendment_text\117882.txt,2744
ALPERSON-VIVIAN-DAVIS-FIGURES,Vivian Davis Figures,2010,3490,1446249,HB391,2021,Regular Session 2021,105741,2021-04-15,S,Senate Figures Amendment Offered,Senate Figures Amendment Offered,0,unclassified,Figures,reviewed_identity_surname_in_amendment_title,high,post_election,https://legiscan.com/AL/amendment/HB391/id/105741,http://alisondb.legislature.state.al.us/ALISON/SearchableInstruments/2021RS/PrintFiles/213408-1.pdf,https://legiscan.com/AL/bill/HB391/2021,"Schools, public K-12, athletic events allowing competition by one biological gender against another prohibited unless the event specifically includes both genders","Schools, public K-12, athletic events allowing competition by one biological gender against another prohibited unless the event specifically includes both genders",Schools,data\raw\alabama_legislature\amendments\2021\1756\1446249\105741.pdf,1,501dfc4b8a68c0d75b1253fd1faa28e53ff5e43d00ab80df2355c06cf7984d61,extracted,data\processed\legislative\focal_amendment_text\105741.txt,502
ALPERSON-VIVIAN-DAVIS-FIGURES,Vivian Davis Figures,2010,3490,1550617,HB105,2022,Regular Session 2022,135731,2022-03-09,S,Senate Figures Amendment Offered,Senate Figures Amendment Offered,0,criminal_justice,Figures,reviewed_identity_surname_in_amendment_title,high,post_election,https://legiscan.com/AL/amendment/HB105/id/135731,http://alisondb.legislature.state.al.us/ALISON/SearchableInstruments/2022RS/PrintFiles/218314-1.pdf,https://legiscan.com/AL/bill/HB105/2022,"Abuse, registry for individuals convicted of certain crimes against elders, require certain care providers to query the registry, criminal penalties, Sec. 38-9-8 am'd.","Abuse, registry for individuals convicted of certain crimes against elders, require certain care providers to query the registry, criminal penalties, Sec. 38-9-8 am'd.",Abuse,data\raw\alabama_legislature\amendments\2022\1836\1550617\135731.pdf,2,10b08bd5607da7d783d18c9023d8573c58fbf3611eef796212b9010c914f6a72,extracted,data\processed\legislative\focal_amendment_text\135731.txt,696
ALPERSON-VIVIAN-DAVIS-FIGURES,Vivian Davis Figures,2010,3490,1587346,SB204,2022,Regular Session 2022,136162,2022-03-10,S,Senate Figures Amendment Offered,Senate Figures Amendment Offered,0,criminal_justice,Figures,reviewed_identity_surname_in_amendment_title,high,post_election,https://legiscan.com/AL/amendment/SB204/id/136162,http://alisondb.legislature.state.al.us/ALISON/SearchableInstruments/2022RS/PrintFiles/218294-1.pdf,https://legiscan.com/AL/bill/SB204/2022,"Law enforcement officers, judges, and prosecutors, confidentiality, to restrict disclosure of personal information of","Law enforcement officers, judges, and prosecutors, confidentiality, to restrict disclosure of personal information of",Confidential Information,data\raw\alabama_legislature\amendments\2022\1836\1587346\136162.pdf,2,a5967dfd6c840e34d5bf4c855004fc89363aab9b7642437f058ffe1525b46fec,extracted,data\processed\legislative\focal_amendment_text\136162.txt,1000
ALPERSON-VIVIAN-DAVIS-FIGURES,Vivian Davis Figures,2010,3490,1830493,SB18,2024,Regular Session 2024,199959,2024-02-21,S,Senate Judiciary Figures substitution adopted,Senate Judiciary Figures substitution adopted UYKKDDD-1,0,unclassified,Figures,reviewed_identity_surname_in_amendment_title,high,post_election,https://legiscan.com/AL/amendment/SB18/id/199959,https://alison.legislature.state.al.us/files/pdf/SearchableInstruments/2024RS/UYKKDDD-1.pdf,https://legiscan.com/AL/bill/SB18/2024,"Commencement of actions, Scouts' Honor Bill, exception to statute of limitations for sex offense against minor, provided in actions against a bankruptcy estate","Commencement of actions, Scouts' Honor Bill, exception to statute of limitations for sex offense against minor, provided in actions against a bankruptcy estate",Crimes & Offenses,data\raw\alabama_legislature\amendments\2024\2103\1830493\199959.pdf,3,4f8ef9527ae79aaeefcb7eab51ca04d62438606b98cbab59577a86417d2609a6,extracted,data\processed\legislative\focal_amendment_text\199959.txt,2882
ALPERSON-ANTHONY-DANIELS,Anthony Daniels,2014,17642,1069269,SB212,2018,Regular Session 2018,61645,2018-03-21,H,House Daniels Amendment Offered,House Daniels Amendment Offered,0,taxes_budget,Daniels,reviewed_identity_surname_in_amendment_title,high,post_election,https://legiscan.com/AL/amendment/SB212/id/61645,http://alisondb.legislature.state.al.us/ALISON/SearchableInstruments/2018RS/PrintFiles/193553-1.pdf,https://legiscan.com/AL/bill/SB212/2018,"Education, Alabama Cyber Engineering School established, bd of directors, programs and eligibility requirements, conditional appropriation of $1,500,000 from Education Trust Fund for fiscal year ending October 1, 2019.","Education, Alabama Cyber Engineering School established, bd of directors, programs and eligibility requirements, conditional appropriation of $1,500,000 from Education Trust Fund for fiscal year ending October 1, 2019.",Education,data\raw\alabama_legislature\amendments\2018\1468\1069269\61645.pdf,1,e30f685ef480fa26df269418bc353c63260c4d4a6fa9aabbf779855669142050,extracted,data\processed\legislative\focal_amendment_text\61645.txt,465
ALPERSON-ANTHONY-DANIELS,Anthony Daniels,2014,17642,1248096,HB314,2019,Regular Session 2019,75160,2019-04-30,H,House Daniels Amendment Offered,House Daniels Amendment Offered,0,abortion,Daniels,reviewed_identity_surname_in_amendment_title,high,post_election,https://legiscan.com/AL/amendment/HB314/id/75160,http://alisondb.legislature.state.al.us/ALISON/SearchableInstruments/2019RS/PrintFiles/200209-1.pdf,https://legiscan.com/AL/bill/HB314/2019,"Abortion, prohibited under certain conditions, Class A felony; attempted abortion a Class C felony, exceptions","Abortion, prohibited under certain conditions, Class A felony; attempted abortion a Class C felony, exceptions",Abortion,data\raw\alabama_legislature\amendments\2019\1621\1248096\75160.pdf,1,1f7a5ccc1b1906d9e409f4322ef2ad5b066004d4edf4ed86ff912e1473701ed1,extracted,data\processed\legislative\focal_amendment_text\75160.txt,479
ALPERSON-ANTHONY-DANIELS,Anthony Daniels,2014,17642,1263544,HR245,2019,Regular Session 2019,76695,2019-05-21,H,House Daniels first Substitute Offered,House Daniels first Substitute Offered,0,unclassified,Daniels,reviewed_identity_surname_in_amendment_title,high,post_election,https://legiscan.com/AL/amendment/HR245/id/76695,http://alisondb.legislature.state.al.us/ALISON/SearchableInstruments/2019RS/PrintFiles/201663-1.pdf,https://legiscan.com/AL/bill/HR245/2019,"House of Representatives, Special Order Calendar","House of Representatives, Special Order Calendar","Resolution, Legislative",data\raw\alabama_legislature\amendments\2019\1621\1263544\76695.pdf,3,00aab1b9f99c935edbecff879a831c40aa467ae1bb60eb7b849326787fdbbb91,extracted,data\processed\legislative\focal_amendment_text\76695.txt,4098
ALPERSON-BARBARA-A-DRUMMOND,Barbara A. Drummond,2014,17624,1069269,SB212,2018,Regular Session 2018,61646,2018-03-21,H,House Drummond Amendment Offered,House Drummond Amendment Offered,0,taxes_budget,Drummond,reviewed_identity_surname_in_amendment_title,high,post_election,https://legiscan.com/AL/amendment/SB212/id/61646,http://alisondb.legislature.state.al.us/ALISON/SearchableInstruments/2018RS/PrintFiles/193810-1.pdf,https://legiscan.com/AL/bill/SB212/2018,"Education, Alabama Cyber Engineering School established, bd of directors, programs and eligibility requirements, conditional appropriation of $1,500,000 from Education Trust Fund for fiscal year ending October 1, 2019.","Education, Alabama Cyber Engineering School established, bd of directors, programs and eligibility requirements, conditional appropriation of $1,500,000 from Education Trust Fund for fiscal year ending October 1, 2019.",Education,data\raw\alabama_legislature\amendments\2018\1468\1069269\61646.pdf,1,5dc541219e2c1febfb31b7bef9bd1f4b5f2954c750f767d38b95ba7eabb2538c,extracted,data\processed\legislative\focal_amendment_text\61646.txt,306
ALPERSON-BARBARA-A-DRUMMOND,Barbara A. Drummond,2014,17624,1258044,HB598,2019,Regular Session 2019,76455,2019-05-16,H,House Drummond Amendment Offered,House Drummond Amendment Offered,0,taxes_budget,Drummond,reviewed_identity_surname_in_amendment_title,high,post_election,https://legiscan.com/AL/amendment/HB598/id/76455,http://alisondb.legislature.state.al.us/ALISON/SearchableInstruments/2019RS/PrintFiles/201491-1.pdf,https://legiscan.com/AL/bill/HB598/2019,"Mobile Co., simplified sellers use tax, distrib. of portion of the proceeds to the Circuit Court of the Thirteenth Judicial Circuit","Mobile Co., simplified sellers use tax, distrib. of portion of the proceeds to the Circuit Court of the Thirteenth Judicial Circuit",Mobile County,data\raw\alabama_legislature\amendments\2019\1621\1258044\76455.pdf,2,06f09da0d647dec0badfe99dafb2f3feb6ec0e93cb7719b9bd3bebbce1c46cfc,extracted,data\processed\legislative\focal_amendment_text\76455.txt,1925
ALPERSON-BARBARA-A-DRUMMOND,Barbara A. Drummond,2014,17624,1176843,SB14,2019,Regular Session 2019,76893,2019-05-23,H,House Drummond Amendment Offered,House Drummond Amendment Offered,0,public_education,Drummond,reviewed_identity_surname_in_amendment_title,high,post_election,https://legiscan.com/AL/amendment/SB14/id/76893,http://alisondb.legislature.state.al.us/ALISON/SearchableInstruments/2019RS/PrintFiles/201962-1.pdf,https://legiscan.com/AL/bill/SB14/2019,"Education, public schools, grades 6 to 12, allow elective courses on the study of the Bible and display artifacts, monuments, symbols, and text related to the study of the Bible, State Board of Education to implement rules and policies","Education, public schools, grades 6 to 12, allow elective courses on the study of the Bible and display artifacts, monuments, symbols, and text related to the study of the Bible, State Board of Education to implement rules and policies",Education,data\raw\alabama_legislature\amendments\2019\1621\1176843\76893.pdf,2,78d1a3c994ad37154c724abb73a6148e7ae8d367683c2d3465db494eb26da521,extracted,data\processed\legislative\focal_amendment_text\76893.txt,1043
ALPERSON-BARBARA-A-DRUMMOND,Barbara A. Drummond,2014,17624,1318793,HB46,2020,Regular Session 2020,79902,2020-02-18,H,House Drummond Amendment Offered,House Drummond Amendment Offered,0,unclassified,Drummond,reviewed_identity_surname_in_amendment_title,high,post_election,https://legiscan.com/AL/amendment/HB46/id/79902,http://alisondb.legislature.state.al.us/ALISON/SearchableInstruments/2020RS/PrintFiles/205193-1.pdf,https://legiscan.com/AL/bill/HB46/2020,"Motor vehicles, smoking of tobacco products prohibited in vehicle with minor present","Motor vehicles, smoking of tobacco products prohibited in vehicle with minor present",Tobacco,data\raw\alabama_legislature\amendments\2020\1706\1318793\79902.pdf,1,0bcd8e89470e23dd514c0fd9e548d010abbd2383470397e61603bb340f3463e6,extracted,data\processed\legislative\focal_amendment_text\79902.txt,596
ALPERSON-BARBARA-A-DRUMMOND,Barbara A. Drummond,2014,17624,1434494,HB265,2021,Regular Session 2021,105970,2021-04-15,H,House Drummond Amendment Offered,House Drummond Amendment Offered,0,unclassified,Drummond,reviewed_identity_surname_in_amendment_title,high,post_election,https://legiscan.com/AL/amendment/HB265/id/105970,http://alisondb.legislature.state.al.us/ALISON/SearchableInstruments/2021RS/PrintFiles/213401-1.pdf,https://legiscan.com/AL/bill/HB265/2021,"Psychology Professional Wellness Committee, established within Psychology Examiners board to provide intervention services to impaired licensed professionals, duties, immunity provided, Sec. 34-26-4 added","Psychology Professional Wellness Committee, established within Psychology Examiners board to provide intervention services to impaired licensed professionals, duties, immunity provided, Sec. 34-26-4 added","Psychology, Alabama Board of Examiners in",data\raw\alabama_legislature\amendments\2021\1756\1434494\105970.pdf,1,e1847dad5ffee2c8dc1e07caeb51c5636605dfaf097dcaa88ed7c14b65feed78,extracted,data\processed\legislative\focal_amendment_text\105970.txt,354
ALPERSON-BARBARA-A-DRUMMOND,Barbara A. Drummond,2014,17624,1550563,HB97,2022,Regular Session 2022,128558,2022-02-15,H,House Drummond Amendment Offered,House Drummond Amendment Offered,0,unclassified,Drummond,reviewed_identity_surname_in_amendment_title,high,post_election,https://legiscan.com/AL/amendment/HB97/id/128558,http://alisondb.legislature.state.al.us/ALISON/SearchableInstruments/2022RS/PrintFiles/217495-1.pdf,https://legiscan.com/AL/bill/HB97/2022,"Oil and Gas Board, underground gas storage facilities, regulation, gas further defined to include abandonment of underground storage facilities, performance bonds, fees by board, Secs. 9-17-150, 9-17-151 am'd.","Oil and Gas Board, underground gas storage facilities, regulation, gas further defined to include abandonment of underground storage facilities, performance bonds, fees by board, Secs. 9-17-150, 9-17-151 am'd.","Oil and Gas Board, State",data\raw\alabama_legislature\amendments\2022\1836\1550563\128558.pdf,1,a2ccd3242b6cd0a7f8d9eefae4dce68f75df591268cf7a964c59c39fd515686e,extracted,data\processed\legislative\focal_amendment_text\128558.txt,134
ALPERSON-BARBARA-A-DRUMMOND,Barbara A. Drummond,2014,17624,1581115,HB220,2022,Regular Session 2022,131138,2022-02-23,H,House Drummond Amendment Offered,House Drummond Amendment Offered,0,unclassified,Drummond,reviewed_identity_surname_in_amendment_title,high,post_election,https://legiscan.com/AL/amendment/HB220/id/131138,http://alisondb.legislature.state.al.us/ALISON/SearchableInstruments/2022RS/PrintFiles/218034-2.pdf,https://legiscan.com/AL/bill/HB220/2022,"Literacy Act, definitions further provided, membership and duties of the Literacy Task Force, duties and functioning of the Alabama Committee on Grade Level Reading, Secs. 16-6G-2 to 16-6G-5, inclusive, am'd.","Literacy Act, definitions further provided, membership and duties of the Literacy Task Force, duties and functioning of the Alabama Committee on Grade Level Reading, Secs. 16-6G-2 to 16-6G-5, inclusive, am'd.",Education,data\raw\alabama_legislature\amendments\2022\1836\1581115\131138.pdf,1,dd0267cc02868a44e4b46863e1c5ca1b30f529514f87dbce458350d382f8021e,extracted,data\processed\legislative\focal_amendment_text\131138.txt,195
ALPERSON-BARBARA-A-DRUMMOND,Barbara A. Drummond,2014,17624,1581029,SB171,2022,Regular Session 2022,140462,2022-03-29,H,House Drummond Amendment Offered,House Drummond Amendment Offered,0,public_education,Drummond,reviewed_identity_surname_in_amendment_title,high,post_election,https://legiscan.com/AL/amendment/SB171/id/140462,http://alisondb.legislature.state.al.us/ALISON/SearchableInstruments/2022RS/PrintFiles/219037-2.pdf,https://legiscan.com/AL/bill/SB171/2022,"Alabama Numeracy Act, established for K-5 public school students, Elementary Mathematics Task force and Postsecondary Mathematics Task Forces created, Office of Mathematics Improvement created, use of assessments, intervention services, summer programs, and mathematics coaches provided, use of Common Core State Standards in K-12 schools terminated and prohibited","Alabama Numeracy Act, established for K-5 public school students, Elementary Mathematics Task force and Postsecondary Mathematics Task Forces created, Office of Mathematics Improvement created, use of assessments, intervention services, summer programs, and mathematics coaches provided, use of Common Core State Standards in K-12 schools terminated and prohibited",Public Elementary Education; Schools,data\raw\alabama_legislature\amendments\2022\1836\1581029\140462.pdf,2,2cb7145909f61a9c584b6e77de580882d23a7c6734c8db5023ef2b6703fc3ee7,extracted,data\processed\legislative\focal_amendment_text\140462.txt,1704
ALPERSON-RICHARD-LINDSEY,Richard Lindsey,2014,3392,948640,SB60,2017,Regular Session 2017,50790,2017-04-27,H,House Lindsey Amendment Offered,House Lindsey Amendment Offered,0,unclassified,Lindsey,reviewed_identity_surname_in_amendment_title,high,post_election,https://legiscan.com/AL/amendment/SB60/id/50790,http://alisondb.legislature.state.al.us/ALISON/SearchableInstruments/2017RS/PrintFiles/186056-2.pdf,https://legiscan.com/AL/bill/SB60/2017,"Memorial Preservation Act, monuments 40 years and older on public property prohibited from relocation or removal, monuments 20 to 40 years old required to get permission of Committee on Alabama Monument Protection, members, waivers, fines, exemptions","Memorial Preservation Act, monuments 40 years and older on public property prohibited from relocation or removal, monuments 20 to 40 years old required to get permission of Committee on Alabama Monument Protection, members, waivers, fines, exemptions",Monuments,data\raw\alabama_legislature\amendments\2017\1254\948640\50790.pdf,1,efe67d71500bd1f72da4c72c57ff729ebf575dc839e32628591cc7b16463df46,extracted,data\processed\legislative\focal_amendment_text\50790.txt,820
