cycle,chamber,district,dem_votes,rep_votes,two_party_votes,legislative_dem_margin,war_eligible,contest_status,dem_incumbent,rep_incumbent,core_index_margin,core_index_offices,baseline_fallback_share,baseline_allocation_method,core_index_complete,statewide_index_margin,raw_overperformance,historical_extension,model_tier,model_eligible,nonwhite_share,white_college_share,demographic_reference_year,demographic_age_years,demographics_method,log_spending_ratio_d_to_r,finance_complete,log_fundraising_ratio_d_to_r,ftm_finance_complete,pres_2008_dem_votes,pres_2008_rep_votes,pres_2008_two_party_votes,pres_2008_dem_margin,pres_2008_fallback_share,pres_2008_source_complete,pres_2012_dem_votes,pres_2012_rep_votes,pres_2012_two_party_votes,pres_2012_dem_margin,pres_2012_fallback_share,pres_2012_source_complete,pres_2016_dem_votes,pres_2016_rep_votes,pres_2016_two_party_votes,pres_2016_dem_margin,pres_2016_fallback_share,pres_2016_source_complete,pres_swing_2012_2016,pres_2020_dem_votes,pres_2020_rep_votes,pres_2020_two_party_votes,pres_2020_dem_margin,pres_2020_fallback_share,pres_2020_source_complete,pres_swing_2016_2020,college_share,demographics_method_historical,pres_1992_dem_margin,pres_1992_fallback_share,pres_1992_source_complete,college_share_extended,incumbency_complete,log_resource_ratio_d_to_r,prior_presidential_year,prior_pres_dem_margin,prior_pres_fallback_share,prior_pres_source_complete,readiness_status,dem_incumbent_i,rep_incumbent_i,incumbency_conflict,prior_pres_swing,pres_trend_available,prior_pres_available,demographics_available,incumbency_evidence_complete,dem_candidate_history_available,dem_prior_recent,dem_prior_contested,dem_prior_unopposed,dem_prior_winner,dem_first_term_incumbent,dem_established_incumbent,dem_unclassified_incumbent,dem_prior_cycle_gap,dem_prior_candidate_overperformance,dem_prior_incumbent_appearances,rep_candidate_history_available,rep_prior_recent,rep_prior_contested,rep_prior_unopposed,rep_prior_winner,rep_first_term_incumbent,rep_established_incumbent,rep_unclassified_incumbent,rep_prior_cycle_gap,rep_prior_candidate_overperformance,rep_prior_incumbent_appearances,era,dem_fundraising,rep_fundraising,raw_fundraising_gap_100k,sqrt_fundraising_gap,log1p_fundraising_gap_10k,log1p_fundraising_gap_25k,log1p_fundraising_gap_50k,log1p_fundraising_gap_100k,log1p_fundraising_gap_200k,viable_gap_10k,both_viable_10k,viable_gap_25k,both_viable_25k,viable_gap_50k,both_viable_50k,viable_gap_100k,both_viable_100k,dem_incumbent_inferred,rep_incumbent_inferred,incumbency_balance,fundraising_gap_log50,finance_viability_gap_25k,eligible_pollsters,final_poll_margin,poll_implied_national_swing,polling_federal_margin,abs_polling_federal_margin,polling_cmo_target,post2016_training_eligible,fundraising_gap_structural_expectation,fundraising_gap_residualized,fundraising_gap_partial_orthogonal25,fundraising_gap_partial_orthogonal50,fundraising_gap_partial_orthogonal75,fundraising_gap_within_cycle_expectation,fundraising_gap_within_cycle_residualized
2018,house,2,4798.0,13056.0,17854.0,-46.25294051753109,True,contested_two_party,False,True,-45.27475742225577,2,0.0,reported_district_with_activity_split_fallback,True,-45.27475742225577,-0.9781830952753195,False,core_1998_2022,True,0.0998812736103615,0.2819397559075565,,,,3.3045814831113405,1,,0,,,,,,,5259.105111703746,13219.278678908457,18478.3837906122,-43.07829979832335,0.4325694743852713,True,4259.264532406259,16049.886889073305,20309.15142147956,-58.055711496625776,0.2979163761767015,True,-14.977411698302426,,,,,,,,,,,,,,,,,-58.055711496625776,,,,0,1,0,-14.977411698302426,1,1,1,1,0,0,0,0,0,0,0,0,,,,0,0,0,0,0,0,0,0,,,,trump_era,13748.97,176800.0,-1.6305103,-1.3560407013790103,-2.0624993646755816,-1.6501729331185857,-1.26911554480833,-0.8893012208985057,-0.5669122536103988,0,1,-1,0,-1,0,-1,0,False,False,-1,-1.26911554480833,-1,10,7.675196559236454,5.445196559236454,-52.610514937389325,52.610514937389325,6.3575744198582385,True,-1.2225863606252678,-0.04652918418306218,-0.963468954652013,-0.6578223644956961,-0.3521757743393792,-0.8978935501765235,-0.3712219946318065
2018,house,3,8540.0,9448.0,17988.0,-5.047809650878364,True,contested_two_party,False,False,-9.998507443712432,2,0.0,reported_district_with_activity_split_fallback,True,-9.998507443712432,4.9506977928340685,False,core_1998_2022,True,0.274533114300536,0.222565687789799,,,,,0,,0,,,,,,,8513.82294755749,11800.279068056,20314.10201561349,-16.178200335769354,0.1555844673090871,True,7541.831069471384,13867.932484828363,21409.763554299745,-29.54774068061345,0.053197856161753,True,-13.369540344844104,,,,,,,,,,,,,,,,,-29.54774068061345,,,,0,0,0,-13.369540344844104,1,1,1,1,0,0,0,0,0,0,0,0,,,,0,0,0,0,0,0,0,0,,,,trump_era,90321.42,370787.48,-2.8046606,-1.3791530225902129,-1.3338621927360736,-1.233154214274064,-1.0981922598301557,-0.9056924549144004,-0.6760282971871433,0,1,0,1,0,1,-1,0,False,False,0,-1.0981922598301557,0,10,7.675196559236454,5.445196559236454,-24.102544121376997,24.102544121376997,19.054734470498634,True,-0.43878712377634976,-0.6594051360538059,-0.9884954788860683,-0.8787986979419808,-0.7691019169978933,-0.683845260613975,-0.4143469992161807
2018,house,4,4325.0,11074.0,15399.0,-43.82752126761478,True,contested_two_party,False,False,-38.05163897336047,2,0.0,reported_district_with_activity_split_fallback,True,-38.05163897336047,-5.775882294254309,False,core_1998_2022,True,0.248543202656697,0.3210728881482363,,,,,0,3.080900285923869,1,,,,,,,7693.045268055421,21394.22311365208,29087.2683817075,-47.103693842262274,0.4610093043566738,True,5749.263525395714,18678.74989407953,24428.013419475246,-52.92893100499027,0.1590467769064427,True,-5.825237162727994,,,,,,,,,,,,,,,,,-52.92893100499027,,,,0,0,0,-5.825237162727994,1,1,1,1,0,0,0,0,0,0,0,0,,,,0,0,0,0,0,0,0,0,,,,trump_era,15697.18,170422.22,-1.5472504,-1.2858905791724775,-1.94891851252114,-1.569003646020272,-1.2104888866990686,-0.8490082548257124,-0.54076801057745,0,1,-1,0,-1,0,-1,0,False,False,0,-1.2104888866990686,-1,10,7.675196559236454,5.445196559236454,-47.48373444575381,47.48373444575381,3.6562131781390335,True,-0.700029445594947,-0.5104594411041217,-1.035481525300332,-0.8604741639015951,-0.6854668025028584,-0.6374207607240671,-0.5730681259750016
2018,house,5,4725.0,12395.0,17120.0,-44.80140186915888,True,contested_two_party,False,True,-39.3504252096881,2,0.0,reported_district_with_activity_split_fallback,True,-39.3504252096881,-5.450976659470783,False,core_1998_2022,True,0.2347428073234524,0.245607114681202,,,,-1.1794359772754466,1,,0,,,,,,,4816.879860052407,12331.917105476758,17148.796965529164,-43.822533210524,0.493185447080292,True,4723.823691677789,15216.384929058566,19940.20862073636,-52.620117657491726,0.1479174776177501,True,-8.797584446967726,,,,,,,,,,,,,,,,,-52.620117657491726,,,,0,1,0,-8.797584446967726,1,1,1,1,0,0,0,0,0,0,0,0,,,,0,0,0,0,0,0,0,0,,,,trump_era,9050.23,115701.0,-1.0665077,-1.0957439695531006,-1.8868268960234005,-1.4188002840705252,-1.0317965217773046,-0.6820845876833093,-0.4122210051058442,-1,0,-1,0,-1,0,-1,0,False,True,-1,-1.0317965217773046,-1,10,7.675196559236454,5.445196559236454,-47.17492109825527,47.17492109825527,2.373519229096388,True,-1.1618534751178191,0.13005695334051448,-0.7413331529978499,-0.4508697842183951,-0.1604064154389403,-0.9086861882794421,-0.12311033349786249
2018,house,7,3592.0,10892.0,14484.0,-50.4004418668876,True,contested_two_party,False,False,-50.4629311430334,2,0.0,reported_district_with_activity_split_fallback,True,-50.4629311430334,0.0624892761458042,False,core_1998_2022,True,0.159045331335258,0.1207559855077877,,,,-1.2578438353309842,1,-1.544521163843832,1,,,,,,,5829.115530201061,12808.21224873774,18637.3277789388,-37.44687436588114,0.5219831811340298,True,3289.9920969312884,14546.358834584977,17836.350931516266,-63.109134715240685,0.1025508552685842,True,-25.662260349359546,,,,,,,,,,,,,,,,,-63.109134715240685,,,,0,0,0,-25.662260349359546,1,1,1,1,0,0,0,0,0,0,0,0,,,,0,0,0,0,0,0,0,0,,,,trump_era,22654.66,88301.71,-0.6564705000000001,-0.6558002148328249,-1.1020538513105602,-0.8660738388436126,-0.6437200719081293,-0.4286727525997554,-0.2583855746893106,0,1,-1,0,-1,0,0,0,False,False,0,-0.6437200719081293,-1,10,7.675196559236454,5.445196559236454,-57.663938156004235,57.663938156004235,7.263496289116638,True,-0.8137747261797155,0.17005465427158617,-0.44027639036320043,-0.23683270881827156,-0.0333890272733427,-0.6172074670692516,-0.02651260483887774
2018,house,8,5469.0,8803.0,14272.0,-23.36042600896861,True,contested_two_party,False,True,-22.57863549823453,2,0.0,reported_district_with_activity_split_fallback,True,-22.57863549823453,-0.7817905107340835,False,core_1998_2022,True,0.3629030480682343,0.2380542206909058,,,,,0,-2.640438589331024,1,,,,,,,3480.9167790137444,6251.840276235408,9732.757055249152,-28.470077712740466,0.4449723530616424,True,4634.023779810617,9452.433230176122,14086.45700998674,-34.20597135922428,0.1660237997537956,True,-5.735893646483817,,,,,,,,,,,,,,,,,-34.20597135922428,,,,0,1,0,-5.735893646483817,1,1,1,1,0,0,0,0,0,0,0,0,,,,0,0,0,0,0,0,0,0,,,,trump_era,13436.0,170856.82,-1.5742082000000002,-1.3301677115298545,-2.043432366814594,-1.6283893616588192,-1.2474830946176323,-0.8703515405445734,-0.5524790362762145,0,1,-1,0,-1,0,-1,0,False,True,-1,-1.2474830946176325,-1,10,7.675196559236454,5.445196559236454,-28.760774799987825,28.760774799987825,5.400348791019216,True,-0.9561088459296587,-0.2913742486879738,-1.008455883135218,-0.7694286716528032,-0.5304014601703885,-0.945248378695616,-0.30223471592201656
2018,house,10,8565.0,11240.0,19805.0,-13.506690229739965,True,contested_two_party,False,True,-8.086977649329155,2,0.0,reported_district_with_activity_split_fallback,True,-8.086977649329155,-5.41971258041081,False,core_1998_2022,True,0.3369410264105642,0.5100713469194686,,,,-2.82738961392822,1,,0,,,,,,,7087.87043763107,10655.304188875089,17743.17462650616,-20.105949619154984,0.2425220191368105,True,9285.917005100142,13327.441175816622,22613.358180916766,-17.872286541355415,0.0775360701579341,True,2.2336630777995694,,,,,,,,,,,,,,,,,-17.872286541355415,,,,0,1,0,2.2336630777995694,1,1,1,1,0,0,0,0,0,0,0,0,,,,0,0,0,0,0,0,0,0,,,,trump_era,10021.64,163879.56,-1.5385791999999998,-1.362714667725495,-2.161549187022709,-1.6851434071093183,-1.270707888985883,-0.8748157132118219,-0.5496123607358121,0,1,-1,0,-1,0,-1,0,False,False,-1,-1.270707888985883,-1,10,7.675196559236454,5.445196559236454,-12.42708998211896,12.42708998211896,-1.0796002476210038,True,-0.7736095939037907,-0.49709829508209225,-1.0773054905099353,-0.8839030920339876,-0.6905006935580399,-0.9776797108266568,-0.2930281781592261
2018,house,15,6951.0,14212.0,21163.0,-34.30988045173179,True,contested_two_party,False,True,-27.026197019961685,2,0.0,reported_district_with_activity_split_fallback,True,-27.026197019961685,-7.283683431770108,False,core_1998_2022,True,0.2337713882518962,0.3525128327563567,,,,-1.1443818719541008,1,-1.8617332216568256,1,,,,,,,8500.106569136788,11266.137678334537,19766.244247471324,-13.993711069069708,0.8291484301366787,True,8118.562555097211,9989.941602282985,18108.5041573802,-10.334255280953649,0.7783207286493421,True,3.659455788116059,,,,,,,,,,,,,,,,,-10.334255280953649,,,,0,1,0,3.659455788116059,1,1,1,1,0,0,0,0,0,0,0,0,,,,0,0,0,0,0,0,0,0,,,,trump_era,14119.55,86182.84,-0.7206328999999999,-0.7814763644051109,-1.383228248413439,-1.0445537113287249,-0.7532490849627819,-0.4894826185073582,-0.2900964033557994,0,1,-1,0,-1,0,0,0,False,False,-1,-0.7532490849627819,-1,10,7.675196559236454,5.445196559236454,-4.889058721717195,4.889058721717195,-29.420821730014598,True,-0.6893857900217696,-0.06386329494101228,-0.5809026374573395,-0.4085561899518971,-0.23620974244645465,-0.9926468415228984,0.23939775656011653
2018,house,18,3886.0,9845.0,13731.0,-43.39815017114558,True,contested_two_party,False,False,-39.551984260893306,2,0.0,reported_district_with_activity_split_fallback,True,-39.551984260893306,-3.8461659102522745,False,core_1998_2022,True,0.2013367703081872,0.140127133890377,,,,-1.1087511229605171,1,,0,,,,,,,4993.679603099329,10957.62770067172,15951.30730377105,-37.38845966664096,0.5141305757325527,True,3631.837570265458,13817.098598335757,17448.936168601213,-58.37181665205664,0.1362045592477864,True,-20.98335698541569,,,,,,,,,,,,,,,,,-58.37181665205664,,,,0,0,0,-20.98335698541569,1,1,1,1,0,0,0,0,0,0,0,0,,,,0,0,0,0,0,0,0,0,,,,trump_era,48045.0,195017.68,-1.4697268,-0.9946762210971531,-1.2618776475320563,-1.1026322171752638,-0.91590381425491,-0.6895190051442439,-0.4653203420755839,0,1,0,1,-1,0,-1,0,False,True,0,-0.91590381425491,0,10,7.675196559236454,5.445196559236454,-52.92662009282019,52.92662009282019,9.528469921674606,True,-0.7608438038079365,-0.15506001044697348,-0.7256928633029258,-0.5354819123509418,-0.34527096139895763,-0.6266136443789436,-0.28929016987596634
2018,house,20,8527.0,14589.0,23116.0,-26.224260252638864,True,contested_two_party,False,True,-29.07711397639645,2,0.0,reported_district_with_activity_split_fallback,True,-29.07711397639645,2.852853723757587,False,core_1998_2022,True,0.1430056857149177,0.6060648309515511,,,,4.626958878965206,1,-0.6978644722209723,1,,,,,,,7697.429709374539,17012.17046758545,24709.60017695999,-37.696849368272126,0.2425220191368104,True,6434.540568978624,13812.99944825922,20247.540017237843,-36.441260879094,0.0775360701579341,True,1.2555884891781233,,,,,,,,,,,,,,,,,-36.441260879094,,,,0,1,0,1.2555884891781233,1,1,1,1,0,0,0,0,0,0,0,0,,,,0,0,0,0,0,0,0,0,,,,trump_era,57521.98,115100.0,-0.5757802,-0.4446488515529416,-0.616660242970573,-0.5292917712445377,-0.4288560591422288,-0.3115380321894117,-0.2017849730790283,0,1,0,1,0,1,-1,0,False,False,-1,-0.4288560591422288,0,10,7.675196559236454,5.445196559236454,-30.99606431985755,30.99606431985755,4.771804067218685,True,-0.9810841451341106,0.5522280859918818,-0.18358502285870115,0.06168601342482649,0.30695704970835413,-0.9408101017460924,0.5119540426038636
2018,house,21,8391.0,13311.0,21702.0,-22.67072159247996,True,contested_two_party,False,True,-15.808691584503888,2,0.0,reported_district_with_activity_split_fallback,True,-15.808691584503888,-6.8620300079760685,False,core_1998_2022,True,0.1782283661877715,0.4367753189451722,,,,,0,3.998420860918611,1,,,,,,,7659.337689589885,13807.86117800848,21467.198867598367,-28.64148008475807,0.2425220191368104,True,8479.764575189898,15157.148971700752,23636.913546890653,-28.24981520224429,0.0775360701579341,True,0.3916648825137798,,,,,,,,,,,,,,,,,-28.24981520224429,,,,0,1,0,0.3916648825137798,1,1,1,1,0,0,0,0,0,0,0,0,,,,0,0,0,0,0,0,0,0,,,,trump_era,0.0,156920.7,-1.569207,-1.7715569423532511,-2.814933756346202,-1.984695052971829,-1.4203126226513785,-0.9435972909813166,-0.5791962617057944,-1,0,-1,0,-1,0,-1,0,False,True,-1,-1.4203126226513785,-1,10,7.675196559236454,5.445196559236454,-22.804618643007835,22.804618643007835,0.13389705052787448,True,-0.8895596223026081,-0.5307530003487704,-1.1979227170757265,-0.9755328115000744,-0.7531429059244223,-0.9570746188064843,-0.4632380038448942
2018,house,28,5731.0,7091.0,12822.0,-10.606769614724692,True,contested_two_party,False,False,-8.04321091601329,2,0.0,reported_district_with_activity_split_fallback,True,-8.04321091601329,-2.563558698711402,False,core_1998_2022,True,0.3571804890898713,0.1416690564955549,,,,-0.84101695826915,1,-0.7565374113754431,1,,,,,,,6173.188593202776,9701.191189026937,15874.379782229713,-22.224506684497488,0.2805891058385449,True,4726.310719610219,8373.771776117905,13100.082495728124,-27.84303883351197,0.1126066129220703,True,-5.618532149014481,,,,,,,,,,,,,,,,,-27.84303883351197,,,,0,0,0,-5.618532149014481,1,1,1,1,0,0,0,0,0,0,0,0,,,,0,0,0,0,0,0,0,0,,,,trump_era,35642.04,86759.75,-0.5111770999999999,-0.4729690069696628,-0.7514018803975906,-0.6113630960806975,-0.4680494526672072,-0.3198036745298281,-0.1963308832852929,0,1,0,1,-1,0,0,0,False,False,0,-0.4680494526672072,0,10,7.675196559236454,5.445196559236454,-22.397842274275515,22.397842274275515,11.791072659550823,True,-0.41974017781821615,-0.04830927484899106,-0.3631144082126532,-0.25817936375809913,-0.1532443193035451,-0.6872300297217555,0.2191805770545483
2018,house,29,3032.0,11528.0,14560.0,-58.35164835164835,True,contested_two_party,False,True,-57.96378366158768,2,0.0,reported_district_with_activity_split_fallback,True,-57.96378366158768,-0.3878646900606668,False,core_1998_2022,True,0.1598092491959631,0.1662162649082982,,,,,0,-2.11532673404628,1,,,,,,,4644.206968968604,12712.910611885569,17357.117580854174,-46.48642613228117,0.270463008000061,True,4002.132104875602,16405.563453829585,20407.69555870519,-60.77820650192484,0.1093950363760703,True,-14.29178036964366,,,,,,,,,,,,,,,,,-60.77820650192484,,,,0,1,0,-14.29178036964366,1,1,1,1,0,0,0,0,0,0,0,0,,,,0,0,0,0,0,0,0,0,,,,trump_era,15458.67,124344.0,-1.0888533,-1.020950832019619,-1.6633473216339103,-1.3059714105404194,-0.9796114078781823,-0.6642679577118535,-0.4090355763449436,0,1,-1,0,-1,0,-1,0,False,False,-1,-0.9796114078781825,-1,10,7.675196559236454,5.445196559236454,-55.33300994268839,55.33300994268839,-3.0186384089599585,True,-1.2530052959513425,0.27339388807316,-0.6663600838903468,-0.3531087599025112,-0.03985743591467561,-0.8924879028454717,-0.08712350503271071
2018,house,30,2931.0,13779.0,16710.0,-64.91921005385997,True,contested_two_party,False,False,-59.15146787026555,2,0.0,reported_district_with_activity_split_fallback,True,-59.15146787026555,-5.767742183594422,False,core_1998_2022,True,0.1157096237384106,0.1908958903184412,,,,,0,-2.212806388925789,1,,,,,,,5014.080519478771,18609.24139680288,23623.32191628165,-57.54974226530799,0.2957630986578671,True,4396.195465644701,21154.182790607727,25550.37825625243,-65.58802048600663,0.1886458293725753,True,-8.038278220698636,,,,,,,,,,,,,,,,,-65.58802048600663,,,,0,0,0,-8.038278220698636,1,1,1,1,0,0,0,0,0,0,0,0,,,,0,0,0,0,0,0,0,0,,,,trump_era,9265.48,163810.37,-1.5454488999999998,-1.3795536526730945,-2.19964998391654,-1.7066047446473729,-1.2830624889747335,-0.8814500322920023,-0.5530290852227341,-1,0,-1,0,-1,0,-1,0,False,False,0,-1.2830624889747335,-1,10,7.675196559236454,5.445196559236454,-60.14282392677018,60.14282392677018,-4.776386127089793,True,-0.841471770910702,-0.4415907180640315,-1.072694546247058,-0.8623266035193825,-0.651958660791707,-0.6122855178187877,-0.6707769711559458
2018,house,32,7761.0,4513.0,12274.0,26.46244093205149,True,contested_two_party,True,False,19.68419699954186,2,0.0,reported_district_with_activity_split_fallback,True,19.68419699954186,6.778243932509628,False,core_1998_2022,True,0.5983051247550929,0.1565456209948123,,,,4.727481265673471,1,5.116747527143756,1,,,,,,,5694.3602263263065,9575.531649996828,15269.891876323134,-25.417150658993894,0.1208131592955814,True,4889.795935412292,10373.033474115304,15262.829409527596,-35.92543290354921,0.0643813587477324,True,-10.508282244555314,,,,,,,,,,,,,,,,,-35.92543290354921,,,,1,0,0,-10.508282244555314,1,1,1,1,0,0,0,0,0,0,0,0,,,,0,0,0,0,0,0,0,0,,,,trump_era,80405.0,0.0,0.80405,1.2681088281373962,2.2017144826090718,1.43893424844407,0.9586219868875931,0.5900341374425982,0.3379176201224602,1,0,1,0,1,0,0,0,False,False,1,0.9586219868875933,1,10,7.675196559236454,5.445196559236454,-30.480236344312754,30.480236344312754,56.94267727636424,True,-0.04477178945930249,1.0033937763468956,0.9698149342524189,0.9810078816172445,0.9922008289820701,-0.40052977646285615,1.3591517633504493
2018,house,33,4928.0,10155.0,15083.0,-34.65490950076245,True,contested_two_party,False,True,-28.79812609139276,2,0.0,reported_district_with_activity_split_fallback,True,-28.79812609139276,-5.85678340936969,False,core_1998_2022,True,0.2969551677010283,0.1359989301952393,,,,,0,,0,,,,,,,8721.362597806978,11972.333740056474,20693.696337863454,-15.70995867133299,0.1468312587625962,True,7357.558521158219,12899.871980948272,20257.43050210649,-27.35940996669705,0.1418588153108702,True,-11.649451295364065,,,,,,,,,,,,,,,,,-27.35940996669705,,,,0,1,0,-11.649451295364065,1,1,1,1,0,0,0,0,0,0,0,0,,,,0,0,0,0,0,0,0,0,,,,trump_era,215.0,0.0,0.00215,0.06557438524302,0.0212721352755396,0.0085632306604878,0.0042907814171562,0.0021476920574589,0.0010744226012653,0,0,0,0,0,0,0,0,False,False,-1,0.004290781417156275,0,10,7.675196559236454,5.445196559236454,-21.914213407460597,21.914213407460597,-12.740696093301853,True,-0.8796109615258606,0.8839017429430169,0.22419352179862143,0.4440962621800866,0.6639990025615516,-0.9588425620628437,0.96313334348
2018,house,36,4256.0,11399.0,15655.0,-45.62759501756627,True,contested_two_party,False,True,-39.02297384702739,2,0.0,reported_district_with_activity_split_fallback,True,-39.02297384702739,-6.604621170538884,False,core_1998_2022,True,0.2301034409964112,0.1910405567032728,,,,-4.534988894323826,1,-2.4417924639218365,1,,,,,,,4900.031471587566,12572.319880618044,17472.35135220561,-43.91102407668773,0.234097567397444,True,4606.774136341874,15300.591391436716,19907.36552777859,-53.71789270746433,0.1862097555358571,True,-9.806868630776606,,,,,,,,,,,,,,,,,-53.71789270746433,,,,0,1,0,-9.806868630776606,1,1,1,1,0,0,0,0,0,0,0,0,,,,0,0,0,0,0,0,0,0,,,,trump_era,8083.56,107020.0,-0.9893644,-1.0609270212277813,-1.867341622123976,-1.383916943999515,-0.9944905223661762,-0.6499107752820967,-0.3889731622467072,-1,0,-1,0,-1,0,-1,0,False,True,-1,-0.9944905223661762,-1,10,7.675196559236454,5.445196559236454,-48.27269614822788,48.27269614822788,2.645101130661608,True,-1.174119116811449,0.1796285944452729,-0.7009607431633139,-0.40743096396045164,-0.11390118475758937,-0.9065065020881252,-0.08798402027805097
2018,house,37,4505.0,11153.0,15658.0,-42.45752969727935,True,contested_two_party,False,True,-37.352202358577,2,0.0,reported_district_with_activity_split_fallback,True,-37.352202358577,-5.105327338702352,False,core_1998_2022,True,0.3107671449553723,0.1714134322426811,,,,-0.4609188332204956,1,,0,,,,,,,9166.854739145463,15590.82240232051,24757.67714146597,-25.947376349034425,0.4286217685716186,True,6041.648302216721,13841.495743102232,19883.14404531896,-39.22844105091021,0.2209233355697244,True,-13.281064701875788,,,,,,,,,,,,,,,,,-39.22844105091021,,,,0,1,0,-13.281064701875788,1,1,1,1,0,0,0,0,0,0,0,0,,,,0,0,0,0,0,0,0,0,,,,trump_era,17173.66,88434.0,-0.7126034,-0.743851424055888,-1.287138151068388,-0.9894253144384064,-0.7231124713475028,-0.4750907050944462,-0.2837689802913606,0,1,-1,0,-1,0,0,0,False,True,-1,-0.7231124713475028,-1,10,7.675196559236454,5.445196559236454,-33.783244491673756,33.783244491673756,-8.674285205605592,True,-1.0122258196729337,0.2891133483254309,-0.47005601642926936,-0.21699956151103594,0.03605689340719742,-0.9352760188450722,0.21216354749756938
2018,house,38,4944.0,11151.0,16095.0,-38.56477166821995,True,contested_two_party,False,False,-37.7310753847318,2,0.0,reported_district_with_activity_split_fallback,True,-37.7310753847318,-0.8336962834881447,False,core_1998_2022,True,0.273607517881601,0.2426334653838898,,,,-1.7786356147259756,1,-1.7626500698602412,1,,,,,,,7287.239598486764,13610.76100402833,20898.00060251509,-30.258978003764263,0.4477172510930532,True,8197.131369133982,17444.91656921602,25642.04793835,-36.06492438636752,0.1913462911309801,True,-5.805946382603249,,,,,,,,,,,,,,,,,-36.06492438636752,,,,0,0,0,-5.805946382603249,1,1,1,1,0,0,0,0,0,0,0,0,,,,0,0,0,0,0,0,0,0,,,,trump_era,32054.57,212236.32,-1.8018175,-1.2595915454796818,-1.664773259537246,-1.4250485968613869,-1.1618615682198228,-0.86054509074983,-0.5746242176166709,0,1,0,1,-1,0,-1,0,False,False,0,-1.1618615682198228,0,10,7.675196559236454,5.445196559236454,-30.61972782713107,30.61972782713107,-7.945043841088879,True,-0.5116048109594724,-0.6502567572603504,-1.0339603654799547,-0.9060591627400866,-0.7781579600002184,-0.6709050727949293,-0.4909564954248935
2018,house,40,3819.0,11188.0,15007.0,-49.10375158259479,True,contested_two_party,False,True,-46.24487587879296,2,0.0,reported_district_with_activity_split_fallback,True,-46.24487587879296,-2.8588757038018286,False,core_1998_2022,True,0.1665838106560034,0.2355724101678369,,,,-1.3515117779160952,1,-2.108480380814364,1,,,,,,,6291.529615856958,12287.560292336892,18579.08990819385,-32.273005330769905,0.1897885169972909,True,5374.995817624377,13340.072311299286,18715.068128923664,-42.55969809356496,0.0888802134166178,True,-10.286692762795056,,,,,,,,,,,,,,,,,-42.55969809356496,,,,0,1,0,-10.286692762795056,1,1,1,1,0,0,0,0,0,0,0,0,,,,0,0,0,0,0,0,0,0,,,,trump_era,7105.14,71500.0,-0.6439486,-0.8188608239222559,-1.5612240171094405,-1.1005268664169552,-0.755020132656837,-0.4707722977735507,-0.2707355523523821,-1,0,-1,0,-1,0,0,0,False,False,-1,-0.755020132656837,-1,10,7.675196559236454,5.445196559236454,-37.11450153432851,37.11450153432851,-11.989250048266278,True,-1.0494465647386952,0.29442643208185826,-0.4926584914721632,-0.23029685028748936,0.03206479089718439,-0.9286616446380951,0.1736415119812581
2018,house,41,4610.0,14088.0,18698.0,-50.689913359717615,True,contested_two_party,False,True,-45.138130708988896,2,0.0,reported_district_with_activity_split_fallback,True,-45.138130708988896,-5.551782650728718,False,core_1998_2022,True,0.2069927243330638,0.2930572648953884,,,,-1.811821341932935,1,-2.290761204149418,1,,,,,,,5448.96799815954,19111.49934542576,24560.467343585293,-55.62814076839867,0.4675227828528189,True,6081.100757967384,21189.658502286697,27270.759260254083,-55.4020428992579,0.2210330677748426,True,0.2260978691407729,,,,,,,,,,,,,,,,,-55.4020428992579,,,,0,1,0,0.2260978691407729,1,1,1,1,0,0,0,0,0,0,0,0,,,,0,0,0,0,0,0,0,0,,,,trump_era,6528.21,105570.0,-0.9904179,-1.0917290394961747,-1.944807788979264,-1.4210267808034238,-1.012355985516031,-0.6573767758342037,-0.3917418716940906,-1,0,-1,0,-1,0,-1,0,False,True,-1,-1.0123559855160307,-1,10,7.675196559236454,5.445196559236454,-49.95684634002144,49.95684634002144,-0.7330670196961719,True,-1.1929364353607395,0.18058044984470878,-0.7141218766758458,-0.41588776783566095,-0.11765365899547608,-0.9031625392997127,-0.10919344621631799
2018,house,43,5847.0,15035.0,20882.0,-43.99961689493344,True,contested_two_party,False,True,-36.63265807222209,2,0.0,reported_district_with_activity_split_fallback,True,-36.63265807222209,-7.366958822711346,False,core_1998_2022,True,0.1831549965584131,0.5795562431871726,,,,-1.5730451384217812,1,-2.8909894406959067,1,,,,,,,7597.478018520519,27454.23756531876,35051.71558383928,-56.64989349609259,0.4675227828528189,True,7011.9108927798725,21926.14220888844,28938.05310166831,-51.538475182522696,0.2210330677748426,True,5.111418313569892,,,,,,,,,,,,,,,,,-51.538475182522696,,,,0,1,0,5.111418313569892,1,1,1,1,0,0,0,0,0,0,0,0,,,,0,0,0,0,0,0,0,0,,,,trump_era,10784.93,256760.0,-2.4597507000000003,-1.8016643342937568,-2.5521211728785027,-2.063528789686117,-1.6187237864894657,-1.1694725325654598,-0.773319764285308,0,1,-1,0,-1,0,-1,0,False,False,-1,-1.6187237864894657,-1,10,7.675196559236454,5.445196559236454,-46.09327862328624,46.09327862328624,2.0936617283527994,True,-1.1497680856394263,-0.46895570085003935,-1.3312817650796092,-1.0438397436697526,-0.7563977222598959,-0.9108338424520258,-0.7078899440374399
2018,house,45,7148.0,13669.0,20817.0,-31.32535908151992,True,contested_two_party,False,True,-28.261870478241192,2,0.0,reported_district_with_activity_split_fallback,True,-28.261870478241192,-3.0634886032787207,False,core_1998_2022,True,0.2539520026210172,0.4548799453779918,,,,,0,,0,,,,,,,7923.953810976469,11454.444546109458,19378.398357085927,-18.218692123449028,0.8035163774082777,True,8228.95731172462,12657.490851533608,20886.44816325823,-21.20290393653101,0.6611447613474453,True,-2.984211813081988,,,,,,,,,,,,,,,,,-21.20290393653101,,,,0,1,0,-2.984211813081988,1,1,1,1,0,0,0,0,0,0,0,0,,,,0,0,0,0,0,0,0,0,,,,trump_era,37133.05,235700.0,-1.9856695,-1.3093969836084711,-1.6511368260662562,-1.4340922674523089,-1.1875060484415023,-0.8952662815530792,-0.6083325571049667,0,1,0,1,-1,0,-1,0,False,False,-1,-1.1875060484415023,0,10,7.675196559236454,5.445196559236454,-15.757707377294555,15.757707377294555,-15.567651704225366,True,-0.8108231920711146,-0.3766828563703877,-0.9848002504237237,-0.782094452405945,-0.5793886543881663,-0.9710666066711149,-0.21643944177038743
2018,house,46,8445.0,13341.0,21786.0,-22.473147893142382,True,contested_two_party,False,True,-13.168727225924734,2,0.0,reported_district_with_activity_split_fallback,True,-13.168727225924734,-9.304420667217652,False,core_1998_2022,True,0.1501459869346945,0.7415033680342927,,,,-0.2788557570378907,1,,0,,,,,,,9239.06598058429,8188.854100911774,17427.920081496064,6.026031074055522,1.0,True,9042.357242234571,7776.875923151126,16819.2331653857,7.524013173726802,1.0,True,1.4979820996712796,,,,,,,,,,,,,,,,,7.524013173726802,,,,0,1,0,1.4979820996712796,1,1,1,1,0,0,0,0,0,0,0,0,,,,0,0,0,0,0,0,0,0,,,,trump_era,121142.03,270930.0,-1.4978797,-0.7712409959343305,-0.7618245936245871,-0.705543982813986,-0.6287292342604796,-0.5172082007826975,-0.3828259766816647,0,1,0,1,0,1,0,1,False,True,-1,-0.6287292342604796,0,10,7.675196559236454,5.445196559236454,12.969209732963256,12.969209732963256,-35.44235762610564,True,-0.3988803499887895,-0.22984888427169003,-0.5290091467632821,-0.4292890592660848,-0.32956897176888744,-0.7714738106041016,0.14274457634362203
2018,house,47,7721.0,9170.0,16891.0,-8.578532946539577,True,contested_two_party,False,False,-5.655364149965139,2,0.0,reported_district_with_population_splits,True,-5.655364149965139,-2.923168796574438,False,core_1998_2022,True,0.4019001133095092,0.5909793316592621,,,,-0.5124289226957738,1,,0,,,,,,,9779.59017323344,8667.936484446944,18447.526657680384,6.026031074055516,0.9999999999999998,True,9571.373146902344,8231.855851698841,17803.228998601186,7.524013173726799,1.0,True,1.4979820996712832,,,,,,,,,,,,,,,,,7.524013173726799,,,,0,0,0,1.4979820996712832,1,1,1,1,0,0,0,0,0,0,0,0,,,,0,0,0,0,0,0,0,0,,,,trump_era,41531.1,167235.02000000002,-1.2570392,-0.917467547521567,-1.2352911395410524,-1.061049178462472,-0.864301003706718,-0.6356090150294369,-0.4190037812999398,0,1,0,1,-1,0,-1,0,False,False,0,-0.864301003706718,0,10,7.675196559236454,5.445196559236454,12.969209732963254,12.969209732963254,-21.547742679502832,True,0.06639410762563214,-0.9306951113323502,-0.8808995306131261,-0.8974980575195342,-0.9140965844259421,-0.5008215470929027,-0.3634794566138153
2018,house,51,3174.0,15390.0,18564.0,-65.80478345184227,True,contested_two_party,False,True,-53.63403536254776,2,0.0,reported_district_with_activity_split_fallback,True,-53.63403536254776,-12.170748089294506,False,core_1998_2022,True,0.1560641037023883,0.2043058157904405,,,,2.1366650922872283,1,-2.550015717568606,1,,,,,,,11416.58144341432,10118.849672441056,21535.431115855376,6.026031074055515,1.0000000000000002,True,11173.511274122297,9609.7741415164,20783.285415638697,7.5240131737268,1.0,True,1.497982099671285,,,,,,,,,,,,,,,,,7.5240131737268,,,,0,1,0,1.497982099671285,1,1,1,1,0,0,0,0,0,0,0,0,,,,0,0,0,0,0,0,0,0,,,,trump_era,3720.83,54200.0,-0.5047917,-0.7683591452666882,-1.5430880946011407,-1.0143536553364974,-0.6625113072995962,-0.3965474981768617,-0.2213707825277324,-1,0,-1,0,-1,0,0,0,False,True,-1,-0.6625113072995962,-1,10,7.675196559236454,5.445196559236454,12.969209732963254,12.969209732963254,-78.77399318480552,True,-0.3988803499887896,-0.2636309573108066,-0.5627912198023988,-0.46307113230520136,-0.363351044808004,-0.7714738106041017,0.10896250330450552
2018,house,61,6491.0,12407.0,18898.0,-31.30489998941687,True,contested_two_party,False,False,-25.72021812617301,2,0.0,reported_district_with_activity_split_fallback,True,-25.72021812617301,-5.584681863243862,False,core_1998_2022,True,0.3081470059110768,0.2728858261017526,,,,3.7220409820395735,1,-1.2699184187369217,1,,,,,,,9811.71337844068,14121.82852681774,23933.54190525842,-18.008680726984608,0.2497803362063945,True,7897.973524259537,13422.336891233845,21320.31041549338,-25.91127079913328,0.0974190198469543,True,-7.902590072148666,,,,,,,,,,,,,,,,,-25.91127079913328,,,,0,0,0,-7.902590072148666,1,1,1,1,0,0,0,0,0,0,0,0,,,,0,0,0,0,0,0,0,0,,,,trump_era,22823.0,116749.73,-0.9392673,-0.8524506766623229,-1.351085023128746,-1.0865563425245233,-0.8284622262321009,-0.5679990753929388,-0.351734232470664,0,1,-1,0,-1,0,-1,0,False,False,0,-0.8284622262321009,-1,10,7.675196559236454,5.445196559236454,-20.466074239896827,20.466074239896827,-10.838825749520044,True,-0.39815617976188594,-0.4303060464702149,-0.7289231812916294,-0.6293841363511579,-0.5298450914106865,-0.6910656498786062,-0.13739657635349467
2018,house,62,5265.0,11282.0,16547.0,-36.36308696440442,True,contested_two_party,False,True,-27.845806003580584,2,0.0,reported_district_with_activity_split_fallback,True,-27.845806003580584,-8.51728096082384,False,core_1998_2022,True,0.2693176588712713,0.2067628418945964,,,,-3.883234154697848,1,-1.1163339284456617,1,,,,,,,10303.79127234653,14753.049953587126,25056.84122593365,-17.75666230680204,0.396485680497712,True,7549.700424935281,13332.735581201548,20882.436006136828,-27.69329763331623,0.147549852173366,True,-9.936635326514192,,,,,,,,,,,,,,,,,-27.69329763331623,,,,0,1,0,-9.936635326514192,1,1,1,1,0,0,0,0,0,0,0,0,,,,0,0,0,0,0,0,0,0,,,,trump_era,14515.02,55000.0,-0.4048498,-0.5100135252505851,-0.9751012789657284,-0.705345781880161,-0.487062285248337,-0.3027191234888688,-0.1728837859318487,0,1,-1,0,-1,0,0,0,False,False,-1,-0.487062285248337,-1,10,7.675196559236454,5.445196559236454,-22.248101074079777,22.248101074079777,-14.11498589032464,True,-0.8833415495773701,0.3962792643290331,-0.26622689785399445,-0.04539151045965195,0.1754438769346906,-0.9581796117285297,0.4711173264801927
2018,house,64,4022.0,13030.0,17052.0,-52.82664790053953,True,contested_two_party,False,True,-50.19519536265196,2,0.0,reported_district_with_activity_split_fallback,True,-50.19519536265196,-2.6314525378875686,False,core_1998_2022,True,0.2260551469142115,0.1943775978998031,,,,-2.079107346759546,1,-1.9499572379889067,1,,,,,,,3764.5754434956057,11012.980019069446,14777.555462565051,-49.05009217482362,0.4262504092693415,True,3873.226020631366,13245.281091537492,17118.50711216886,-54.74808643940632,0.1944980600230467,True,-5.697994264582704,,,,,,,,,,,,,,,,,-54.74808643940632,,,,0,1,0,-5.697994264582704,1,1,1,1,0,0,0,0,0,0,0,0,,,,0,0,0,0,0,0,0,0,,,,trump_era,11548.96,125652.14,-1.1410318,-1.1046550054499942,-1.839766259349924,-1.4163207389680104,-1.0486726063008551,-0.7045310122801404,-0.4313732953847515,0,1,-1,0,-1,0,-1,0,False,False,-1,-1.0486726063008551,-1,10,7.675196559236454,5.445196559236454,-49.30288988016987,49.30288988016987,-3.5237580203696552,True,-1.185629660061033,0.13695705376017786,-0.7522651912855969,-0.45585777627033863,-0.1594503612550804,-0.9044610019176201,-0.144211604383235
2018,house,65,9010.0,10095.0,19105.0,-5.679141585972259,True,contested_two_party,True,False,-19.501429724458283,2,0.0,reported_district_with_population_splits,True,-19.501429724458283,13.822288138486025,False,core_1998_2022,True,0.4090782576425291,0.1466983424221154,,,,0.9376641981191706,1,0.4956934755648139,1,,,,,,,10965.6650409938,14697.393864549584,25663.05890554339,-14.54124715721128,0.3227463720226239,True,8917.43858418319,14380.99236927983,23298.43095346302,-23.45030785982844,0.1102125600774039,True,-8.909060702617158,,,,,,,,,,,,,,,,,-23.45030785982844,,,,1,0,0,-8.909060702617158,1,1,1,1,0,0,0,0,0,0,0,0,,,,0,0,0,0,0,0,0,0,,,,trump_era,213704.69,125226.33,0.8847836,0.4848185396847405,0.503376940686667,0.4630841576782172,0.4087514259645362,0.3313462579486357,0.2406310701647567,0,1,0,1,0,1,0,1,False,True,1,0.4087514259645362,0,10,7.675196559236454,5.445196559236454,-18.005111300591985,18.005111300591985,12.325969714619726,True,0.09461506750499571,0.31413635845954047,0.38509765908828725,0.3614438922120383,0.3377901253357894,-0.42529974895715583,0.834051174921692
2018,house,73,5772.0,12913.0,18685.0,-38.21782178217822,True,contested_two_party,False,True,-29.70139183605804,2,0.0,reported_district_with_activity_split_fallback,True,-29.70139183605804,-8.516429946120184,False,core_1998_2022,True,0.2486516944377365,0.3869667063476825,,,,0.0,1,,0,,,,,,,3807.559892420729,13032.102678740264,16839.662571160992,-54.778667608917296,0.4675227828528189,True,4712.053845221007,14089.379202048993,18801.43304727,-49.87558838335247,0.2210330677748425,True,4.903079225564831,,,,,,,,,,,,,,,,,-49.87558838335247,,,,0,1,0,4.903079225564831,1,1,1,1,0,0,0,0,0,0,0,0,,,,0,0,0,0,0,0,0,0,,,,trump_era,28668.63,204908.64,-1.7624001,-1.2671807196957123,-1.715184330575396,-1.454853353122053,-1.175660732779794,-0.8627718510047837,-0.5713875363858278,0,1,0,1,-1,0,-1,0,False,False,-1,-1.1756607327797939,0,10,7.675196559236454,5.445196559236454,-44.430391824116015,44.430391824116015,6.212570041937795,True,-1.1311883468703607,-0.04447238590943314,-0.8928636460622037,-0.6100665593446135,-0.32726947262702333,-0.9141355857317305,-0.2615251470480634
2018,house,74,6160.0,9449.0,15609.0,-21.07117688513037,True,contested_two_party,False,True,-5.981388733939145,2,0.0,reported_district_with_activity_split_fallback,True,-5.981388733939145,-15.089788151191229,False,core_1998_2022,True,0.4400559550610915,0.3703532315286132,,,,-2.491193293390966,1,,0,,,,,,,,,,,,False,11590.513692706832,6689.392305878037,18279.90599858487,26.811524015540414,1.0,True,,,,,,,,,,,,,,,,,,26.811524015540414,,,,0,1,0,,0,1,1,1,0,0,0,0,0,0,0,0,,,,0,0,0,0,0,0,0,0,,,,trump_era,8485.0,102250.0,-0.93765,-1.0180883661265896,-1.8037689342337684,-1.3350560780686185,-0.956753595487336,-0.6228926413632659,-0.371387393290071,-1,0,-1,0,-1,0,-1,0,False,False,-1,-0.9567535954873361,-1,10,7.675196559236454,5.445196559236454,32.256720574776864,32.256720574776864,-53.327897459907234,True,-0.04808638272488985,-0.9086672127624462,-0.9447319998061137,-0.9327104041248911,-0.9206888084436686,-0.4281136386388198,-0.5286399568485163
2018,house,79,7015.0,9717.0,16732.0,-16.14869710733923,True,contested_two_party,False,True,-5.626090306512133,2,0.0,reported_district_with_activity_split_fallback,True,-5.626090306512133,-10.5226068008271,False,core_1998_2022,True,0.3003983616675083,0.6405873328950252,,,,3.7315729762333625,1,-2.1228517332224617,1,,,,,,,4589.35898510416,6259.066968591303,10848.425953695463,-15.391246533036112,0.451683665816709,True,6930.922654472281,9908.68819507041,16839.61084954269,-17.683101867398538,0.2311135781689258,True,-2.2918553343624257,,,,,,,,,,,,,,,,,-17.683101867398538,,,,0,1,0,-2.2918553343624257,1,1,1,1,0,0,0,0,0,0,0,0,,,,0,0,0,0,0,0,0,0,,,,trump_era,22489.5,211575.0,-1.890855,-1.3863971600505272,-1.9198441724124395,-1.605756648421014,-1.2832793254812165,-0.9336147676870524,-0.6151113540525573,0,1,-1,0,-1,0,-1,0,False,True,-1,-1.2832793254812163,-1,10,7.675196559236454,5.445196559236454,-12.237905308162084,12.237905308162084,-3.9107917991771473,True,-0.7714957988920175,-0.5117835265891988,-1.090405375758212,-0.8975314260352075,-0.7046574763122031,-0.9780553462735027,-0.3052239792077136
2018,house,80,3407.0,8506.0,11913.0,-42.801981029127845,True,contested_two_party,False,True,-32.464407780942814,2,0.0,reported_district_with_activity_split_fallback,True,-32.464407780942814,-10.33757324818503,False,core_1998_2022,True,0.3061401038104051,0.1892933439450425,,,,0.63974640383283,1,,0,,,,,,,3176.780995154954,5593.354435196993,8770.135430351947,-27.55457380599493,0.3027469675775991,True,2726.951140882084,5222.627689846982,7949.578830729066,-31.39382100744596,0.1786538482862356,True,-3.8392472014510233,,,,,,,,,,,,,,,,,-31.39382100744596,,,,0,1,0,-3.8392472014510233,1,1,1,1,0,0,0,0,0,0,0,0,,,,0,0,0,0,0,0,0,0,,,,trump_era,545.0,112950.0,-1.12405,-1.3985939408959365,-2.456125954731464,-1.6864496978805337,-1.1705793766775496,-0.7504520078911917,-0.4450047729039861,-1,0,-1,0,-1,0,-1,0,False,False,-1,-1.1705793766775496,-1,10,7.675196559236454,5.445196559236454,-25.948624448209507,25.948624448209507,-16.853356580918337,True,-0.9246881749967671,-0.2458912016807825,-0.9394073329283579,-0.7082352891791661,-0.47706324542997425,-0.9508320411133683,-0.21974733556418136
2018,house,81,4696.0,12823.0,17519.0,-46.38963411153605,True,contested_two_party,False,False,-43.15457342173072,2,0.0,reported_district_with_activity_split_fallback,True,-43.15457342173072,-3.23506068980533,False,core_1998_2022,True,0.2637497764263995,0.2215610072058942,,,,-1.7674577547015289,1,,0,,,,,,,6174.071042635472,14261.796923308577,20435.86796594405,-39.57613101704871,0.2836458088022436,True,5385.660118827079,15754.123055879109,21139.783174706183,-49.04715839024275,0.2173717861087378,True,-9.47102737319404,,,,,,,,,,,,,,,,,-49.04715839024275,,,,0,0,0,-9.47102737319404,1,1,1,1,0,0,0,0,0,0,0,0,,,,0,0,0,0,0,0,0,0,,,,trump_era,15170.14,107225.0,-0.9205486,-0.9135910286263332,-1.5384367936666994,-1.1913810833989749,-0.8806765118598733,-0.5873946462031739,-0.3561513141571882,0,1,-1,0,-1,0,-1,0,False,False,0,-0.8806765118598733,-1,10,7.675196559236454,5.445196559236454,-43.60196183100629,43.60196183100629,-2.7876722805297547,True,-0.6566576892138689,-0.22401882264600437,-0.7165120895564061,-0.5523476672529388,-0.3881832449494716,-0.6451282105940641,-0.23554830126580917
2018,house,83,8940.0,5142.0,14082.0,26.97060076693652,True,contested_two_party,False,False,16.329931961535408,2,0.0,reported_district_with_activity_split_fallback,True,16.329931961535408,10.640668805401106,False,core_1998_2022,True,0.6175642749117796,0.2007084715104009,,,,3.1462599057913483,1,2.843676359938899,1,,,,,,,12075.27913345612,10461.622845350894,22536.90197880701,7.160062592554452,0.3195071101267318,True,9920.969124233956,9160.79325018849,19081.762374422447,3.983782310717904,0.1818281231812763,True,-3.176280281836548,,,,,,,,,,,,,,,,,3.983782310717904,,,,0,0,0,-3.176280281836548,1,1,1,1,0,0,0,0,0,0,0,0,,,,0,0,0,0,0,0,0,0,,,,trump_era,79121.02,2745.0,0.7637602,1.023635433706238,1.944856183527769,1.322498232689298,0.8952811229849176,0.5558114763889284,0.3196964194350767,1,0,1,0,1,0,0,0,False,False,0,0.8952811229849176,1,10,7.675196559236454,5.445196559236454,9.428978869954358,9.428978869954358,17.541621896982164,True,0.0020057249229414875,0.8932753980619761,0.8947796917541821,0.8942782605234468,0.8937768292927115,-0.5638454534895889,1.4591265764745065
2018,house,86,3238.0,11226.0,14464.0,-55.22676991150443,True,contested_two_party,False,True,-51.312550201886594,2,0.0,reported_district_with_population_splits,True,-51.312550201886594,-3.914219709617832,False,core_1998_2022,True,0.2595563842934888,0.1670989107449228,,,,-1.4513378228572544,1,,0,,,,,,,5492.246090853582,17203.70242503363,22695.94851588721,-51.601528466554285,0.6076806686360688,True,4441.447941613648,15085.195950423791,19526.64389203744,-54.508844774654,0.1874033629686896,True,-2.907316308099716,,,,,,,,,,,,,,,,,-54.508844774654,,,,0,1,0,-2.907316308099716,1,1,1,1,0,0,0,0,0,0,0,0,,,,0,0,0,0,0,0,0,0,,,,trump_era,0.0,167943.9,-1.679439,-1.8327242018372545,-2.8788832390826715,-2.0435236482078034,-1.4722146847939237,-0.9856074442523176,-0.6096131143477008,-1,0,-1,0,-1,0,-1,0,False,False,-1,-1.4722146847939237,-1,10,7.675196559236454,5.445196559236454,-49.063648215417544,49.063648215417544,-6.163121696086883,True,-1.1829565691230373,-0.28925811567088644,-1.1764755425131643,-0.8807364002324051,-0.5849972579516458,-0.9049360279742438,-0.5672786568196799
2018,house,88,4793.0,11500.0,16293.0,-41.16491744921132,True,contested_two_party,False,False,-35.332617048345426,2,0.0,reported_district_with_activity_split_fallback,True,-35.332617048345426,-5.83230040086589,False,core_1998_2022,True,0.3059836808703535,0.3261343804537522,,,,2.3185214322924,1,-3.077011170830985,1,,,,,,,5919.429482887995,15480.755448437,21400.184931324995,-44.678707199176586,0.57090287000674,True,5996.805835155646,18201.41094538599,24198.21678054164,-50.4359689844764,0.1352250109336367,True,-5.757261785299818,,,,,,,,,,,,,,,,,-50.4359689844764,,,,0,0,0,-5.757261785299818,1,1,1,1,0,0,0,0,0,0,0,0,,,,0,0,0,0,0,0,0,0,,,,trump_era,5046.92,0.0,0.0504692,0.3177080420763692,0.4085882260941416,0.183884335019692,0.0961629070381835,0.0492369215013691,0.0249214644505673,0,0,0,0,0,0,0,0,False,False,0,0.0961629070381835,0,10,7.675196559236454,5.445196559236454,-44.99077242523995,44.99077242523995,3.82585497602863,True,-0.6721751243474259,0.7683380313856094,0.26420668812504,0.43225046921189647,0.6002942502987529,-0.6423706590586368,0.7385335660968203
2018,house,89,5348.0,7804.0,13152.0,-18.67396593673966,True,contested_two_party,False,False,-24.20222276439944,2,0.0,reported_district_with_activity_split_fallback,True,-24.20222276439944,5.528256827659778,False,core_1998_2022,True,0.3944205632072989,0.277722453283346,,,,-1.2115375578885033,1,,0,,,,,,,6910.12873069828,10611.640020723076,17521.768751421354,-21.12521482584076,0.183127924435764,True,5745.237106127867,10210.136293325791,15955.37339945366,-27.98367092650312,0.0476044603108617,True,-6.858456100662362,,,,,,,,,,,,,,,,,-27.98367092650312,,,,0,0,0,-6.858456100662362,1,1,1,1,0,0,0,0,0,0,0,0,,,,0,0,0,0,0,0,0,0,,,,trump_era,47450.0,211653.55,-1.6420355,-1.0832765200748482,-1.3502005730098616,-1.1837005885294631,-0.9876818745157744,-0.7484030189121725,-0.5089735561402792,0,1,0,1,-1,0,-1,0,False,False,0,-0.9876818745157743,0,10,7.675196559236454,5.445196559236454,-22.538474367266666,22.538474367266666,3.8645084305270068,True,-0.42131148595033097,-0.5663703885654433,-0.8823540030281916,-0.7770261315406088,-0.671698260053026,-0.6869507978052017,-0.30073107671057253
2018,house,90,6051.0,11063.0,17114.0,-29.28596470725721,True,contested_two_party,False,True,-23.1600409027632,2,0.0,reported_district_with_activity_split_fallback,True,-23.1600409027632,-6.125923804494018,False,core_1998_2022,True,0.3966378200058748,0.170186839967506,,,,-1.8659025443509991,1,,0,,,,,,,3658.8295074619546,6524.149906624642,10182.979414086596,-28.13833046936101,0.1448386922508401,False,7336.861976754115,11838.120477127348,19174.982453881465,-23.474642082199523,0.1055545487677395,True,4.663688387161486,,,,,,,,,,,,,,,,,-23.474642082199523,,,,0,1,0,4.663688387161486,1,1,1,1,0,0,0,0,0,0,0,0,,,,0,0,0,0,0,0,0,0,,,,trump_era,20788.18,261820.0,-2.4103182,-1.6435208271965185,-2.178009232438545,-1.8348288620915605,-1.4827340606388348,-1.0971084175619163,-0.7379714244129577,0,1,-1,0,-1,0,-1,0,False,True,-1,-1.4827340606388348,-1,10,7.675196559236454,5.445196559236454,-18.02944552296307,18.02944552296307,-11.256519184294142,True,-0.8362057384472745,-0.6465283221915603,-1.2736826260270162,-1.0646311914151976,-0.8555797568033789,-0.9665559591878029,-0.5161781014510319
2018,house,94,6257.0,15302.0,21559.0,-41.95463611484763,True,contested_two_party,False,True,-44.57193707087651,2,0.0,reported_district_with_activity_split_fallback,True,-44.57193707087651,2.6173009560288776,False,core_1998_2022,True,0.1368427093096654,0.3975232385623883,,,,,0,-0.6054681247625945,1,,,,,,,5107.827027135287,17881.785404672148,22989.61243180744,-55.5640440456637,0.3986991831250519,True,5825.798772533666,22872.56710010764,28698.365872641305,-59.399787441643085,0.1945457133160355,True,-3.835743395979385,,,,,,,,,,,,,,,,,-59.399787441643085,,,,0,1,0,-3.835743395979385,1,1,1,1,0,0,0,0,0,0,0,0,,,,0,0,0,0,0,0,0,0,,,,trump_era,58758.51,0.0,0.5875851,1.084052673996979,1.92801541771048,1.20906195261513,0.7771069143526143,0.4622140566471559,0.2575778663796034,1,0,1,0,1,0,0,0,False,False,-1,0.7771069143526143,1,10,7.675196559236454,5.445196559236454,-53.954590882406634,53.954590882406634,11.999954767559004,True,-1.237603967329866,2.0147108816824804,1.0865079061850809,1.3959088980175474,1.7053098898500139,-0.8952248214806868,1.6723317358333012
2018,house,96,5019.0,13699.0,18718.0,-46.37247569184742,True,contested_two_party,False,False,-37.59024221487874,2,0.0,reported_district_with_activity_split_fallback,True,-37.59024221487874,-8.782233476968678,False,core_1998_2022,True,0.2141194578969103,0.4220104877129245,,,,-1.574427692935485,1,-2.017281841358312,1,,,,,,,5979.97563898374,17970.1163471371,23950.09198612084,-50.06302570821727,0.4086385510386667,True,6527.553458252538,21595.18198844217,28122.735446694707,-53.57810430194316,0.1906242624145301,True,-3.515078593725896,,,,,,,,,,,,,,,,,-53.57810430194316,,,,0,0,0,-3.515078593725896,1,1,1,1,0,0,0,0,0,0,0,0,,,,0,0,0,0,0,0,0,0,,,,trump_era,12701.68,99035.0,-0.8633332,-0.9033559801208876,-1.5692300010452955,-1.1908591280469285,-0.8657929361515018,-0.5687363608895865,-0.3406700027727365,0,1,-1,0,-1,0,0,0,False,True,0,-0.8657929361515018,-1,10,7.675196559236454,5.445196559236454,-48.132907742706706,48.132907742706706,1.7604320508592863,True,-0.7072827777395382,-0.1585101584119636,-0.6889722417166172,-0.5121515472817326,-0.33533085284684816,-0.6361317953106381,-0.22966114084086364
2018,house,97,8740.0,4605.0,13345.0,30.985387785687525,True,contested_two_party,True,False,40.951472048763165,2,0.0,reported_district_with_activity_split_fallback,True,40.951472048763165,-9.96608426307564,False,core_1998_2022,True,0.6166775153431281,0.3668047769924445,,,,4.719329775998152,1,,0,,,,,,,9005.665204762632,6071.537724591914,15077.202929354546,19.460688391068352,0.5260490748792132,True,10337.943845919306,6312.150054386761,16650.093900306067,24.178805330692708,0.1662272807161081,True,4.718116939624355,,,,,,,,,,,,,,,,,24.178805330692708,,,,1,0,0,4.718116939624355,1,1,1,1,0,0,0,0,0,0,0,0,,,,0,0,0,0,0,0,0,0,,,,trump_era,137163.0,114284.0,0.22879,0.1444324089507315,0.16897154660849,0.152086988044801,0.13038325747066,0.1014454304441466,0.070269457211584,0,1,0,1,0,1,0,1,False,False,1,0.13038325747066004,0,10,7.675196559236454,5.445196559236454,29.62400188992916,29.62400188992916,1.3613858957583638,True,0.8345796387639606,-0.7041963812933005,-0.0782616522203301,-0.28690656191132025,-0.4955514716023104,0.06632269747084552,0.06406055999981453
2018,house,99,11794.0,4270.0,16064.0,46.83764940239044,True,contested_two_party,False,False,46.81989015856212,2,0.0,reported_district_with_activity_split_fallback,True,46.81989015856212,0.0177592438283227,False,core_1998_2022,True,0.6833278382239807,0.2479788954131563,,,,3.606883599427914,1,,0,,,,,,,15102.330836843968,10616.072762631402,25718.40359947537,17.44376573320469,0.5260490748792132,True,12715.070611529078,7112.530819645551,19827.60143117463,28.256265949923428,0.1662272807161081,True,10.81250021671874,,,,,,,,,,,,,,,,,28.256265949923428,,,,0,0,0,10.81250021671874,1,1,1,1,0,0,0,0,0,0,0,0,,,,0,0,0,0,0,0,0,0,,,,trump_era,114850.92,1268.14,1.1358278,1.3563347406522082,2.4051411110391614,1.67222020011005,1.1679720437211516,0.7521725418359342,0.4474612080742722,1,0,1,0,1,0,1,0,True,False,0,1.1679720437211516,1,10,7.675196559236454,5.445196559236454,33.70146250915988,33.70146250915988,13.136186893230558,True,0.44346449588503045,0.7245075478361211,1.057105919749894,0.9462397957786364,0.8353736718073788,-0.1317417867834485,1.2997138305046
2018,house,104,4695.0,10152.0,14847.0,-36.7548999797939,True,contested_two_party,False,True,-27.596830155444508,2,0.0,reported_district_with_activity_split_fallback,True,-27.596830155444508,-9.15806982434939,False,core_1998_2022,True,0.3128693100778352,0.2331468702788779,,,,2.383943857361866,1,,0,,,,,,,6421.000119574545,12382.4252990676,18803.425418642146,-31.703931846283503,0.526049074879213,True,4324.265574755133,9874.7256262683,14198.991201023431,-39.0905239177351,0.1662272807161081,True,-7.386592071451592,,,,,,,,,,,,,,,,,-39.0905239177351,,,,0,1,0,-7.386592071451592,1,1,1,1,0,0,0,0,0,0,0,0,,,,0,0,0,0,0,0,0,0,,,,trump_era,6155.02,104401.05,-0.9824603,-1.0941419500255043,-1.957479419942751,-1.4239411084604008,-1.011437357513686,-0.6551835167030672,-0.3897176653332488,-1,0,-1,0,-1,0,-1,0,False,True,-1,-1.011437357513686,-1,10,7.675196559236454,5.445196559236454,-33.64532735849865,33.64532735849865,-3.10957262129525,True,-1.0106848462840952,-0.0007525112295907466,-0.7587661459426621,-0.5060949343716383,-0.25342372280061454,-0.9355498600757827,-0.07588749743790324
2018,senate,1,15830.0,33141.0,48971.0,-35.34949255681934,True,contested_two_party,False,True,-34.81328810745321,2,0.0,reported_district_with_activity_split_fallback,True,-34.81328810745321,-0.5362044493661315,False,core_1998_2022,True,0.1877446530890112,0.2417438521882245,,,,5.51214574605286,1,-1.6802545900187729,1,,,,,,,16267.036408402968,36528.3051376881,52795.34154609106,-38.37700095489819,0.4189586357751004,True,15492.276149840982,43546.339314867466,59038.61546470845,-47.51815899510106,0.220440289536992,True,-9.141158040202868,,,,,,,,,,,,,,,,,-47.51815899510106,,,,0,1,0,-9.141158040202868,1,1,1,1,0,0,0,0,0,0,0,0,,,,0,0,0,0,0,0,0,0,,,,trump_era,96008.42,561740.0,-4.6573158,-1.9661339073117725,-1.685165817668531,-1.5787216615996855,-1.4326430643640915,-1.2167151120546391,-0.9452173902476644,0,1,0,1,0,1,-1,0,False,False,-1,-1.4326430643640915,0,10,7.675196559236454,5.445196559236454,-42.07296243586461,42.07296243586461,6.723469879045268,True,-1.82926195614505,0.39661889178095855,-0.975327575327829,-0.5180120862915665,-0.06069659725530396,-1.6688009282673568,0.23615786390326532
2018,senate,2,26911.0,31997.0,58908.0,-8.633801860528282,True,contested_two_party,False,False,-8.175435317206956,2,0.0,reported_district_with_activity_split_fallback,True,-8.175435317206956,-0.4583665433213255,False,core_1998_2022,True,0.3649823534475338,0.4791759764053981,,,,-2.096393028808073,1,,0,,,,,,,24624.14435559879,37121.56877237425,61745.71312797304,-20.24014912723338,0.2684557496266257,True,24222.13524700631,33995.16817657098,58217.303423577294,-16.787161814174155,0.0868548478574457,True,3.452987313059225,,,,,,,,,,,,,,,,,-16.787161814174155,,,,0,0,0,3.452987313059225,1,1,1,1,0,0,0,0,0,0,0,0,,,,0,0,0,0,0,0,0,0,,,,trump_era,46834.43,436358.8,-3.8952437,-1.986352671597548,-2.0609808088439703,-1.8598121607175504,-1.6139440102560765,-1.295497714639931,-0.947044767236369,0,1,0,1,-1,0,-1,0,False,False,0,-1.6139440102560765,0,10,7.675196559236454,5.445196559236454,-11.341965254937701,11.341965254937701,2.7081633944094197,True,-1.0206244385680219,-0.5933195716880546,-1.358787900614071,-1.1036317909720657,-0.84847568133006,-1.4591665665588425,-0.154777443697234
2018,senate,6,21796.0,22683.0,44479.0,-1.994199509881068,True,contested_two_party,False,True,-23.90674250783585,2,0.0,reported_district_with_activity_split_fallback,True,-23.90674250783585,21.912542997954784,False,core_1998_2022,True,0.2312443260458678,0.1765591221300933,,,,0.0153327471019937,1,,0,,,,,,,19055.90797428344,33411.33351026761,52467.24148455105,-27.36074001567457,0.3490449344236101,True,15712.63458684747,39980.482554809765,55693.11714165723,-43.574231814384255,0.1497634081237394,True,-16.213491798709686,,,,,,,,,,,,,,,,,-43.574231814384255,,,,0,1,0,-16.213491798709686,1,1,1,1,0,0,0,0,0,0,0,0,,,,0,0,0,0,0,0,0,0,,,,trump_era,896963.94,386876.58,5.100873599999999,1.4538366905619848,0.8264773411412776,0.8057823707979459,0.7736102847429174,0.7167039389963423,0.6254870460826372,0,1,0,1,0,1,0,1,False,False,-1,0.7736102847429174,0,10,7.675196559236454,5.445196559236454,-38.1290352551478,38.1290352551478,36.13483574526673,True,-1.7851957354146306,2.558806020157548,1.219909218596575,1.6662081524502326,2.11250708630389,-1.6766317890758464,2.450242073818764
2018,senate,7,24363.0,30080.0,54443.0,-10.50089083996106,True,contested_two_party,False,False,-4.748277547373085,2,0.0,reported_district_with_activity_split_fallback,True,-4.748277547373085,-5.752613292587975,False,core_1998_2022,True,0.3661180248896025,0.4359222002644834,,,,-3.8561400449583294,1,,0,,,,,,,25796.756759505668,34008.80113923793,59805.5578987436,-13.73123948385536,0.2425220191368104,True,24940.806829017947,34312.53771038183,59253.34453939978,-15.816374508838514,0.0775360701579341,True,-2.0851350249831544,,,,,,,,,,,,,,,,,-15.816374508838514,,,,0,0,0,-2.0851350249831544,1,1,1,1,0,0,0,0,0,0,0,0,,,,0,0,0,0,0,0,0,0,,,,trump_era,9349.08,648767.22,-6.3941814,-3.169716845414275,-3.527725366805532,-2.976309445143462,-2.465881048500965,-1.923882813759991,-1.399781869425965,-1,0,-1,0,-1,0,-1,0,False,True,0,-2.4658810485009646,-1,10,7.675196559236454,5.445196559236454,-10.37117794960206,10.37117794960206,-0.12971289035900035,True,-1.0097776542033485,-1.456103394297616,-2.2134366349501273,-1.9609922213992903,-1.7085478078484533,-1.461094112356316,-1.0047869361446486
2018,senate,11,11411.0,36192.0,47603.0,-52.057643425834506,True,contested_two_party,False,True,-46.5323730414148,2,0.0,reported_district_with_activity_split_fallback,True,-46.5323730414148,-5.525270384419706,False,core_1998_2022,True,0.2138224593393635,0.1934933034292049,,,,-1.5811133935398791,1,,0,,,,,,,15723.26100622939,43211.3289565499,58934.58996277929,-46.64165470173096,0.2474343187152718,True,14725.749307004611,45784.58200784774,60510.33131485235,-51.32814847639033,0.1918986087545673,True,-4.686493774659368,,,,,,,,,,,,,,,,,-51.32814847639033,,,,0,1,0,-4.686493774659368,1,1,1,1,0,0,0,0,0,0,0,0,,,,0,0,0,0,0,0,0,0,,,,trump_era,20827.99,0.0,0.2082799,0.6454144404954076,1.1258379505412153,0.6060192149559454,0.3482312561287132,0.1891977779711097,0.0990667061250824,1,0,0,0,0,0,0,0,False,False,-1,0.34823125612871325,0,10,7.675196559236454,5.445196559236454,-45.882951917153875,45.882951917153875,-6.174691508680631,True,-1.8718316664287358,2.220062922557449,0.8161891727358972,1.284147089343081,1.7521050059502652,-1.66123600732874,2.009467263457453
2018,senate,12,15010.0,27416.0,42426.0,-29.241502852024706,True,contested_two_party,False,True,-32.0708778688827,2,0.0,reported_district_with_population_splits,True,-32.0708778688827,2.8293750168579948,False,core_1998_2022,True,0.2803176240387095,0.1864677599755966,,,,-3.104364225088849,1,,0,,,,,,,18045.80526007358,34122.31508510158,52168.120345175164,-30.81673197856525,0.1701215706879674,True,15493.221968133845,36997.11066329569,52490.33263142953,-40.96733172974028,0.0818793675615285,True,-10.150599751175026,,,,,,,,,,,,,,,,,-40.96733172974028,,,,0,1,0,-10.150599751175026,1,1,1,1,0,0,0,0,0,0,0,0,,,,0,0,0,0,0,0,0,0,,,,trump_era,40358.7,1037926.6,-9.975679,-3.657724573772524,-3.035397429555511,-2.788890765585946,-2.4882416573053945,-2.092761824710707,-1.6390607714135133,0,1,0,1,-1,0,-1,0,False,False,-1,-2.4882416573053945,0,10,7.675196559236454,5.445196559236454,-35.52213517050383,35.52213517050383,6.280632318479125,True,-1.7560683633085383,-0.7321732939968562,-2.04922456647826,-1.6102074756511253,-1.1711903848239906,-1.6818079170237197,-0.8064337402816748
2018,senate,13,12839.0,31614.0,44453.0,-42.23561964321868,True,contested_two_party,False,False,-40.47802001459564,2,0.0,reported_district_with_activity_split_fallback,True,-40.47802001459564,-1.7575996286230406,False,core_1998_2022,True,0.2698368213442446,0.1820947651336344,,,,,0,-2.4930792952061043,1,,,,,,,20371.98826180693,39821.15911662127,60193.1473784282,-32.31127080386638,0.4376549633781496,True,16783.233568240474,41259.4960780584,58042.72964629888,-42.169385656001225,0.2062902349287772,True,-9.858114852134849,,,,,,,,,,,,,,,,,-42.169385656001225,,,,0,0,0,-9.858114852134849,1,1,1,1,0,0,0,0,0,0,0,0,,,,0,0,0,0,0,0,0,0,,,,trump_era,49358.66,585970.9199999999,-5.366122599999999,-2.4297977078976807,-2.3065938494483382,-2.1061492216811644,-1.8564167072425128,-1.5244847085758115,-1.1480275326014877,0,1,0,1,-1,0,-1,0,False,False,0,-1.8564167072425128,0,10,7.675196559236454,5.445196559236454,-36.724189096764775,36.724189096764775,-5.511430546453909,True,-1.304224674371457,-0.5521920328710559,-1.5303605386496486,-1.2043043700567844,-0.8782482014639201,-1.408768916499,-0.4476477907435128
2018,senate,14,13171.0,34953.0,48124.0,-45.26223921536032,True,contested_two_party,False,True,-37.19569226355858,2,0.0,reported_district_with_activity_split_fallback,True,-37.19569226355858,-8.06654695180174,False,core_1998_2022,True,0.2507907977326926,0.2911371693482411,,,,,0,,0,,,,,,,10710.31860072236,36085.26372404551,46795.58232476787,-54.22508677681899,0.5320982003372094,True,12275.434208449966,41047.87540249268,53323.30961094264,-53.958468452112406,0.3797626912729254,True,0.2666183247065845,,,,,,,,,,,,,,,,,-53.958468452112406,,,,0,1,0,0.2666183247065845,1,1,1,1,0,0,0,0,0,0,0,0,,,,0,0,0,0,0,0,0,0,,,,trump_era,4012.0,371970.0,-3.67958,-2.444259693021686,-3.3054279661559627,-2.616151173580084,-2.055727977362805,-1.5124091471430774,-1.030907726808337,-1,0,-1,0,-1,0,-1,0,False,False,-1,-2.0557279773628054,-1,10,7.675196559236454,5.445196559236454,-48.51327189287595,48.51327189287595,3.2510326775156315,True,-1.9012207132672563,-0.15450726409554916,-1.5804227990459914,-1.1051176207291773,-0.6298124424123632,-1.6560133780387325,-0.39971459932407294
2018,senate,16,21851.0,37068.0,58919.0,-25.8269828069044,True,contested_two_party,False,True,-18.560574133668325,2,0.0,reported_district_with_activity_split_fallback,True,-18.560574133668325,-7.266408673236068,False,core_1998_2022,True,0.2568264476899471,0.6382061985745158,,,,4.5478058685985205,1,,0,,,,,,,24872.352563348275,36321.21712469913,61193.5696880474,-18.70926082546725,0.7879134336956601,True,24754.50826939916,33310.2446792585,58064.75294865767,-14.734819275687856,0.6977402148767343,True,3.974441549779394,,,,,,,,,,,,,,,,,-14.734819275687856,,,,0,1,0,3.974441549779394,1,1,1,1,0,0,0,0,0,0,0,0,,,,0,0,0,0,0,0,0,0,,,,trump_era,0.0,409725.0,-4.09725,-2.86260370991166,-3.737014641928416,-2.855837822399932,-2.2186054791987706,-1.6287011786149466,-1.114690669297449,-1,0,-1,0,-1,0,-1,0,False,False,-1,-2.2186054791987706,-1,10,7.675196559236454,5.445196559236454,-9.289622716451403,9.289622716451403,-16.537360090453,True,-1.4629676971081926,-0.755637782090578,-1.8528635549217225,-1.4871216306446744,-1.121379706367626,-1.7338938568171902,-0.4847116223815804
2018,senate,21,16005.0,33368.0,49373.0,-35.16699410609037,True,contested_two_party,False,True,-25.53221093141136,2,0.0,reported_district_with_activity_split_fallback,True,-25.53221093141136,-9.634783174679017,False,core_1998_2022,True,0.2296459704678882,0.3198185263883306,,,,-5.799381158293838,1,-2.847405102611473,1,,,,,,,22577.586518491466,39715.55676123155,62293.143279723015,-27.51180842774817,0.3296468020165694,True,21255.97756570933,41775.66032416703,63031.637889876365,-32.55457647206944,0.1299963310527057,True,-5.042768044321267,,,,,,,,,,,,,,,,,-32.55457647206944,,,,0,1,0,-5.042768044321267,1,1,1,1,0,0,0,0,0,0,0,0,,,,0,0,0,0,0,0,0,0,,,,trump_era,18930.1,338268.47,-3.1933837,-1.9857259442378583,-2.4880910722636576,-2.1125424133483497,-1.7286040856940588,-1.304295742238198,-0.8996049497790143,0,1,-1,0,-1,0,-1,0,False,False,-1,-1.7286040856940588,-1,10,7.675196559236454,5.445196559236454,-27.10937991283299,27.10937991283299,-8.057614193257383,True,-1.6620711079971102,-0.06653297769694855,-1.3130863086947813,-0.8975685316955037,-0.48205075469622605,-1.6985118551087868,-0.030092230585271995
2018,senate,25,20866.0,33029.0,53895.0,-22.567956211151312,True,contested_two_party,False,False,-15.301788860167392,2,0.0,reported_district_with_activity_split_fallback,True,-15.301788860167392,-7.26616735098392,False,core_1998_2022,True,0.4110119933285812,0.3786634460547504,,,,3.1564956129048047,1,-3.593178542310464,1,,,,,,,4700.428747935345,13398.194563773484,18098.623311708827,-48.05761005153997,0.1968671536594825,False,30636.26743026104,28358.688660942324,58994.95609120336,3.8606330442854895,0.7238145415559719,True,51.91824309582547,,,,,,,,,,,,,,,,,3.8606330442854895,,,,0,0,0,51.91824309582547,1,1,1,1,0,0,0,0,0,0,0,0,,,,0,0,0,0,0,0,0,0,,,,trump_era,12235.0,509228.0500000001,-4.969930500000001,-2.6966542917570413,-3.1506755653916287,-2.6635736285585443,-2.195639808152848,-1.691597776549627,-1.2064829737093283,0,1,-1,0,-1,0,-1,0,False,False,0,-2.1956398081528476,-1,10,7.675196559236454,5.445196559236454,9.305829603521943,9.305829603521943,-31.873785814673255,True,-0.724647667051956,-1.4709921411008917,-2.0144778913898587,-1.8333159746268697,-1.6521540578638807,-1.3160223325453781,-0.8796174756074695
2018,senate,27,20586.0,29741.0,50327.0,-18.191030659486955,True,contested_two_party,False,True,-16.541389395510745,2,0.0,reported_district_with_activity_split_fallback,True,-16.541389395510745,-1.6496412639762106,False,core_1998_2022,True,0.3547405509288918,0.3834819632560011,,,,-3.130367272180555,1,,0,,,,,,,20128.40519024538,29590.33234511781,49718.7375353632,-19.03090791101141,0.3277743629020806,True,20473.12713301508,33802.0634124418,54275.19054545688,-24.558064459052225,0.1698361617777236,True,-5.527156548040807,,,,,,,,,,,,,,,,,-24.558064459052225,,,,0,1,0,-5.527156548040807,1,1,1,1,0,0,0,0,0,0,0,0,,,,0,0,0,0,0,0,0,0,,,,trump_era,42329.7,1068459.95,-10.2613025,-3.702577666604523,-3.025725242711639,-2.787500767050548,-2.494342106840398,-2.10529568137774,-1.6552596101866273,0,1,0,1,-1,0,-1,0,False,False,-1,-2.494342106840398,0,10,7.675196559236454,5.445196559236454,-19.11286789981577,19.11286789981577,0.9218372403288164,True,-1.5727246146942033,-0.9216174921461946,-2.101160953166847,-1.7079797994932964,-1.3147986458197454,-1.7143893218210322,-0.7799527850193657
2018,senate,32,15193.0,45726.0,60919.0,-50.12065201332918,True,contested_two_party,False,False,-45.39211598583566,2,0.0,reported_district_with_activity_split_fallback,True,-45.39211598583566,-4.728536027493519,False,core_1998_2022,True,0.1503372931419211,0.369864552902,,,,-2.514990501018536,1,,0,,,,,,,15601.20838285228,55265.48026669087,70866.68864954314,-55.97026281274438,0.3986991831250521,True,15655.273912017266,61448.84212608491,77104.11603810218,-59.39185943256007,0.1945457133160354,True,-3.421596619815688,,,,,,,,,,,,,,,,,-59.39185943256007,,,,0,0,0,-3.421596619815688,1,1,1,1,0,0,0,0,0,0,0,0,,,,0,0,0,0,0,0,0,0,,,,trump_era,44298.85,710546.57,-6.6624772,-2.828475390906332,-2.5855070009420373,-2.3621855439665613,-2.087568351410327,-1.725822301644001,-1.3156527746551363,0,1,0,1,-1,0,-1,0,False,False,0,-2.087568351410327,0,10,7.675196559236454,5.445196559236454,-53.94666287332362,53.94666287332362,3.8260108599944402,True,-1.496654528216721,-0.5909138231936062,-1.7134047193561468,-1.3392410873019667,-0.9650774552477865,-1.3745728503085544,-0.7129955011017728
2018,senate,35,13896.0,29046.0,42942.0,-35.28014531228168,True,contested_two_party,False,False,-28.043392740629137,2,0.0,reported_district_with_activity_split_fallback,True,-28.043392740629137,-7.236752571652545,False,core_1998_2022,True,0.3119964824690797,0.249713697577664,,,,0.0862963502723617,1,,0,,,,,,,22544.36669787227,37785.37809398207,60329.74479185434,-25.26284745392729,0.5260490748792132,True,17473.509010611877,35664.50828029503,53138.01729090691,-34.23349269901351,0.1662272807161081,True,-8.970645245086224,,,,,,,,,,,,,,,,,-34.23349269901351,,,,0,0,0,-8.970645245086224,1,1,1,1,0,0,0,0,0,0,0,0,,,,0,0,0,0,0,0,0,0,,,,trump_era,22903.02,381011.07,-3.5810805,-2.0836732547131867,-2.475171424733401,-2.137201874793745,-1.777003709460313,-1.3644946953004289,-0.9580330210501034,0,1,-1,0,-1,0,-1,0,False,False,0,-1.777003709460313,-1,10,7.675196559236454,5.445196559236454,-28.788296139777056,28.788296139777056,-6.491849172504626,True,-1.2155554888841016,-0.5614482205762115,-1.4731148372392877,-1.1692259650182621,-0.8653370927972368,-1.4245260211030324,-0.35247768835728066
2022,house,3,4241.0,8023.0,12264.0,-30.8382257012394,True,contested_two_party,False,False,-38.324451809385565,2,0.0,reported_district_with_activity_split_fallback,True,-38.324451809385565,7.486226108146166,False,core_1998_2022,True,0.296224783282045,0.1990700262300294,,,,-0.9161925289961312,1,-1.0151142652935372,1,,,,,,,,,,,,,7098.915872065879,13769.78855206056,20868.70442412644,-31.965916735503928,0.3013229518327743,True,,7309.974779642494,12861.474814546176,20171.44959418867,-27.521572056492417,0.1682554084344223,True,4.444344679011511,,,,,,,,,,-27.521572056492417,,,,0,0,0,4.444344679011511,1,1,1,1,0,0,0,0,0,0,0,0,,,,0,0,0,0,0,0,0,0,,,,trump_era,67291.76000000001,197493.13,-1.3020137,-0.8273247495325208,-0.9875108784488912,-0.8799413613076537,-0.7467183180850874,-0.5756517783414687,-0.3968368550428298,0,1,0,1,0,1,-1,0,False,False,0,-0.7467183180850874,0,14,-1.8883866867110901,-6.42838668671109,-33.94995874320351,33.94995874320351,3.1117330419641114,True,-0.5488140909249921,-0.19790422716009526,-0.6095147953538393,-0.4723112726225913,-0.3351077498913433,-0.436464788930855,-0.3102535291542324
2022,house,7,3133.0,11225.0,14358.0,-56.358824348795096,True,contested_two_party,False,False,-60.501464898039096,2,0.0,reported_district_with_population_splits,True,-60.501464898039096,4.142640549244,False,core_1998_2022,True,0.2502023228854524,0.1615678391959799,,,,-3.3677049756225723,1,-4.061186017118365,1,,,,,,,,,,,,,5140.797964436633,14142.446334423716,19283.24429886035,-46.68119238897516,0.3996199449633107,True,,5208.034505919985,15860.717713302196,21068.75221922218,-50.5615287347828,0.086724099497699,True,-3.8803363458076334,,,,,,,,,,-50.5615287347828,,,,0,0,0,-3.8803363458076334,1,1,1,1,0,0,0,0,0,0,0,0,,,,0,0,0,0,0,0,0,0,,,,trump_era,0.0,142483.4,-1.424834,-1.6880959688358952,-2.724470644669545,-1.9020084170081355,-1.347986910815114,-0.8857630684381439,-0.5379058228263882,-1,0,-1,0,-1,0,-1,0,False,False,0,-1.3479869108151141,-1,14,-1.8883866867110901,-6.42838668671109,-56.98991542149389,56.98991542149389,0.6310910726987942,True,-0.8062437467180573,-0.5417431640970568,-1.1464259741355998,-0.9448650374560854,-0.7433041007765712,-0.9122727445911711,-0.435714166223943
2022,house,10,6608.0,7581.0,14189.0,-6.857424765663542,True,contested_two_party,False,False,-13.651122398657844,2,0.0,reported_district_with_population_splits,True,-13.651122398657844,6.793697632994301,False,core_1998_2022,True,0.3892641592389784,0.5099246787771378,,,,-0.2524812649328448,1,-0.137221184310039,1,,,,,,,,,,,,,7257.374800853874,10489.39834236739,17746.773143221264,-18.21189415918157,0.3649289099526066,True,,9881.361255785185,11193.179291626502,21074.540547411685,-6.224657818233817,0.3372302252901624,True,11.987236340947751,,,,,,,,,,-6.224657818233817,,,,0,0,0,11.987236340947751,1,1,1,1,0,0,0,0,0,0,0,0,,,,0,0,0,0,0,0,0,0,,,,trump_era,202138.58,0.0,2.0213858,2.010664467284385,3.0546546473680314,2.206684490924794,1.617955851567257,1.1057156003084074,0.6984793890346609,1,0,1,0,1,0,1,0,False,False,0,1.617955851567257,1,14,-1.8883866867110901,-6.42838668671109,-12.653044504944909,12.653044504944909,5.795619739281366,True,-0.3108597675570476,1.9288156191243044,1.695670793456519,1.7733857353457807,1.8511006772350427,0.0033468551217158415,1.6146089964455412
2022,house,12,2030.0,11958.0,13988.0,-70.97512153274235,True,contested_two_party,False,False,-83.62030241973443,2,0.0,reported_district_with_population_splits,True,-83.62030241973443,12.64518088699208,False,core_1998_2022,True,0.0835931038870156,0.2117703810902074,,,,-3.140972668837545,1,,0,,,,,,,,,,,,,1505.699118596056,13194.05083813613,14699.749956732188,-79.51394924365394,0.3026884497240873,True,,1971.734069875532,16450.552697638403,18422.28676751393,-78.5940356399998,0.1138352918419652,True,0.9199136036541375,,,,,,,,,,-78.5940356399998,,,,0,1,0,0.9199136036541375,1,1,1,1,0,0,0,0,0,0,0,0,,,,0,0,0,0,0,0,0,0,,,,trump_era,3288.66,130450.0,-1.2716134,-1.3587770574508926,-2.3579405135985447,-1.70386311887374,-1.2197301805269207,-0.8025063264144299,-0.4858284224739085,-1,0,-1,0,-1,0,-1,0,False,True,-1,-1.2197301805269207,-1,14,-1.8883866867110901,-6.42838668671109,-85.0224223267109,85.0224223267109,14.047300793968546,True,-1.5847305382092376,0.36500035768231687,-0.8235475459746113,-0.42736491142230193,-0.03118227686999253,-2.1168104267790224,0.8970802462521017
2022,house,15,6166.0,10818.0,16984.0,-27.39048516250589,True,contested_two_party,False,False,-27.797093966448223,2,0.0,reported_district_with_population_splits,True,-27.797093966448223,0.4066088039423334,False,core_1998_2022,True,0.3799426579484747,0.4538136355459615,,,,-0.7435042382665829,1,,0,,,,,,,,,,,,,7407.146712580242,10506.830028241671,17913.976740821916,-17.30315585705742,0.756961335823512,True,,10120.324590150169,13569.483807581664,23689.80839773183,-14.559675449978462,0.3614463474844848,True,2.743480407078957,,,,,,,,,,-14.559675449978462,,,,0,0,0,2.743480407078957,1,1,1,1,0,0,0,0,0,0,0,0,,,,0,0,0,0,0,0,0,0,,,,trump_era,85350.63,236270.54000000004,-1.5091991000000002,-0.8672740800523905,-0.9488697484800954,-0.8618935804042078,-0.7490686371040002,-0.5956666859863873,-0.4245438507075747,0,1,0,1,0,1,-1,0,False,False,0,-0.7490686371040002,0,14,-1.8883866867110901,-6.42838668671109,-20.988062136689553,20.988062136689553,-6.402423025816336,True,-0.40398844613615886,-0.3450801909678413,-0.6480715255699605,-0.5470744140359207,-0.44607730250188105,-0.16878314299976432,-0.5802854941042359
2022,house,25,7837.0,10813.0,18650.0,-15.95710455764075,True,contested_two_party,False,False,-20.7731566739942,2,0.0,reported_district_with_population_splits,True,-20.7731566739942,4.81605211635345,False,core_1998_2022,True,0.3386267237669815,0.6176055434364173,,,,0.0927314556073341,1,,0,,,,,,,,,,,,,8772.651059182084,13091.88803230071,21864.539091482795,-19.75453017805054,0.3640192349406275,True,,11368.088666322525,12822.435287799364,24190.523954121887,-6.012050934634805,0.3296500387594249,True,13.742479243415737,,,,,,,,,,-6.012050934634805,,,,0,0,0,13.742479243415737,1,1,1,1,0,0,0,0,0,0,0,0,,,,0,0,0,0,0,0,0,0,,,,trump_era,0.0,222751.0,-2.22751,-2.110691829708923,-3.1473841196093253,-2.293548384660693,-1.6965362856394497,-1.1717109421072145,-0.7484659866920776,-1,0,-1,0,-1,0,-1,0,False,False,0,-1.6965362856394497,-1,14,-1.8883866867110901,-6.42838668671109,-12.440437621345897,12.440437621345897,-3.516666936294854,True,-0.3084842719071056,-1.3880520137323442,-1.6194152176626733,-1.5422941496858968,-1.4651730817091204,0.007737490401854119,-1.7042737760413038
2022,house,26,1078.0,8258.0,9336.0,-76.90659811482433,True,contested_two_party,False,False,-81.37670478457474,2,0.0,reported_district_with_population_splits,True,-81.37670478457474,4.470106669750408,False,core_1998_2022,True,0.3101022086221612,0.1999407457569729,,,,0.0,1,,0,,,,,,,,,,,,,993.7920978814284,6379.325289248968,7373.117387130396,-73.04282447432428,0.5521522693997072,True,,1332.6125490947777,7727.845284952917,9060.457834047696,-70.58399093063395,0.2081054837225941,True,2.458833543690332,,,,,,,,,,-70.58399093063395,,,,0,0,0,2.458833543690332,1,1,1,1,0,0,0,0,0,0,0,0,,,,0,0,0,0,0,0,0,0,,,,trump_era,17762.16,160393.0,-1.4263084,-1.195027153030363,-1.814433591329361,-1.4668242968356044,-1.1329732832986936,-0.7935250310490133,-0.5037916446510347,0,1,-1,0,-1,0,-1,0,False,False,0,-1.1329732832986936,-1,14,-1.8883866867110901,-6.42838668671109,-77.01237761734504,77.01237761734504,0.10577950252070423,True,-1.0299583839970579,-0.10301489930163577,-0.8754836872994292,-0.6179940913001647,-0.36050449530090023,-1.3257651368607566,0.19279185356206296
2022,house,27,1583.0,13150.0,14733.0,-78.51082603678816,True,contested_two_party,False,False,-80.06977455137708,2,0.0,reported_district_with_population_splits,True,-80.06977455137708,1.55894851458892,False,core_1998_2022,True,0.1117793280410552,0.2483152377386746,,,,-2.396267906559233,1,,0,,,,,,,,,,,,,3923.207902118572,22853.674710751035,26776.88261286961,-70.69705268653652,0.5521522693997072,True,,4610.387450905223,25463.154715047083,30073.542165952305,-69.3392456035667,0.2081054837225942,True,1.3578070829698277,,,,,,,,,,-69.3392456035667,,,,0,1,0,1.3578070829698277,1,1,1,1,0,0,0,0,0,0,0,0,,,,0,0,0,0,0,0,0,0,,,,trump_era,4635.9800000000005,143317.5,-1.3868151999999998,-1.388530895769021,-2.349028053951246,-1.7368629130781696,-1.263641274885356,-0.8438797053244027,-0.5174229816030599,-1,0,-1,0,-1,0,-1,0,False,True,-1,-1.263641274885356,-1,14,-1.8883866867110901,-6.42838668671109,-75.76763229027779,75.76763229027779,-2.7431937465103715,True,-1.4813250740938924,0.2176837992085363,-0.893310006361883,-0.5229787378384099,-0.15264746931493667,-1.925685817093886,0.6620445422085299
2022,house,32,5519.0,4389.0,9908.0,11.404925312878484,True,contested_two_party,False,False,2.012814911652081,2,0.0,reported_district_with_population_splits,True,2.012814911652081,9.392110401226402,False,core_1998_2022,True,0.6237994089397858,0.1418976298926889,,,,0.6053409587648401,1,,0,,,,,,,,,,,,,4764.92607540269,9991.35063023822,14756.27670564091,-35.41831492518444,0.256516049505855,True,,5604.724028908456,11424.736380030974,17029.46040893943,-34.17614070770772,0.1254782793455069,True,1.2421742174767232,,,,,,,,,,-34.17614070770772,,,,0,0,0,1.2421742174767232,1,1,1,1,0,0,0,0,0,0,0,0,,,,0,0,0,0,0,0,0,0,,,,trump_era,0.0,0.0,0.0,0.0,0.0,0.0,0.0,0.0,0.0,0,0,0,0,0,0,0,0,False,False,0,0.0,0,14,-1.8883866867110901,-6.42838668671109,-40.60452739441881,40.60452739441881,52.00945270729729,True,-0.6231668052661543,0.6231668052661543,0.15579170131653858,0.31158340263307716,0.46737510394961573,-0.573891119628753,0.573891119628753
2022,house,41,3203.0,10897.0,14100.0,-54.56737588652482,True,contested_two_party,False,False,-54.395435307618605,2,0.0,reported_district_with_population_splits,True,-54.395435307618605,-0.1719405789062165,False,core_1998_2022,True,0.2496679132691639,0.2796965236100102,,,,,0,,0,,,,,,,,,,,,,3838.874491333296,12258.986283496894,16097.86077483019,-52.30578093537039,0.4313950695916385,True,,6023.260094165089,14768.523802895526,20791.783897060617,-42.06115142417759,0.4165692939593513,True,10.244629511192803,,,,,,,,,,-42.06115142417759,,,,0,1,0,10.244629511192803,1,1,1,1,0,0,0,0,0,0,0,0,,,,0,0,0,0,0,0,0,0,,,,trump_era,0.0,136852.0,-1.36852,-1.6544001934235864,-2.6868401838973037,-1.8678065125484948,-1.3182938542191418,-0.86226528750899,-0.5213262982018492,-1,0,-1,0,-1,0,-1,0,False,True,-1,-1.3182938542191418,-1,14,-1.8883866867110901,-6.42838668671109,-48.48953811088868,48.48953811088868,-6.077837775636141,True,-1.1765419317754138,-0.14175192244372803,-1.0241583712752884,-0.7300228883314349,-0.4358874053875814,-1.3623542793208823,0.044060425101740464
2022,house,43,3760.0,12751.0,16511.0,-54.45460602022894,True,contested_two_party,False,False,-56.96050723398136,2,0.0,reported_district_with_population_splits,True,-56.96050723398136,2.5059012137524235,False,core_1998_2022,True,0.2105188170401579,0.6630678486426822,,,,-0.3901386128118932,1,,0,,,,,,,,,,,,,9846.331027828586,30262.10560637441,40108.436634203,-50.90144690689841,0.4313950695916386,True,,11527.962049316426,26072.520822255326,37600.48287157175,-38.68184039714945,0.4165692939593513,True,12.219606509748957,,,,,,,,,,-38.68184039714945,,,,0,0,0,12.219606509748957,1,1,1,1,0,0,0,0,0,0,0,0,,,,0,0,0,0,0,0,0,0,,,,trump_era,21286.33,219348.87,-1.9806254,-1.4420339763414598,-1.992063033130698,-1.6637503300737788,-1.329302869899344,-0.9681300277600788,-0.6392457249823449,0,1,-1,0,-1,0,-1,0,False,False,0,-1.3293028698993439,-1,14,-1.8883866867110901,-6.42838668671109,-45.11022708386054,45.11022708386054,-9.344378936368393,True,-0.6735098131266176,-0.6557930567727263,-1.1609254166176894,-0.992547963336035,-0.8241705100543807,-0.6669402424195374,-0.6623626274798065
2022,house,47,4816.0,8590.0,13406.0,-28.15157392212442,True,contested_two_party,False,False,-29.99913213479289,2,0.0,reported_district_with_population_splits,True,-29.99913213479289,1.8475582126684704,False,core_1998_2022,True,0.3688413561652144,0.5965625,,,,-1.4469114396030187,1,,0,,,,,,,,,,,,,7865.136250951528,6764.407455241448,14629.543706192975,7.524013173726808,1.0,True,,9358.50375699837,7723.959266300406,17082.463023298777,9.56855278111013,0.3291382112806562,True,2.0445396073833217,,,,,,,,,,9.56855278111013,,,,0,0,0,2.0445396073833217,1,1,1,1,0,0,0,0,0,0,0,0,,,,0,0,0,0,0,0,0,0,,,,trump_era,12454.2,175202.89,-1.6274869,-1.3728297125007114,-2.1099742477460683,-1.676212449133714,-1.2825682411072992,-0.8949625798164002,-0.5687404839381353,0,1,-1,0,-1,0,-1,0,False,False,0,-1.2825682411072992,-1,14,-1.8883866867110901,-6.42838668671109,3.1401660943990395,3.1401660943990395,-31.29174001652346,True,-0.11237282817341587,-1.1701954129338832,-1.2544750340639452,-1.2263818270205913,-1.1982886199772373,0.3082792814993023,-1.5908475226066014
2022,house,57,9221.0,4752.0,13973.0,31.983110284119373,True,contested_two_party,False,False,29.457048991812258,2,0.0,reported_district_with_population_splits,True,29.457048991812258,2.526061292307116,False,core_1998_2022,True,0.6850739171781792,0.1779838196527588,,,,2.0695411282882192,1,3.0995973106387007,1,,,,,,,,,,,,,13236.670402043328,11384.193368464956,24620.863770508284,7.5240131737268,1.0,True,,14445.72474899928,9432.543388096075,23878.26813709536,20.99474439318792,0.3291382112806561,True,13.470731219461122,,,,,,,,,,20.99474439318792,,,,0,0,0,13.470731219461122,1,1,1,1,0,0,0,0,0,0,0,0,,,,0,0,0,0,0,0,0,0,,,,trump_era,104529.19,11350.0,0.9317919,0.9694399568512148,1.6797779853272,1.270712057165488,0.9237878393743046,0.6080323099796338,0.3652514176116438,0,1,1,0,1,0,1,0,False,False,0,0.9237878393743046,1,14,-1.8883866867110901,-6.42838668671109,14.566357706476829,14.566357706476829,17.416752577642544,True,0.09544243213631531,0.8283454072379893,0.8999272313402258,0.8760666233061469,0.8522060152720682,0.467033146650491,0.45675469272381364
2022,house,62,3094.0,8803.0,11897.0,-47.9868874506178,True,contested_two_party,False,False,-47.45922715299551,2,0.0,reported_district_with_population_splits,True,-47.45922715299551,-0.5276602976222904,False,core_1998_2022,True,0.2978688490964658,0.2148735661592256,,,,-2.026531899423956,1,,0,,,,,,,,,,,,,4849.313297245382,9514.603361709587,14363.91665895497,-32.47923373013794,0.3143737812165817,True,,7016.546296208892,11085.283994772752,18101.830290981645,-22.476940912383384,0.192997457302941,True,10.002292817754558,,,,,,,,,,-22.476940912383384,,,,0,0,0,10.002292817754558,1,1,1,1,0,0,0,0,0,0,0,0,,,,0,0,0,0,0,0,0,0,,,,trump_era,7947.5,111900.0,-1.039525,-1.0973093128118678,-1.915750207018725,-1.4243353467584958,-1.027441432466894,-0.674469467451455,-0.4053969796178052,-1,0,-1,0,-1,0,-1,0,False,False,0,-1.0274414324668941,-1,14,-1.8883866867110901,-6.42838668671109,-28.905327599094473,28.905327599094473,-19.081559851523327,True,-0.4924495032148676,-0.5349919292520265,-0.9043290566631772,-0.7812166808594603,-0.6581043050557435,-0.33228596319545056,-0.6951554692714436
2022,house,63,2827.0,5541.0,8368.0,-32.43307839388145,True,contested_two_party,False,False,-29.969234792333417,2,0.0,reported_district_with_population_splits,True,-29.969234792333417,-2.463843601548035,False,core_1998_2022,True,0.3242985147408416,0.671569215992316,,,,-0.4819268884517338,1,,0,,,,,,,,,,,,,6370.180398145856,10084.685780432796,16454.866178578653,-22.57390210272614,0.3143737812165817,True,,6285.163707643757,9950.293383309983,16235.45709095374,-22.57484747816805,0.1929974573029409,True,-0.0009453754419084,,,,,,,,,,-22.57484747816805,,,,0,0,0,-0.0009453754419084,1,1,1,1,0,0,0,0,0,0,0,0,,,,0,0,0,0,0,0,0,0,,,,trump_era,15667.32,199907.17,-1.8423985,-1.4397622704953332,-2.1014467979595026,-1.710262917783147,-1.3364881396469408,-0.9527548537607128,-0.6174954099799037,0,1,-1,0,-1,0,-1,0,False,False,0,-1.3364881396469408,-1,14,-1.8883866867110901,-6.42838668671109,-29.00323416487914,29.00323416487914,-3.4298442290023132,True,-0.49354343120621563,-0.8429447084407251,-1.213102281845387,-1.089716424043833,-0.9663305662422791,-0.3343078733735898,-1.002180266273351
2022,house,68,9517.0,8948.0,18465.0,3.081505551042513,True,contested_two_party,False,False,-0.8231369738229318,2,0.0,reported_district_with_population_splits,True,-0.8231369738229318,3.904642524865445,False,core_1998_2022,True,0.5647642679900744,0.1533792539043852,,,,,0,,0,,,,,,,,,,,,,14775.116016538524,15081.161997588995,29856.27801412752,-1.0250640783344007,0.571727708228258,True,,13007.382563179084,13761.268012079996,26768.65057525908,-2.816299786130012,0.1665559647949512,True,-1.7912357077956114,,,,,,,,,,-2.816299786130012,,,,0,0,0,-1.7912357077956114,1,1,1,1,0,0,0,0,0,0,0,0,,,,0,0,0,0,0,0,0,0,,,,trump_era,159841.93,38460.65,1.2138128,0.9109226362557264,1.254116052544148,1.0690809986352976,0.8637967126330566,0.6294873148580458,0.4114605444932002,0,1,0,1,1,0,1,0,False,False,0,0.8637967126330566,0,14,-1.8883866867110901,-6.42838668671109,-9.244686472841103,9.244686472841103,12.326192023883616,True,-0.27277755901492984,1.1365742716479863,0.9319911023867891,1.0001854921405215,1.068379881894254,0.07373430810429094,0.7900624045287656
2022,house,69,8769.0,7103.0,15872.0,10.496471774193548,True,contested_two_party,False,False,5.315075185185602,2,0.0,reported_district_with_population_splits,True,5.315075185185602,5.181396589007946,False,core_1998_2022,True,0.5653107577947554,0.2347842712382894,,,,2.872583359760066,1,,0,,,,,,,,,,,,,12187.42907530767,12439.243754587042,24626.67282989472,-1.0225282197832686,0.3485784792066073,True,,15288.006030916364,13041.598930459604,28329.604961375968,7.929539093536493,0.3939452817289877,True,8.952067313319763,,,,,,,,,,7.929539093536493,,,,0,0,0,8.952067313319763,1,1,1,1,0,0,0,0,0,0,0,0,,,,0,0,0,0,0,0,0,0,,,,trump_era,252297.32,0.0,2.5229732,2.2463184101992306,3.26689357651816,2.406214463083677,1.7993880309524375,1.2593052921771717,0.8160223846473684,1,0,1,0,1,0,1,0,False,False,0,1.7993880309524377,1,14,-1.8883866867110901,-6.42838668671109,1.501152406825403,1.501152406825403,8.995319367368145,True,-0.14218259048952242,1.9415706214419601,1.8349336785748183,1.870479326197199,1.9060249738195796,0.2855070607303999,1.5138809702220377
2022,house,74,7538.0,4986.0,12524.0,20.37687639731715,True,contested_two_party,False,False,13.652889511673738,2,0.0,reported_district_with_activity_split_fallback,True,13.652889511673738,6.723986885643413,False,core_1998_2022,True,0.6651259781580532,0.3757359648395389,,,,1.7294244339666691,1,0.7772332707698952,1,,,,,,,,,,,,,16488.675207214645,13673.255459510494,30161.930666725137,9.334348582699125,0.4247032361519173,True,,16332.467756226622,10657.37539138241,26989.84314760904,21.02677045511825,0.3038941128372853,True,11.69242187241912,,,,,,,,,,21.02677045511825,,,,0,0,0,11.69242187241912,1,1,1,1,0,0,0,0,0,0,0,0,,,,0,0,0,0,0,0,0,0,,,,trump_era,331822.12,138146.0,1.9367612,0.9139259875854392,0.8360922108032232,0.7825918888764853,0.7077365885254259,0.5951298132198053,0.4528313176472733,0,1,0,1,0,1,0,1,False,False,0,0.7077365885254259,0,14,-1.8883866867110901,-6.42838668671109,14.59838376840716,14.59838376840716,5.778492628909991,True,0.0960249100627063,0.6117116784627196,0.6837303610097493,0.6597241334940727,0.6357179059783962,0.4674781121551509,0.24025847637027498
2022,house,82,6257.0,2526.0,8783.0,42.479790504383466,True,contested_two_party,False,False,16.843294904205898,2,0.0,reported_district_with_population_splits,True,16.843294904205898,25.636495600177568,False,core_1998_2022,True,0.5921728550829128,0.4768128691717984,,,,3.951780889612905,1,,0,,,,,,,,,,,,,8766.943454216935,2402.044497868498,11168.987952085434,56.98724883269307,0.1628204056738464,True,,9715.826568598775,4490.434018545156,14206.26058714393,36.782322258556775,0.2156429922199017,True,-20.20492657413629,,,,,,,,,,36.782322258556775,,,,0,0,0,-20.20492657413629,1,1,1,1,0,0,0,0,0,0,0,0,,,,0,0,0,0,0,0,0,0,,,,trump_era,215003.65,0.0,2.1500365,2.073661737121076,3.113531531301018,2.2617783066914785,1.667720594048127,1.1474140400719968,0.7299699488247071,1,0,1,0,1,0,1,0,False,False,0,1.667720594048127,1,14,-1.8883866867110901,-6.42838668671109,30.353935571845685,30.353935571845685,12.12585493253778,True,0.3825809394482165,1.2851396545999105,1.5720753591860728,1.4764301243240188,1.3807848894619648,0.6863834859930752,0.9813371080550518
2022,house,85,5668.0,6665.0,12333.0,-8.08400227033163,True,contested_two_party,False,False,-31.956824450130995,2,0.0,reported_district_with_population_splits,True,-31.956824450130995,23.872822179799364,False,core_1998_2022,True,0.5001076658053403,0.2441696312609407,,,,0.0,1,,0,,,,,,,,,,,,,6938.892052787063,12390.274070425392,19329.166123212453,-28.20288253972709,0.4466766044478504,True,,7309.376427026436,11823.045494671283,19132.42192169772,-23.591728669364024,0.3476097530468888,True,4.611153870363065,,,,,,,,,,-23.591728669364024,,,,1,0,0,4.611153870363065,1,1,1,1,0,0,0,0,0,0,0,0,,,,0,0,0,0,0,0,0,0,,,,trump_era,161499.0,31275.0,1.30224,1.0063289318158446,1.4243204458790129,1.1981754903464044,0.956381804152798,0.6891360998819646,0.4466517966858822,0,1,0,1,1,0,1,0,True,False,1,0.956381804152798,0,14,-1.8883866867110901,-6.42838668671109,-30.020115356075113,30.020115356075113,21.936113085743482,True,-0.03963077338539689,0.9960125775381949,0.9662894974991473,0.9761971908454965,0.9861048841918457,0.27031852615281304,0.686063277999985
2022,house,92,1789.0,11778.0,13567.0,-73.62718360728238,True,contested_two_party,False,False,-76.34961432849477,2,0.0,reported_district_with_activity_split_fallback,True,-76.34961432849477,2.7224307212123904,False,core_1998_2022,True,0.1883108458744161,0.1630734197671429,,,,0.0,1,,0,,,,,,,,,,,,,2832.046973022092,15253.027719789745,18085.074692811835,-68.68083741840748,0.346756691372048,True,,3369.704850985104,17464.877040023857,20834.58189100896,-67.65277202477213,0.1821225737666646,True,1.0280653936353443,,,,,,,,,,-67.65277202477213,,,,0,0,0,1.0280653936353443,1,1,1,1,0,0,0,0,0,0,0,0,,,,0,0,0,0,0,0,0,0,,,,trump_era,16030.62,119522.0,-1.0349138,-0.9798783265307988,-1.6045772134872165,-1.2591131278643175,-0.9428641380746215,-0.6375983334923508,-0.3914059721404688,0,1,-1,0,-1,0,-1,0,False,False,0,-0.9428641380746217,-1,14,-1.8883866867110901,-6.42838668671109,-74.08115871148323,74.08115871148323,0.4539751042008504,True,-0.9972073383016837,0.05434320022706207,-0.6935623034992007,-0.4442604689237798,-0.19495863434835892,-1.26523128713763,0.32236714906300823
2022,house,95,2465.0,14242.0,16707.0,-70.49141078589813,True,contested_two_party,False,False,-73.71773397530083,2,0.0,reported_district_with_population_splits,True,-73.71773397530083,3.226323189402706,False,core_1998_2022,True,0.132524077046549,0.3550319375443577,,,,-3.064179714518678,1,-2.491740823197389,1,,,,,,,,,,,,,2719.8580627895644,13669.422730301718,16389.280793091282,-66.80930545852762,0.1875280542144272,True,,4055.3086818769766,16336.98979875956,20392.29848063654,-60.22705644753399,0.3148757884611827,True,6.582249010993628,,,,,,,,,,-60.22705644753399,,,,0,0,0,6.582249010993628,1,1,1,1,0,0,0,0,0,0,0,0,,,,0,0,0,0,0,0,0,0,,,,trump_era,17194.42,418901.0,-4.0170658,-2.308060969180474,-2.75821431786834,-2.353313579786093,-1.9428014503769893,-1.4878788484374563,-1.0471524273918886,0,1,-1,0,-1,0,-1,0,False,False,0,-1.9428014503769893,-1,14,-1.8883866867110901,-6.42838668671109,-66.65544313424508,66.65544313424508,-3.83596765165305,True,-0.9142384581185521,-1.0285629922584372,-1.7142418358473512,-1.4856822213177132,-1.2571226067880752,-1.1118796729199758,-0.8309217774570135
2022,senate,2,20749.0,25951.0,46700.0,-11.139186295503212,True,contested_two_party,False,False,-13.79697884865218,2,0.0,reported_district_with_population_splits,True,-13.79697884865218,2.657792553148969,False,core_1998_2022,True,0.4117975268273061,0.5400624834853972,,,,,0,,0,,,,,,,,,,,,,26343.39752077773,34145.38463879405,60488.782159571776,-12.898238052527454,0.3629417675937436,True,,38051.57986176571,39470.4036787361,77521.98354050181,-1.8302212510198617,0.3245161548844791,True,11.068016801507593,,,,,,,,,,-1.8302212510198617,,,,0,0,0,11.068016801507593,1,1,1,1,0,0,0,0,0,0,0,0,,,,0,0,0,0,0,0,0,0,,,,trump_era,166547.96000000002,902494.27,-7.3594631,-2.423424110860564,-1.6425892384775778,-1.5773483954358318,-1.481272044075636,-1.3246922535625234,-1.10120103778165,0,1,0,1,0,1,0,1,False,False,0,-1.481272044075636,0,14,-1.8883866867110901,-6.42838668671109,-8.258607937730952,8.258607937730952,-2.8805783577722597,True,-0.9861735225381546,-0.49509852153748135,-1.2347286634410972,-0.9881852828065587,-0.74164190217202,-0.500723338174198,-0.980548705901438
2022,senate,7,17295.0,29095.0,46390.0,-25.43651649062297,True,contested_two_party,False,False,-27.43553808156709,2,0.0,reported_district_with_activity_split_fallback,True,-27.43553808156709,1.999021590944114,False,core_1998_2022,True,0.3598314101753147,0.4856823790550508,,,,-2.4666280843095465,1,,0,,,,,,,,,,,,,21948.31291469465,32549.15940407594,54497.4723187706,-19.45199664926484,0.3649289099526066,True,,33416.65332880803,42482.42749860507,75899.0808274131,-11.944511146863166,0.3372302252901624,True,7.507485502401673,,,,,,,,,,-11.944511146863166,,,,0,1,0,7.507485502401673,1,1,1,1,0,0,0,0,0,0,0,0,,,,0,0,0,0,0,0,0,0,,,,trump_era,14602.88,504809.42,-4.9020654,-2.637026446263403,-3.0409332646663367,-2.5936155140856902,-2.150365675549948,-1.6634404652859374,-1.1891381896029942,0,1,-1,0,-1,0,-1,0,False,True,-1,-2.150365675549948,-1,14,-1.8883866867110901,-6.42838668671109,-18.372897833574257,18.372897833574257,-7.063618657048714,True,-1.5644567936166918,-0.5859088819332561,-1.7592514771457748,-1.368137278741602,-0.9770230803374291,-1.3352242914153596,-0.8151413841345883
2022,senate,12,10271.0,28786.0,39057.0,-47.40507463450854,True,contested_two_party,False,False,-49.53713026811943,2,0.0,reported_district_with_activity_split_fallback,True,-49.53713026811943,2.1320556336108893,False,core_1998_2022,True,0.2979871703874328,0.2089645127118644,,,,-3.906970681826516,1,-4.057294374837064,1,,,,,,,,,,,,,20128.69741420213,45309.19305791317,65437.89047211531,-38.47999295521464,0.2429365328113172,True,,22205.88344127037,47230.66661756383,69436.5500588342,-36.03978474605916,0.1270674295198315,True,2.440208209155479,,,,,,,,,,-36.03978474605916,,,,0,0,0,2.440208209155479,1,1,1,1,0,0,0,0,0,0,0,0,,,,0,0,0,0,0,0,0,0,,,,trump_era,0.0,455242.11,-4.5524211,-3.0174231058968184,-3.83997284376012,-2.95541454770225,-2.3130147347019854,-1.7142340668700866,-1.1866874343773364,-1,0,-1,0,-1,0,-1,0,False,False,0,-2.3130147347019854,-1,14,-1.8883866867110901,-6.42838668671109,-42.468171432770255,42.468171432770255,-4.936903201738282,True,-1.3684032410365856,-0.9446114936653998,-1.970913924442839,-1.6288131141836926,-1.286712303924546,-1.207199600169246,-1.1058151345327394
2022,senate,21,11198.0,21962.0,33160.0,-32.46079613992762,True,contested_two_party,False,False,-37.91891828005268,2,0.0,reported_district_with_population_splits,True,-37.91891828005268,5.458122140125056,False,core_1998_2022,True,0.3295217008636338,0.3721316053154618,,,,-0.9156035936408232,1,-1.3457940723739992,1,,,,,,,,,,,,,20178.621135771748,32406.4314874637,52585.052623235446,-23.25339567367652,0.264144920922917,True,,23151.017291600223,34498.868358583575,57649.8856501838,-19.68408252505731,0.1744915480996036,True,3.5693131486192087,,,,,,,,,,-19.68408252505731,,,,0,0,0,3.5693131486192087,1,1,1,1,0,0,0,0,0,0,0,0,,,,0,0,0,0,0,0,0,0,,,,trump_era,87605.90000000001,330852.31,-2.4324641,-1.248686046307923,-1.2505113325488977,-1.150621673022007,-1.0180178596934846,-0.8314218771951459,-0.6128927067217546,0,1,0,1,0,1,-1,0,False,False,0,-1.0180178596934846,0,14,-1.8883866867110901,-6.42838668671109,-26.1124692117684,26.1124692117684,-6.348326928159224,True,-1.1856579845329693,0.16764012483948476,-0.7216033635602422,-0.4251888674269999,-0.12877437129375757,-0.8694310294281121,-0.14858683026537245
2022,senate,23,25953.0,21682.0,47635.0,8.966096357720163,True,contested_two_party,False,False,2.158698507988192,2,0.0,reported_single_district,True,2.158698507988192,6.807397849731971,False,core_1998_2022,True,0.6025704750408294,0.1908584062289724,,,,6.0835404112386415,1,,0,,,,,,,,,,,,,42749.0,31935.0,74684.0,14.479674361308982,0.4991564458250763,True,,42251.0,32903.0,75154.0,12.438459696090694,0.299651382494611,True,-2.041214665218288,,,,,,,,,,12.438459696090694,,,,0,0,0,-2.041214665218288,1,1,1,1,0,0,0,0,0,0,0,0,,,,0,0,0,0,0,0,0,0,,,,trump_era,292419.61,4217.88,2.8820173,2.1279011315555327,3.057315162620396,2.385443738778024,1.8430261714808764,1.3258479932692564,0.8801437557507369,1,0,1,0,1,0,1,0,False,False,0,1.8430261714808764,1,14,-1.8883866867110901,-6.42838668671109,6.010073009379604,6.010073009379604,2.956023348340559,True,-0.7845896440274899,2.627615815508366,2.039173582487749,2.2353209934946214,2.431468404501494,-0.24666821799372263,2.089694389474599
2022,senate,27,10996.0,26014.0,37010.0,-40.57822210213456,True,contested_two_party,False,False,-39.58922920661779,2,0.0,reported_district_with_activity_split_fallback,True,-39.58922920661779,-0.9889928955167732,False,core_1998_2022,True,0.3244684841994694,0.4592578144048374,,,,3.06850120673791,1,,0,,,,,,,,,,,,,16211.910244424516,27947.886746167515,44159.79699059203,-26.57615591902126,0.2680668395236574,True,,20865.348988896607,33923.399392934385,54788.74838183099,-23.833452651690944,0.2233982297589024,True,2.7427032673303167,,,,,,,,,,-23.833452651690944,,,,0,0,0,2.7427032673303167,1,1,1,1,0,0,0,0,0,0,0,0,,,,0,0,0,0,0,0,0,0,,,,trump_era,11596.22,757638.01,-7.4604179,-3.41106934811693,-3.5707999815098512,-3.062725321084685,-2.5735134456897573,-2.0392949322904808,-1.5097900105080306,0,1,-1,0,-1,0,-1,0,False,False,0,-2.5735134456897573,-1,14,-1.8883866867110901,-6.42838668671109,-30.261839338402034,30.261839338402034,-10.316382763732527,True,-1.2320196569255142,-1.341493788764243,-2.2655085314583787,-1.9575036172270002,-1.6494987029956216,-0.955121438694022,-1.6183920069957352
2022,senate,29,6476.0,31576.0,38052.0,-65.9623672868706,True,contested_two_party,False,False,-67.2207379089735,2,0.0,reported_district_with_activity_split_fallback,True,-67.2207379089735,1.2583706221029018,False,core_1998_2022,True,0.2780465540848927,0.2247146428240771,,,,0.0,1,-3.5724973059152325,1,,,,,,,,,,,,,11686.749207387216,45662.49050993346,57349.23971732067,-59.24357754351338,0.3391307574904086,True,,14495.6235078551,49459.1898587838,63954.8133666389,-54.669171107560345,0.1583127978846558,True,4.574406435953037,,,,,,,,,,-54.669171107560345,,,,0,1,0,4.574406435953037,1,1,1,1,0,0,0,0,0,0,0,0,,,,0,0,0,0,0,0,0,0,,,,trump_era,0.0,428850.0,-4.2885,-2.9286515668477877,-3.781572576044081,-2.898890922104436,-2.2593643905394822,-1.6655346517859706,-1.1455753879451278,-1,0,-1,0,-1,0,-1,0,False,True,-1,-2.2593643905394822,-1,14,-1.8883866867110901,-6.42838668671109,-61.09755779427144,61.09755779427144,-4.864809492599164,True,-2.041827244487442,-0.21753714605204033,-1.7489075794176219,-1.2384507682957613,-0.7279939571739007,-2.217549436207686,-0.04181495433179627
2022,senate,33,23203.0,11401.0,34604.0,34.10588371286556,True,contested_two_party,False,False,30.05613923306792,2,0.0,reported_district_with_activity_split_fallback,True,30.05613923306792,4.049744479797646,False,core_1998_2022,True,0.6997613778088572,0.4033059430536977,,,,0.9014431022477736,1,,0,,,,,,,,,,,,,26812.80430118032,23109.499752079333,49922.30405325965,7.418136280629415,0.5664093673032237,True,,27960.345638504,18468.674621091664,46429.02025959566,20.44340148541181,0.3898563620610789,True,13.025265204782396,,,,,,,,,,20.44340148541181,,,,1,0,0,13.025265204782396,1,1,1,1,0,0,0,0,0,0,0,0,,,,0,0,0,0,0,0,0,0,,,,trump_era,300583.44,0.0,3.0058344,2.4518704696618863,3.435867500136917,2.5667429480159134,1.9475757326291416,1.3877518983961774,0.9174569315988362,1,0,1,0,1,0,1,0,True,False,1,1.9475757326291416,1,14,-1.8883866867110901,-6.42838668671109,14.015014798700719,14.015014798700719,20.090868914164844,True,-0.1737243265544255,2.121300059183567,1.991006814267748,2.0344378959063545,2.0778689775449606,0.4901777394918091,1.4573979931373326
