bill_id,human_issue_code,policy_direction_of_yea,ideological_valence,position_summary,confidence,review_status,position_evidence_allowed,review_note
96974,criminal_justice,"Expand mandatory collection of a local solicitor fee to all criminal matters in which court costs are assessed and bar waiving that fee unless every other court charge is waived.",conservative,"Sponsored a Pickens County bill expanding criminal-case fee collection and restricting selective judicial waiver of the solicitor fee.",high,reviewed,True,"Full enrolled text reviewed. This is a local court-finance measure with a marginally conservative punitive/fee-collection direction; it is not evidence of a broad statewide criminal-justice platform. The progressive model label is unsupported."
96806,criminal_justice,"Authorize Tuscaloosa red-light cameras and owner-based civil enforcement while capping fines and adding notice, appeal, record, insurance, and anti-incarceration safeguards.",mixed,"Co-sponsored Tuscaloosa's red-light-camera authorization, expanding automated civil enforcement but pairing it with substantial due-process and collateral-consequence protections.",high,reviewed,True,"Full enrolled text reviewed. The principal direction expands surveillance and civil enforcement; safeguards make the ideological valence mixed. Treat as a local traffic-enforcement position, not a broad criminal-justice ideology indicator."
96546,taxes_budget,"Prohibit public law-enforcement agencies from charging insurers, motorists, or vehicle owners a separate fee for responding to or investigating a motor-vehicle accident.",mixed,"Co-sponsored a statewide ban on accident-response service fees, limiting government fee collection and shielding motorists and insurers from an added charge.",high,reviewed,True,"Full enrolled text reviewed. The queue's criminal-justice label is too broad; this is primarily a government-fee and consumer-cost measure. Its anti-fee direction can read as fiscally conservative while its cost protection is not cleanly ideological."
96888,environment_energy,"Bar new permitted landfills and junkyards outside municipal limits within one mile of the Chattahoochee River, except facilities located on an industrial site.",progressive,"Co-sponsored a regulatory buffer preventing new landfills and junkyards near the Chattahoochee River.",high,reviewed,True,"Full introduced text reviewed. The measure is geographically narrow but directly supports preventive waterway protection through land-use regulation. The Ministral conservative label is unsupported by the enacted policy direction."
97980,environment_energy,"Commend the Coosa Valley Resource Conservation and Development Council for receiving a federal partnership award.",nonideological,"Joined a chamber-wide ceremonial commendation of a regional conservation organization.",high,reviewed,False,"Full resolution reviewed. This is a nearly chamber-wide ceremonial recognition with no policy, appropriation, regulation, or reliable evidence of an individual environmental position."
96398,social_services,"Create an interagency commission to coordinate transportation access for people with disabilities, older adults, and low-income residents while reducing duplicative rules and identifying cost-effective service strategies.",progressive,"Co-sponsored creation of a statewide interagency body focused on improving coordinated transportation access for disabled, elderly, and low-income Alabamians.",high,reviewed,True,"Full introduced text reviewed. The bill creates planning and coordination duties rather than a direct appropriation, but it is substantive evidence of prioritizing access to human-service transportation for vulnerable populations."
96731,public_private_partnerships,"Require a three-fifths vote in each legislative chamber before a state mental-health institution may be leased, transferred, or placed under nongovernmental management.",progressive,"Co-sponsored a high legislative barrier to privatizing or outsourcing management of state mental-health institutions.",high,reviewed,True,"Full introduced text reviewed. This is directly anti-privatization and pro-legislative oversight of public institutions. Both model labels of conservative conflate greater legislative control with conservative policy; relative to a free-market/privatization dimension, the direction is progressive, though it does not prove a position on mental-health funding levels."
97206,public_private_partnerships,"Urge Tuscaloosa-area local governments to study purchasing the privately owned Black Warrior River toll bridge, retaining tolls until the purchase price is repaid and then ending them.",progressive,"Co-sponsored a feasibility study of local public acquisition of a privately owned toll bridge, with the stated goal of ultimately eliminating the toll.",high,reviewed,True,"Full resolution text and both model reviews examined. The resolution is nonbinding and geographically narrow, so it supports only a modest local position: openness to public ownership of infrastructure where sponsors argued it could improve access and economic development."
97292,economic_development,"Commend Huntsville's effort to become a Google Fiber test market.",nonideological,"Co-sponsored a ceremonial commendation of Huntsville's Google Fiber application.",high,reviewed,False,"Full resolution and both model reviews examined. This is symbolic recognition without an appropriation, regulatory change, or governmental commitment; it is not reliable evidence of an individual broadband or economic-policy position."
97646,education,"Commend Fayette County members of the University of Alabama Crimsonettes.",nonideological,"Co-sponsored a ceremonial commendation of local students serving in the University of Alabama Crimsonettes.",high,reviewed,False,"Full resolution and both model reviews examined. This is a local ceremonial honor and supplies no substantive education-policy evidence."
97772,economic_development,"Commend Huntsville's effort to become a Google Fiber test market.",nonideological,"Co-sponsored a ceremonial commendation of Huntsville's Google Fiber application.",high,reviewed,False,"Full resolution and both model reviews examined. This House resolution duplicates the policy-free commendation reflected in HJR558; it is not reliable evidence of an individual broadband or economic-policy position."
97213,education,"Commend Fayette County members of the University of Alabama Crimsonettes.",nonideological,"Co-sponsored a ceremonial commendation of local students serving in the University of Alabama Crimsonettes.",high,reviewed,False,"Full resolution and both model reviews examined. This joint resolution duplicates the local ceremonial honor in HR352 and supplies no substantive education-policy evidence."
96939,social_services,"Allow a teacher or school official to satisfy the child-abuse reporting mandate by giving a written report to a principal or superintendent by the close of the next school day, with that administrator then responsible for forwarding it to authorities.",mixed,"Co-sponsored replacing educators' immediate direct-report obligation with an internal written-report safe harbor and an administrator forwarding duty.",high,reviewed,True,"Full introduced text reviewed. The bill formalizes responsibility and documentation inside schools, but it also delays and redirects the existing immediate direct-report rule. Those competing child-protection and institutional-liability effects make the ideological direction mixed; neither model's one-direction label is adequately supported."
97097,public_private_partnerships,"Extend the Lieutenant Governor's Commission on Public-Private Partnership Projects through the fifth legislative day of the 2011 session and direct it to continue implementing recommendations from its earlier report.",mixed,"Co-sponsored extending the state's public-private infrastructure commission and continuing work on its prior recommendations.",high,reviewed,True,"Full enrolled resolution reviewed. This is more than a commendation: it sustains a government body and endorses continued implementation work. But the incorporated recommendations are not stated in this text, so it evidences a public-private-infrastructure priority without supporting a clean progressive or conservative direction."
97712,business_economic_development,"Urge Congress to provide $3 million for renovating the Alabama Farmers Market, including modernized agricultural facilities, neighborhood revitalization, and job creation in a low-income area.",progressive,"Co-sponsored seeking federal investment to renovate the Alabama Farmers Market and support agricultural commerce, neighborhood revitalization, and local jobs.",high,reviewed,True,"Full resolution reviewed. The heading contains an apparent drafting error ('$38 million'), but every operative and explanatory reference requests $3 million. Sponsorship is direct evidence of support for targeted public investment in agricultural and neighborhood economic development."
97237,business_economic_development,"Urge Congress to provide $3 million for renovating the Alabama Farmers Market, including modernized agricultural facilities, neighborhood revitalization, and job creation in a low-income area.",progressive,"Co-sponsored seeking federal investment to renovate the Alabama Farmers Market and support agricultural commerce, neighborhood revitalization, and local jobs.",high,reviewed,True,"Full joint-resolution text and both model reviews examined. This is the companion version of HR439 and supports the same targeted public-investment position. The heading's '$38 million' conflicts with the consistent $3 million request in the operative text, which controls this summary."
96847,social_services,"Create a voluntary state-income-tax refund checkoff to supplement education benefits for disabled Alabama veterans, with administrative costs capped at 10 percent.",progressive,"Co-sponsored a voluntary refund-donation mechanism dedicated to supplemental education benefits for disabled veterans.",high,reviewed,True,"Full engrossed text reviewed. The voluntary funding mechanism is compatible with limited-government preferences, but the enacted policy expands a state-administered benefit for disabled veterans; code as modestly progressive on social services rather than as evidence of a broad tax position."
96509,social_services,"Exempt Eagles' Wings, Inc., a Tuscaloosa-area nonprofit serving adults with developmental disabilities, from state, county, and municipal sales and use taxes.",progressive,"Co-sponsored a targeted tax exemption for a nonprofit provider of day and residential services to adults with developmental disabilities.",medium,reviewed,True,"Full enrolled bill reviewed and organizational identity verified through the Alabama Department of Mental Health provider directory and the nonprofit's mission statement. This is narrow evidence of using tax policy to support disability services, not a general tax-cut position; confidence is medium because the bill text itself names but does not describe the beneficiary."
96859,environment_energy,"Require a public forum and unanimous joint county-municipal approval before a municipality licenses a junkyard in its extraterritorial police jurisdiction, then assign post-license enforcement to the county.",progressive,"Co-sponsored stronger public-participation and intergovernmental approval requirements for junkyards outside municipal limits.",high,reviewed,True,"Full introduced text reviewed. The bill raises the procedural barrier to siting a junkyard and adds a public forum, which is modestly regulatory/progressive on environmental land use. Its assignment of enforcement to counties is an administrative feature, not a basis for the conservative model label."
96520,criminal_justice,"Impose a three-year moratorium on new death sentences and executions while Alabama adopts specified safeguards for competent defense, post-conviction review, racial fairness, and protection of juveniles and people with intellectual disabilities.",progressive,"Co-sponsored pausing Alabama's death penalty for three years to implement fairness and due-process reforms in capital cases.",high,reviewed,True,"Full bill text and both concordant model reviews examined. This is direct, strongly directional evidence of a death-penalty reform position. The model claim that every sponsor was Republican is unsupported metadata commentary and was disregarded; the policy classification rests on the official text."
96547,occupational_licensing,"Require first-time used-vehicle dealers and wholesalers to complete at least four hours of state-approved legal-compliance training before licensure, while exempting existing licensees in good standing.",progressive,"Co-sponsored a new training prerequisite for first-time used-vehicle dealer and wholesaler licenses as a consumer-protection measure.",high,reviewed,True,"Full introduced text reviewed. The measure adds a modest entry requirement and state approval of seminar providers, making it regulatory/progressive on occupational licensing even though its stated purpose is public protection and it grandfathers current licensees."
96759,criminal_justice,"Create a diverse interagency commission with facility access and beneficiary input to recommend gender-responsive services, community alternatives, population reduction, reentry support, and racial and gender equity for girls and women in the justice system.",progressive,"Co-sponsored a commission charged with reducing gaps and inequities affecting incarcerated women and girls and expanding evidence-based alternatives and reentry services.",high,reviewed,True,"Full enrolled text reviewed. This is substantive and strongly reform-oriented: it expressly targets gender equity, community-based services, alternatives to high-security confinement, reduced women's prison populations, and the well-being of incarcerated women and girls."
97918,healthcare_medicaid_finance,"Urge Alabama's governor and attorney general not to join litigation blocking implementation of the federal comprehensive health-care reform law, emphasizing affordable access and defending the law's constitutionality.",progressive,"Co-sponsored defending implementation of the Affordable Care Act against state litigation.",high,reviewed,True,"Full House resolution reviewed. Although nonbinding, it states an explicit and strongly directional health-policy position in the sponsors' own language; it is reliable public-position evidence rather than a ceremonial resolution."
97356,healthcare_medicaid_finance,"Urge Alabama's governor and attorney general not to join litigation blocking implementation of the federal comprehensive health-care reform law, emphasizing affordable access and defending the law's constitutionality.",progressive,"Co-sponsored defending implementation of the Affordable Care Act against state litigation.",high,reviewed,True,"Full joint resolution reviewed. This companion to HR763 states the same explicit and strongly directional health-policy position and is retained despite being nonbinding."
96514,public_education,"Enact Alabama's fiscal-year 2011 Education Trust Fund budget for the support, maintenance, development, debt service, and capital needs of public education and related educational programs.",mixed,"Co-sponsored the fiscal-year 2011 public-education budget.",high,reviewed,True,"Full enrolled budget structure reviewed. Sponsorship is strong evidence that public education budgeting was a priority, but the omnibus allocation cannot be coded as uniformly expansionary without a prior-year counterfactual; retain as mixed rather than treating every line item as an individual position."
96512,public_education,"Appropriate $9,703,990 from the Education Trust Fund to Tuskegee University, including at least $1,414,586 for agricultural research and extension, subject to planning, audit, and performance-reporting requirements.",progressive,"Co-sponsored state education funding for Tuskegee University and its agricultural research and extension work.",high,reviewed,True,"Full enrolled text reviewed. This is direct evidence of support for public investment in a historically Black, state-related university, paired with fiscal-accountability requirements."
96516,social_services,"Shift part of public-school bond debt service to the Education Trust Fund, reappropriate prior-year balances, cap the Department of Human Resources food-stamp-fund reversion, and dedicate excess funds to subsidized child-care slots.",mixed,"Co-sponsored an education-finance adjustment that also protected excess human-services funds for subsidized child care.",high,reviewed,True,"Full enrolled text reviewed. The bond-source change and reappropriations are fiscally technical, while the child-care dedication is substantively progressive; code the bundled bill as mixed and summarize the directly observable social-services priority without inferring a broader fiscal ideology."
96515,public_employee_benefits,"Allow the Teachers' Retirement System to amortize its accrued pension liability over as many as 30 years instead of 20 years.",conservative,"Co-sponsored lengthening the funding period for the teachers' pension system's accrued liability.",high,reviewed,True,"Full introduced text reviewed. Extending amortization reduces near-term employer contribution pressure but delays full funding and can increase long-run financing costs; it is conservative on current-budget burden and less protective of pension funding, without changing promised benefits directly."
96530,taxes_budget,"Enact the fiscal-year 2011 omnibus General Fund budget for ordinary agency operations, government functions, debt service, and capital outlay.",nonideological,"Co-sponsored the fiscal-year 2011 General Fund operating budget.",high,reviewed,False,"The enrolled omnibus budget was reviewed at the structural level. Sponsorship establishes participation in the core appropriations process but does not isolate a coherent issue stance across hundreds of unrelated allocations; exclude it from directional position evidence and rely on narrower appropriation bills where available."
96533,social_services,"Appropriate $435,600 from the General Fund to the Alabama Coalition Against Domestic Violence, conditioned on audited financials, an operating plan, and quarterly and annual performance reports.",progressive,"Co-sponsored state funding for domestic-violence services with audit and performance safeguards.",high,reviewed,True,"Full enrolled text reviewed. This is direct evidence of support for publicly funded domestic-violence services, with accountability conditions that do not change the underlying progressive service-investment direction."
96534,social_services,"Allocate more than $94 million in tobacco-settlement funds to child welfare, Medicaid, mental health, public health, rehabilitation, youth services, senior services, and related programs, with quarterly allotment and performance controls.",progressive,"Co-sponsored substantial tobacco-settlement investment in children, health, disability, youth, and senior-service programs.",high,reviewed,True,"Full enrolled text reviewed. Although it is a multi-program appropriation, its recipients consistently reflect a health-and-human-services investment priority and include explicit planning, outcome, and audit requirements."
97012,criminal_justice,"Allow vending machines in the Bullock County jail and dedicate their profits to a sheriff-controlled fund usable exclusively for law-enforcement purposes.",nonideological,"Sponsored a local jail-vending revenue mechanism for the Bullock County Sheriff's Office.",high,reviewed,False,"Full enrolled local act reviewed. This is a narrow administrative revenue measure with no statewide criminal-justice policy change or dependable ideological direction; retain as activity but exclude from candidate-position evidence."
96987,public_employee_benefits,"Provide eligible Department of Corrections employees working inside correctional facilities with conditional annual 2.5 percent pay steps, up to a cumulative 10 percent, in years without General Fund proration.",progressive,"Co-sponsored recurring salary increases for state corrections employees who work inside secured facilities.",high,reviewed,True,"Full introduced text reviewed. This is direct support for improved compensation of higher-risk public employees, moderated by a no-proration fiscal condition."
97036,guns,"Allow the Barbour County Commission to add five dollars to the concealed-pistol permit fee and dedicate the proceeds to sheriff's-vehicle purchase and maintenance.",progressive,"Sponsored a modest increase in Barbour County's concealed-pistol permit fee to fund law-enforcement vehicles.",high,reviewed,True,"Full enrolled local act reviewed. The measure marginally increases the cost of carrying a concealed pistol and is therefore modestly progressive on gun regulation, though it is local and principally a sheriff-finance measure rather than evidence of broad gun-control views."
96477,business_economic_development,"Submit to voters a ten-year transfer of $100 million annually from the Alabama Trust Fund for state and local road, bridge, rail, maintenance, and economic-development infrastructure, with geographic allocation rules.",progressive,"Sponsored a constitutional amendment committing substantial Trust Fund resources to a decade-long state and local transportation investment program.",high,reviewed,True,"Full proposed amendment reviewed. The policy is strongly pro-public infrastructure investment and local capital funding. Its use of Trust Fund assets creates a fiscal tradeoff, so the progressive label describes investment direction rather than overall budget prudence."
97361,business_economic_development,"Honor Don Sutton by naming a segment of Alabama Highway 10 after him.",nonideological,"Co-sponsored a ceremonial highway designation honoring baseball player Don Sutton.",high,reviewed,False,"Full enrolled resolution reviewed. The highway naming is honorary and provides no infrastructure or economic-development position evidence."
97207,business_economic_development,"Honor Representative Lesley Vance by naming a segment of Highway 431 South after him.",nonideological,"Co-sponsored a ceremonial highway designation honoring a legislative colleague.",high,reviewed,False,"Full enrolled resolution reviewed. This is an honorary designation, not evidence of a transportation-policy position."
97800,public_education,"Commend Tuskegee University's basketball team for winning its conference championship.",nonideological,"Joined a chamber-wide ceremonial commendation of Tuskegee University's basketball team.",high,reviewed,False,"Full resolution reviewed. This is a nearly unanimous athletic commendation and supplies no substantive higher-education policy evidence."
96241,taxes_budget,"Eliminate Alabama's state sales tax on most food while phasing down the federal-income-tax deduction for higher-income filers and retaining the full deduction below stated income thresholds.",progressive,"Co-sponsored a progressive tax shift that removed the state grocery tax and offset revenue by limiting a deduction concentrated among higher-income taxpayers.",high,reviewed,True,"Full proposed constitutional amendment reviewed. This is unusually clear distributive tax-policy evidence: it reduces a regressive consumption tax and narrows an income-tax preference above $50,000 for single filers and $100,000 for joint filers."
96599,social_services,"Allow parents of a stillborn child after the twentieth week of gestation to request a Certificate of Birth Resulting in Stillbirth for the ordinary certificate fee.",nonideological,"Co-sponsored optional state recognition documents for families experiencing stillbirth.",high,reviewed,False,"Full introduced text reviewed. The measure is an administrative and bereavement-recognition policy and does not change abortion law, fetal personhood, inheritance, or the definition of live birth. Do not use it as abortion-position evidence."
298412,business_economic_development,"Submit to voters a five-year dedication of offshore oil-and-gas capital payments, after debt service, to equally apportioned congressional-district job creation and retention projects selected by the governor and Alabama Development Office.",progressive,"Sponsored using offshore energy capital receipts for geographically distributed job-creation and job-retention investments.",high,reviewed,True,"Full proposed constitutional amendment reviewed. This is targeted public economic-development investment with substantial executive discretion; the progressive label reflects active public investment, not environmental policy or the wisdom of spending capital receipts."
297637,ethics_government,"Require state economic-development commitments to companies to be formalized in mutually acceptable written contracts within five years, and void older uncontracted commitments after a transition period.",progressive,"Co-sponsored written-contract and expiration requirements for state economic-development incentive commitments.",high,reviewed,True,"Full introduced text reviewed. The measure increases formal accountability and prevents indefinite informal commitments of public development funds; it does not determine whether incentives themselves should be larger or smaller."
298318,business_economic_development,"Provide small businesses with a nonrefundable $1,000 income or financial-institution excise-tax credit for each qualifying net new Alabama job paying more than $10 per hour after twelve months of continuous employment.",mixed,"Co-sponsored a performance-conditioned small-business tax credit for net job creation above a wage floor.",high,reviewed,True,"Full enrolled text reviewed. The bill combines conservative tax reduction with targeted industrial policy and a wage/job-retention condition. Code as mixed rather than forcing the free-market-versus-subsidy divide onto a simple left-right scale."
544699,criminal_justice,"Allow retired certified law-enforcement officers in good standing to work part time as Etowah County school resource officers with full police powers, flexible pay, no added benefits, hiring preferences, and civil immunity.",conservative,"Sponsored expanding the pool of armed school law-enforcement personnel through part-time retired officers in Etowah County.",high,reviewed,True,"Full enrolled local act reviewed. The policy expands police presence and authority in schools while reducing employment costs; this is conservative on school security/criminal justice, though it is geographically narrow."
541687,criminal_justice,"Allow retired law-enforcement officers in good standing to serve part time as Etowah County school resource officers, waiving physical recertification requirements while retaining certification and full police powers.",conservative,"Sponsored an Etowah County pathway for retired officers to return as part-time school resource officers.",high,reviewed,True,"Full introduced local text reviewed. This predecessor to HB600 likewise expands law-enforcement presence in schools and is coded conservative on school security."
526850,criminal_justice,"Create a statewide pathway for retired law-enforcement officers to serve as part-time reserve school resource officers with firearms and use-of-force training but waivers from physical and most continuing-education requirements.",conservative,"Sponsored statewide use of part-time retired officers as armed school resource officers.",high,reviewed,True,"Full introduced text reviewed. The measure expands police staffing and powers in schools using a lower-cost reserve model; certification safeguards temper but do not reverse its conservative school-security direction."
96570,rural_hunting,"Require state-managed hunting lands generally to remain open, replace acreage closed to hunting where required or feasible, coordinate other public lands for replacement access, and report annual gains and losses.",conservative,"Sponsored a statutory no-net-loss policy protecting hunting access on state-owned and state-managed land.",high,reviewed,True,"Full enrolled text reviewed. This is direct evidence of prioritizing rural hunting interests and public hunting access, subject to safety, wildlife-management, security, and park exceptions."
97628,environment_energy,"Urge Congress to restore and fully fund the USDA Resource Conservation and Development Program in 2011 and future years because of its natural-resource and rural and urban development work.",progressive,"Co-sponsored continued federal funding for locally led resource-conservation and community-development councils.",high,reviewed,True,"Full House resolution reviewed. Despite being nonbinding, it contains an explicit appropriations position supporting a federal conservation program and is not merely ceremonial."
97191,environment_energy,"Urge Congress to restore and fully fund the USDA Resource Conservation and Development Program in 2011 and future years because of its natural-resource and rural and urban development work.",progressive,"Co-sponsored continued federal funding for locally led resource-conservation and community-development councils.",high,reviewed,True,"Full joint resolution reviewed. This companion to HR309 states the same direct conservation-funding position."
391077,ethics_government,"Raise from $50,000 to $75,000 the salary threshold below which public employees need not file economic-interest statements, and allow employees below that threshold to receive things of value otherwise barred by the ethics law.",conservative,"Sponsored loosening financial-disclosure and gift restrictions for public employees earning less than $75,000.",high,reviewed,True,"Full introduced text reviewed. The policy reduces ethics-law coverage and transparency for a larger group of employees. It may also reduce compliance burdens on non-senior workers, but the operative direction is deregulatory/conservative on government ethics."
416049,ethics_government,"Cap at $250,000 per election cycle the amount a candidate for statewide office may lend to the candidate's own campaign.",progressive,"Sponsored a limit on candidate self-financing through personal loans in statewide races.",high,reviewed,True,"Full official 2010 First Special Session text reviewed using the repaired ALISON /2010FS/ source. The cap is a campaign-finance restriction intended to constrain personal-wealth advantages and is progressive on election regulation."
416076,ethics_government,"Require the Secretary of State to maintain a publicly searchable online database of campaign-contribution and expenditure filings by candidate name.",progressive,"Co-sponsored searchable online disclosure of campaign money.",high,reviewed,True,"Full official 2010 First Special Session text reviewed using the repaired ALISON /2010FS/ source. This is direct transparency and campaign-finance reform evidence."
599986,gambling,"Submit to voters a state-run education lottery funding school resource officers and scholarships without supplanting existing education revenue, while continuing to prohibit casinos.",mixed,"Co-sponsored an education lottery paired with a continued casino ban.",high,reviewed,True,"Full proposed constitutional amendment reviewed. The bill is unambiguously pro-lottery and anti-casino, so a single ideological label would obscure its selective expansion of gambling; retain the concrete stance as mixed."
489233,gambling,"Submit to voters a state-run education lottery funding classroom supplies, school resource officers, and scholarships without supplanting existing education revenue, while continuing to prohibit casinos.",mixed,"Sponsored an education lottery paired with a continued casino ban.",high,reviewed,True,"Full proposed constitutional amendment reviewed. This earlier version states the same selective gambling position as HB308, with an additional classroom-supplies allocation."
527210,guns,"Broadly expand and standardize firearm-carrying and storage rights, constrain local regulation and permit administration, protect firearms in employees' vehicles, authorize remedies for violations, and repeal the public-demonstration carry ban.",conservative,"Sponsored a comprehensive expansion of state gun-carrying, permit, preemption, reciprocity, and workplace vehicle-storage rights.",high,reviewed,True,"Full bill synopsis and operative structure reviewed. This is strongly directional gun-rights legislation, notwithstanding background-check, eligibility, and location-specific safeguards."
437075,guns,"Prohibit most employers and property holders from banning lawful firearms or ammunition stored in private vehicles, create civil remedies and employee reinstatement rights, and grant limited liability protection.",conservative,"Sponsored overriding many employer and property rules against lawful firearm storage in private vehicles.",high,reviewed,True,"Full introduced text reviewed. The policy affirmatively expands gun-storage rights at the expense of employer and property-owner discretion and is strong conservative gun-rights evidence."
409697,guns,"Prohibit most employers and property holders from banning lawful firearms or ammunition stored in private vehicles, create civil remedies and employee reinstatement rights, and grant limited liability protection.",conservative,"Sponsored overriding many employer and property rules against lawful firearm storage in private vehicles.",high,reviewed,True,"Full introduced text reviewed. This 2012 predecessor is materially the same parking-lot gun-rights proposal later introduced as HB12."
96421,healthcare_medicaid_finance,"Increase from 50 percent to 100 percent the additional state income-tax deduction available to qualifying small employers and qualifying employees for employer-plan health-insurance premiums.",mixed,"Co-sponsored doubling a targeted tax deduction designed to make small-business health coverage more affordable.",high,reviewed,True,"Full introduced text and synopsis reviewed. The policy combines a conservative tax-incentive delivery mechanism with a progressive health-coverage objective and income/employer-size targeting; code as mixed."
96924,criminal_justice,"Continue routing Etowah County's receipts from U.S. Immigration and Customs Enforcement to the sheriff's law-enforcement fund and retroactively validate those transfers and expenditures.",nonideological,"Co-sponsored a local accounting measure continuing ICE-related county receipts in the sheriff's fund.",high,reviewed,False,"Full enrolled text reviewed. The act governs the destination of already received money but does not define immigration enforcement, detention policy, or uses beyond the preexisting sheriff fund. Do not infer a broader immigration stance."
96652,immigration,"Subject nearly all property acquired while a person is unlawfully present to civil forfeiture, leave basic necessities to local law-enforcement discretion, and immunize good-faith government action.",conservative,"Co-sponsored sweeping property forfeiture based on unlawful immigration status.",high,reviewed,True,"Full introduced text reviewed. This is exceptionally punitive immigration-enforcement evidence: forfeiture is status-based, reaches directly and indirectly acquired property, and contains only a discretionary necessities exception."
96741,taxes_budget,"Allow counties, after publishing a fixed project list and winning a local referendum, to levy up to a five-cent-per-gallon motor-fuel tax for road and bridge projects for no more than five years without renewal approval.",mixed,"Co-sponsored local voter authority for a temporary, project-specific gasoline tax dedicated to roads and bridges.",high,reviewed,True,"Full introduced text reviewed. The measure authorizes a tax increase and public infrastructure investment but requires direct voter approval, project transparency, a rate cap, and sunset; code as mixed."
489225,public_employee_benefits,"Require multi-year salary increases for public-education employees and cost-of-living adjustments for Teachers' Retirement System retirees, including at least five percent in fiscal 2014 followed by 2.5 percent increases.",progressive,"Sponsored substantial multi-year raises for public-school employees and pension cost-of-living adjustments for education retirees.",high,reviewed,True,"Full introduced text reviewed. This is direct, strongly directional support for educator compensation and retirement benefits, with required future appropriations."
390957,public_education,"Restore the state's commitment to full PACT prepaid-tuition benefits, tie payments to current tuition and mandatory fees, extend tuition-growth limits across Alabama institutions, constrain investment risk, and permit the program to reopen.",progressive,"Sponsored restoring promised prepaid-college benefits while limiting tuition growth and investment risk.",high,reviewed,True,"Full introduced text reviewed. The bill favors beneficiaries and affordable higher education through an enforceable state commitment, though it also adds prudential financial controls."
299699,public_employee_benefits,"Create a new optional Deferred Retirement Option Plan allowing eligible long-service teachers and state employees below an income ceiling to keep working while retirement benefits accrue in a time-limited account.",progressive,"Sponsored restoring a structured deferred-retirement benefit for eligible teachers and state employees.",high,reviewed,True,"Full introduced text reviewed. The measure expands benefit flexibility for long-serving public workers, subject to age, service, income, duration, contribution, and forfeiture safeguards."
327404,social_services,"Mourn the death of Belle Farmer and extend sympathy to her family and friends.",nonideological,"Sponsored a constituent memorial resolution.",high,reviewed,False,"Full resolution reviewed. This is ceremonial and provides no social-services or ideological evidence."
294076,rural_hunting,"Recognize the Alabama Student Angler Bass Fishing Association.",nonideological,"Sponsored a ceremonial recognition of a student fishing organization.",high,reviewed,False,"Full resolution reviewed. The recognition reflects local sporting interest but creates no hunting, fishing, education, or conservation policy."
600040,public_education,"Use up to $15 million in Education Trust Fund revenue left unobligated because Alabama Accountability Act tax-credit costs were below forecast for the Alabama Math, Science, and Technology Initiative.",progressive,"Co-sponsored redirecting unused school-choice tax-credit reserves to a public-school math, science, and technology program.",high,reviewed,True,"Full introduced text reviewed. Contrary to the compact title's possible ambiguity, the appropriation does not finance Accountability Act credits; it uses the lower-than-expected credit cost to supplement AMSTI."
599966,public_education,"Transfer PACT assets and future appropriations among higher-education institutions and require Alabama public colleges to honor the full tuition-and-fee terms promised in remaining prepaid-tuition contracts.",progressive,"Co-sponsored requiring state colleges and PACT resources to fulfill prepaid-college tuition promises despite a projected funding shortfall.",high,reviewed,True,"Full introduced text reviewed. The proposal protects contract beneficiaries and directs public institutions and future appropriations toward full promised benefits."
489245,public_education,"Transfer PACT assets and future appropriations among higher-education institutions and require Alabama public colleges to honor the full tuition-and-fee terms promised in remaining prepaid-tuition contracts.",progressive,"Sponsored requiring state colleges and PACT resources to fulfill prepaid-college tuition promises despite a projected funding shortfall.",high,reviewed,True,"Full introduced text reviewed. This 2013 predecessor states materially the same beneficiary-protection policy as the 2014 HB309."
96706,criminal_justice,"Prohibit adult sex offenders from residing within 2,000 feet of a public park or playground and impose criminal penalties for violations.",conservative,"Co-sponsored expanding residency exclusions and penalties for people convicted of sex offenses.",high,reviewed,True,"Full introduced text reviewed. This is direct punitive criminal-justice evidence, notwithstanding its child-safety rationale and the broader existing residency regime."
96799,immigration,"Require nearly all Alabama businesses and public employers to verify new employees' work authorization through E-Verify or another reasonable method and suspend business licenses for violations.",conservative,"Co-sponsored mandatory employment-authorization verification backed by business-license penalties.",high,reviewed,True,"Full introduced text reviewed. This is direct state-level immigration-enforcement evidence imposing broad employer duties and sanctions."
96870,business_economic_development,"Create performance-linked state payments and authorize school-construction bonds for Huntsville and North Alabama infrastructure needed to accommodate Redstone Arsenal growth from the 2005 BRAC process.",progressive,"Co-sponsored public infrastructure and school investment tied to military-base job growth in North Alabama.",high,reviewed,True,"Full introduced text reviewed. The bill uses public payments and bonding to support regional economic expansion and school capacity, making it active public-investment evidence."
96952,public_employee_benefits,"Require school boards to notify teachers by the end of the school term if loss of a supplemental position will reduce their compensation for the next year.",progressive,"Co-sponsored advance written notice protecting teachers from unexpected loss of supplemental pay.",high,reviewed,True,"Full introduced text reviewed. The bill creates a modest procedural employment protection without guaranteeing continued supplemental assignments or pay."
97314,public_education,"Commend Tuskegee University's basketball team for winning its conference championship.",nonideological,"Co-sponsored a ceremonial commendation of Tuskegee University's basketball team.",high,reviewed,False,"Full resolution reviewed. This companion commendation is non-substantive and provides no higher-education position evidence."
96866,taxes_budget,"Allow Limestone County's existing sales-and-use-tax receipts to pay refinanced debt for the same authorized public buildings and terminate the tax after all original or refunding debt is paid.",nonideological,"Co-sponsored a local debt-refinancing clarification for an existing earmarked sales tax.",high,reviewed,False,"Full introduced local text reviewed. This changes debt administration but neither authorizes a new tax nor reveals a general tax or spending position."
96938,social_services,"Require the Alabama Network of Family Resource Centers to adopt allocation rules for state and federal funds and publish advance notice of proposed rules in the Alabama Administrative Monthly.",progressive,"Co-sponsored transparent rulemaking for distribution of public funding among family resource centers.",high,reviewed,True,"Full enrolled text reviewed. The bill is procedural rather than a new appropriation, but it directly supports transparency and standardized allocation in a social-services network."
96349,business_economic_development,"Grandfather economic-development projects whose companies filed intent statements by November 21, 2009, under the earlier base-wage requirement rather than a newer wage threshold.",conservative,"Co-sponsored delaying a higher base-wage requirement for already developing tax-incentive projects.",high,reviewed,True,"Full enrolled text reviewed. The transition rule favors project continuity and lower employer wage requirements over immediate application of the newer labor standard; it is conservative on wage conditions, though limited to a grandfathered cohort."
96772,criminal_justice,"Allow qualifying first-time felony offenders serving life without parole for capital murder to obtain life with parole eligibility after twenty years and sustained records free of serious prison misconduct, with retroactive review.",progressive,"Co-sponsored a narrowly conditioned, retroactive second-chance pathway for some capital offenders serving life without parole.",high,reviewed,True,"Full introduced text reviewed. This is strong sentencing-reform evidence while retaining a twenty-year minimum and extensive conduct safeguards."
96454,social_services,"Restore TANF and food-assistance eligibility to otherwise qualified people with drug-felony convictions after sentence completion or during satisfactory probation and required treatment.",progressive,"Co-sponsored ending Alabama's lifetime food-aid and cash-assistance exclusion for many people with drug felony records.",high,reviewed,True,"Full introduced text reviewed. The policy supports reintegration and access to the safety net, conditioned on sentence, probation, and treatment compliance."
96872,occupational_licensing,"Create state licensure, form approval, disclosures, examinations, reporting, and civil and criminal enforcement for life-settlement providers and brokers under the Insurance Commissioner.",progressive,"Co-sponsored comprehensive consumer-protection regulation of the life-settlement industry.",high,reviewed,True,"Full introduced structure and synopsis reviewed. The act adds substantial market regulation and disclosure duties intended to protect policyholders, making it progressive on occupational and financial-services regulation."
96605,public_employee_benefits,"Allow former legislative, judicial, and executive employees age 50 or older with at least 24 months of service and 18 months of coverage to remain in the state employee health plan at their own full cost.",progressive,"Co-sponsored continued group-health-plan access for qualifying former state employees without a state premium subsidy.",high,reviewed,True,"Full engrossed text reviewed. The measure expands benefit access but expressly places the entire cost on the former employee, making it a modest rather than expansive public benefit."
96761,public_employee_benefits,"End future supernumerary status for the Cullman County sheriff and revenue commissioner and allow participation in the regular Employees' Retirement System, while grandfathering existing rights and permitting service-credit purchase.",mixed,"Co-sponsored replacing two county officials' supernumerary system with ordinary state employee retirement participation.",high,reviewed,True,"Full proposed local constitutional amendment reviewed. This modernizes and regularizes retirement treatment but preserves accrued rights and permits credit purchase; code as mixed institutional benefit reform."
96517,public_education,"Transfer the State Board of Education's fiscal-year 2011 share of Children First Trust Fund receipts to the State General Fund.",conservative,"Co-sponsored diverting an earmarked education allocation from the Children First Trust Fund into the General Fund for one fiscal year.",high,reviewed,True,"Full enrolled text reviewed. The bill reduces the statutory protection of a public-education funding stream, though the ultimate General Fund use is unspecified; classify the observable diversion, not an assumed spending cut."
96763,ethics_government,"Give the Attorney General exclusive direction and control over state civil and criminal litigation and investigations, bar the governor from initiating or directing them, and void prior contrary actions.",mixed,"Co-sponsored shifting state litigation and investigative authority from the governor to the independently elected attorney general.",high,reviewed,True,"Full introduced text reviewed. This is a clear separation-of-powers position but not inherently left or right; code as mixed institutional governance."
96719,social_services,"Broaden and modernize Alabama's civil Protection From Abuse Act to cover dating relationships and threats, expand remedies and enforcement, create a statewide registry, and coordinate custody and interstate-order procedures.",progressive,"Co-sponsored broader and more accessible civil protection-order safeguards for domestic-violence victims.",high,reviewed,True,"Full introduced purpose and operative structure reviewed. Repeal of duplicative criminal provisions does not reverse the bill's expressly victim-protective civil expansion."
96724,criminal_justice,"Abolish the common-law rule barring homicide prosecution when the victim dies more than a year and a day after the causal act.",conservative,"Co-sponsored expanding homicide liability to deaths occurring beyond the former year-and-a-day limit.",high,reviewed,True,"Full introduced text reviewed. The act removes a defense and broadens prosecutorial reach, making it modestly conservative/punitive on criminal justice."
96841,criminal_justice,"Define a child for chemical-endangerment prosecution to include an unborn child at any stage regardless of viability and create a rebuttable presumption from matching positive drug tests at birth.",conservative,"Co-sponsored criminal prosecution of prenatal drug exposure using fetal-personhood language and an evidentiary presumption against the mother.",high,reviewed,True,"Full introduced text reviewed. This is strongly punitive criminal-justice evidence with an additional anti-abortion/fetal-personhood valence; code primarily under criminal justice to avoid treating drug exposure as a general abortion position."
97956,environment_energy,"Commend a regional Resource Conservation and Development Council for an award and for community and conservation projects.",nonideological,"Co-sponsored a ceremonial commendation of a regional conservation council.",high,reviewed,False,"Full resolution reviewed. Although it lists substantive conservation accomplishments, the act only honors an award recipient and is not reliable individual policy evidence."
96787,environment_energy,"Require affected county and municipal approval, findings, public notice, hearings, and information access before ADEM may issue or modify granite or limestone surface-mining permits.",progressive,"Co-sponsored local veto authority and public environmental review for surface-mining permits.",high,reviewed,True,"Full introduced text reviewed. The proposal adds substantial environmental, health, infrastructure, property-value, and public-participation safeguards before mining approval."
96325,ethics_government,"Prohibit political action committees from transferring contributions to other PACs, except principal campaign committees.",progressive,"Sponsored a ban on PAC-to-PAC transfers intended to improve campaign-money traceability.",high,reviewed,True,"Full introduced text reviewed. This is direct campaign-finance transparency and anti-circumvention evidence."
96654,ethics_government,"Limit each political action committee's contributions to a candidate to $1,000 per election cycle.",progressive,"Co-sponsored a $1,000 cap on PAC contributions to individual candidates.",high,reviewed,True,"Full introduced text reviewed. This is direct campaign-finance restriction evidence aimed at limiting organized-money influence."
97627,public_education,"Recognize the University of West Alabama's 175th anniversary.",nonideological,"Joined a chamber-wide ceremonial recognition of the University of West Alabama.",high,reviewed,False,"Full resolution reviewed. The historical commendation creates no higher-education policy or funding commitment."
96907,rural_hunting,"Allow permitted sales of farm-raised yellow perch under the same exception already available for specified hatchery and farm-pond fish.",conservative,"Co-sponsored a narrow deregulation benefiting farm-pond aquaculture while retaining permits and wild game-fish sale restrictions.",high,reviewed,True,"Full introduced text reviewed. This is modest rural-business and aquaculture deregulation, not a change to wild-fish conservation rules."
96297,ethics_government,"Create and fund a third elected circuit judgeship for Marshall County beginning with the 2012 general election after Voting Rights Act preclearance.",nonideological,"Sponsored additional local judicial capacity in the Twenty-seventh Judicial Circuit.",high,reviewed,False,"Full introduced text reviewed. Adding a judge is a concrete local service priority but supplies no dependable ideological or issue-direction evidence for the state matrix."
96284,taxes_budget,"Redistribute TVA in-lieu-of-tax payments among TVA-served jurisdictions and dry non-TVA communities while offsetting parts of the latter allocation with liquor-tax receipts.",mixed,"Co-sponsored revising the geographic distribution of TVA and alcohol-related local revenues.",high,reviewed,True,"Full enrolled structure reviewed. The bill is distributive local fiscal policy with winners and offsets rather than a general tax increase or cut; retain as mixed."
96988,social_services,"Create a multidisciplinary statewide team to standardize and coordinate investigation of sudden unexplained infant deaths.",progressive,"Co-sponsored coordinated state investigation and prevention capacity for sudden unexplained infant deaths.",high,reviewed,True,"Official bill synopsis reviewed. The measure expands public-health and child-welfare coordination rather than criminalizing parents or changing benefits."
96768,criminal_justice,"Further restrict over-the-counter ephedrine and pseudoephedrine sales through real-time electronic verification, penalties, and a Drug Abuse Task Force.",conservative,"Co-sponsored expanded controlled-substance precursor monitoring and enforcement.",high,reviewed,True,"Official synopsis reviewed. The bill's dominant direction is stricter drug enforcement, although it also has a public-health rationale."
97114,criminal_justice,"Recognize the Concerns of Police Survivors Fly the Blue Campaign.",nonideological,"Co-sponsored a ceremonial recognition of a police-survivor organization and campaign.",high,reviewed,False,"Official resolution synopsis reviewed. This is symbolic support for law-enforcement families, not a criminal-justice policy position."
97125,criminal_justice,"Commend Jesse Owens and name a segment of Highway 36 the Jesse Owens Parkway.",nonideological,"Co-sponsored an honorary highway designation for Jesse Owens.",high,reviewed,False,"Official resolution synopsis reviewed. The action is commemorative and non-policy."
96511,public_education,"Appropriate Education Trust Fund money to Talladega College subject to state fiscal controls.",progressive,"Co-sponsored state higher-education funding for Talladega College.",high,reviewed,True,"Official appropriation text and synopsis reviewed. This is direct support for public investment in a historically Black private college serving an educational public purpose."
1012398,business_economic_development,"Allow Shoals Economic Development Fund money to support workforce training and economic-development programs at the University of North Alabama.",progressive,"Co-sponsored using regional development funds for university-based workforce training and economic development.",high,reviewed,True,"Official synopsis reviewed. The measure expands permissible public investment in workforce capacity."
1006730,business_economic_development,"Allow Shoals Economic Development Fund money to construct a Workforce Training and Development Center.",progressive,"Co-sponsored regional public investment in a workforce training center.",high,reviewed,True,"Official synopsis reviewed. This is direct workforce-development infrastructure evidence."
1089854,rural_hunting,"Urge Congress to review commercial-driver-license mandates and remove unnecessary burdens on agriculture and small businesses.",conservative,"Co-sponsored federal regulatory relief for agricultural and small-business vehicle operators.",high,reviewed,True,"Official resolution synopsis reviewed. This is explicit deregulatory advocacy centered on rural and small-business interests."
587659,social_services,"Criminalize interference with, injury to, or intentional killing of a service animal and require restitution.",progressive,"Co-sponsored stronger legal protection for service-animal users and restitution for harm.",high,reviewed,True,"Official synopsis reviewed. The disability-access protection is progressive even though enforcement uses criminal penalties."
471772,criminal_justice,"Authorize local public-school security forces and define their relationship with local law enforcement.",conservative,"Sponsored establishment of dedicated security forces in public K-12 schools.",high,reviewed,True,"Official synopsis reviewed. The policy expands institutional security and policing capacity in schools."
291633,criminal_justice,"Permit a seat-belt citation when a person is stopped and arrested for a separate violation.",progressive,"Sponsored limited secondary enforcement of Alabama's seat-belt requirement.",medium,reviewed,True,"Official synopsis reviewed. The measure expands safety-law enforcement only after an independent stop and arrest, making the regulatory direction progressive but narrow."
612409,rural_hunting,"Create a hunting license for disabled residents that remains valid while the disability continues.",progressive,"Sponsored more accessible, durable hunting licensure for people with disabilities.",high,reviewed,True,"Official synopsis reviewed. This is a rural sporting-access measure with a disability-accommodation direction."
96435,environment_energy,"Prohibit state agencies from adopting fuel-economy regulation or a cap-and-trade program without legislative authorization.",conservative,"Co-sponsored blocking administrative climate and fuel-economy regulation absent a separate legislative act.",high,reviewed,True,"Official synopsis reviewed. This is explicit conservative environmental and regulatory policy."
622638,ethics_government,"Exclude third-party rewards for exemplary public service from the ethics-law ban on using office for personal gain.",conservative,"Co-sponsored a new ethics-law exception allowing certain third-party rewards to public officials.",high,reviewed,True,"Official synopsis reviewed. Whatever its employee-recognition rationale, the operative direction loosens ethics restrictions and creates a gift-like exception."
416092,ethics_government,"Prohibit political action committees from transferring money to other PACs except principal campaign committees.",progressive,"Sponsored a PAC-to-PAC transfer ban to improve campaign-finance traceability.",high,reviewed,True,"Full repaired 2010 First Special Session text was previously validated and reviewed. This is direct campaign-finance reform evidence."
549798,guns,"Authorize qualified local-board school security personnel and resource officers to carry firearms under specified conditions.",conservative,"Co-sponsored arming qualified school security personnel and resource officers.",high,reviewed,True,"Official synopsis reviewed. This is direct conservative gun and school-security evidence."
299613,guns,"Create crimes for knowingly soliciting an unlawful firearm transfer or deliberately giving false information to a gun seller, with stated exceptions and penalties.",progressive,"Sponsored additional criminal enforcement against unlawful and deceptive firearm purchases.",high,reviewed,True,"Official synopsis reviewed. The measure strengthens gun-sale enforcement while targeting already unlawful or knowingly deceptive conduct rather than lawful possession."
299373,guns,"Require law-enforcement agencies to dispose of seized firearms through auctions to eligible purchasers and retain proceeds for law-enforcement purposes.",conservative,"Sponsored returning seized firearms to lawful commerce through auction instead of destruction.",high,reviewed,True,"Official synopsis reviewed. The policy favors lawful gun circulation and law-enforcement revenue and is conservative on firearms."
969034,healthcare_medicaid_finance,"Recognize Red Bay Hospital for fifty years of service.",nonideological,"Sponsored a ceremonial hospital anniversary recognition.",high,reviewed,False,"Official resolution synopsis reviewed. No health financing or delivery policy is enacted."
968822,healthcare_medicaid_finance,"Recognize Red Bay Hospital for fifty years of service.",nonideological,"Sponsored a ceremonial hospital anniversary recognition.",high,reviewed,False,"Official joint-resolution synopsis reviewed. This companion is non-policy."
328554,criminal_justice,"Authorize blood and saliva testing and specified disclosure after offenders expose law-enforcement officers, firefighters, first responders, or corrections officers to communicable disease in the line of duty.",mixed,"Co-sponsored occupational disease-testing protections for first responders that compel testing and limited health-information disclosure from offenders.",high,reviewed,True,"Official synopsis reviewed. Worker safety is protective while involuntary testing and offender privacy burdens are coercive; code as mixed."
1049643,business_economic_development,"Name a segment of U.S. Highway 72 for Frankie Lee Wallace.",nonideological,"Co-sponsored an honorary highway designation.",high,reviewed,False,"Official resolution synopsis reviewed. This is ceremonial, not infrastructure policy."
637505,infrastructure_energy,"Expand the Franklin County Water Coordinating and Fire Prevention Authority's permissible services to include sewage and broadband.",progressive,"Sponsored expansion of a public local authority into sewer and broadband service.",high,reviewed,True,"Official synopsis reviewed. This is active public-service and infrastructure expansion."
612569,taxes_budget,"Authorize a Franklin County sales tax for schools, temporarily allocate a portion to roads, and require a referendum for extension.",mixed,"Sponsored a locally approved sales tax supporting schools and roads with a time-limited allocation and renewal vote.",high,reviewed,True,"Official synopsis reviewed. The bill combines a regressive revenue instrument with public education and infrastructure investment plus voter control."
574829,ethics_government,"Allow the Retirement Systems of Alabama secretary-treasurer to make investment decisions without Board of Control approval.",mixed,"Sponsored concentrating RSA investment authority in its secretary-treasurer.",high,reviewed,True,"Official synopsis reviewed. This is a clear governance-centralization position but has no stable left-right direction absent evidence about safeguards and performance."
97129,public_education,"Commend the University of North Alabama on its 180th anniversary.",nonideological,"Co-sponsored a ceremonial university anniversary resolution.",high,reviewed,False,"Official synopsis reviewed. No education policy or appropriation is created."
97089,public_education,"Commend the George Lindsey University of North Alabama Film Festival.",nonideological,"Co-sponsored a ceremonial film-festival commendation.",high,reviewed,False,"Official synopsis reviewed. This is cultural recognition, not education policy."
402719,public_employee_benefits,"Award correctional officers one year of hazardous-duty service credit for every five years worked for retirement and insurance purposes.",progressive,"Sponsored enhanced retirement recognition for correctional officers' hazardous service.",high,reviewed,True,"Official synopsis reviewed. This expands public-worker benefits for a high-risk occupation."
1006665,business_economic_development,"Create a Lauderdale County Community Development Fund and divide expenditures between the county commission and a development authority after formation of an agriculture authority.",mixed,"Sponsored a local structure for distributing community-development resources between public bodies.",medium,reviewed,True,"Official synopsis reviewed. The measure establishes a development priority but the compact description does not expose enough allocation detail for a directional ideological code."
788478,public_employee_benefits,"Use Lauderdale County TVA in-lieu-of-tax community-development money to provide sheriff's officers uniforms and a uniform allowance, retroactive to 2006.",progressive,"Sponsored public funding of work uniforms and allowances for county sheriff's officers.",high,reviewed,True,"Official synopsis reviewed. This is a narrow employee-compensation and equipment benefit."
743211,taxes_budget,"Create optional personalized memorial license plates for deceased family members, charge an additional fee, and send proceeds to the General Fund.",nonideological,"Sponsored a fee-supported memorial license-plate option.",high,reviewed,False,"Official synopsis reviewed. This consumer option and fee is administrative and not useful ideological evidence."
98540,abortion,"Constitutionally prohibit abortion except to preserve the pregnant woman's life or when pregnancy results from rape or incest, with penalties.",conservative,"Sponsored a constitutional abortion ban with life, rape, and incest exceptions.",high,reviewed,True,"Official synopsis reviewed. This is direct anti-abortion policy evidence, with broader exceptions than Alabama's later near-total statutory ban."
98662,healthcare_conscience,"Prohibit private or denominational hospitals from requiring employees or physicians to participate in abortion, embryo research, cloning, euthanasia, or assisted suicide and create civil remedies.",conservative,"Sponsored broad institutional and worker conscience protections against participation in specified reproductive and end-of-life procedures.",high,reviewed,True,"Official synopsis reviewed. This is direct conservative health-care conscience evidence."
98862,business_economic_development,"Commend the Pike County Economic Development Corporation.",nonideological,"Co-sponsored a ceremonial commendation of a local development corporation.",high,reviewed,False,"Official resolution synopsis reviewed. Recognition alone does not establish a subsidy or development-policy stance."
98601,public_employee_benefits,"Provide salary increases for specified Department of Corrections employees working inside secured facilities.",progressive,"Sponsored increased compensation for corrections employees working inside security fences.",high,reviewed,True,"Official synopsis reviewed. This is direct support for higher pay for hazardous public work and parallels HB747."
98422,criminal_justice,"Classify assault on an off-duty law-enforcement officer performing lawful private security work as second-degree assault under the officer-protection statute.",conservative,"Sponsored extending enhanced assault penalties to off-duty officers employed by private entities.",high,reviewed,True,"Official synopsis reviewed. The measure broadens a penalty enhancement and is punitive/conservative on criminal justice."
98508,criminal_justice,"Establish crimes and penalties for coercive or deceptive labor and sex trafficking.",mixed,"Sponsored explicit criminal prohibitions against human trafficking and exploitation.",high,reviewed,True,"Official synopsis reviewed. Protection from exploitation is progressive while the delivery mechanism is punitive criminal enforcement; the issue is substantively important but not cleanly partisan."
98158,rural_hunting,"Create a continuously valid hunting and fishing license for qualifying disabled veterans.",progressive,"Sponsored durable, lower-burden hunting and fishing access for disabled veterans.",high,reviewed,True,"Official synopsis reviewed. This combines rural sporting access with a disability and veterans accommodation."
98169,ethics_government,"Require the Ethics Commission to provide mandatory ethics training for elected officials.",progressive,"Sponsored mandatory ethics-law training for elected officials.",high,reviewed,True,"Official synopsis reviewed. This is direct good-government and compliance evidence."
98435,public_employee_benefits,"Create a voluntarily funded annuity and benefit system for paid and volunteer firefighters with service, disability, and death benefits, professional administration, audits, and reports.",progressive,"Sponsored a new voluntary retirement and survivor-benefit program for firefighters.",high,reviewed,True,"Official synopsis reviewed. This expands structured benefits for public-safety workers while relying on voluntary participation and dedicated funding."
98635,social_services,"Create an Alzheimer's Disease Task Force to assess statewide present and future needs and report recommendations.",progressive,"Sponsored state planning for Alzheimer's disease services and policy.",high,reviewed,True,"Official synopsis reviewed. The task force is a substantive health and aging priority even though it does not itself appropriate services."
98481,healthcare_medicaid_finance,"Authorize hospitals and long-term-care providers to donate unused prescription drugs and physician samples to charitable pharmacies and clinics under regulated conditions.",progressive,"Sponsored a prescription-drug donation pathway for charitable health providers.",high,reviewed,True,"Official synopsis reviewed. The policy expands access to medicines through regulated reuse and charitable distribution."
98257,business_economic_development,"Dedicate $100 million annually from the Alabama Trust Fund for ten years to state and local road, bridge, rail, maintenance, and economic-development infrastructure.",progressive,"Sponsored a decade-long state and local transportation investment program funded from Trust Fund assets.",high,reviewed,True,"Official synopsis and House-companion text reviewed. This is active public infrastructure investment with a real Trust Fund tradeoff."
98787,business_economic_development,"Name a segment of Alabama Highway 113 for Dewey J. Bondurant Jr.",nonideological,"Co-sponsored an honorary highway designation.",high,reviewed,False,"Official synopsis reviewed. No transportation policy is created."
98786,business_economic_development,"Name a segment of Interstate 65 for Ray Scott.",nonideological,"Co-sponsored an honorary highway designation.",high,reviewed,False,"Official synopsis reviewed. No transportation policy is created."
98366,public_employee_benefits,"Allow designated Etowah County sales-tax revenue to support salaries of certified school personnel and Gadsden State employees during proration.",progressive,"Sponsored protecting education employee salaries with earmarked local revenue during budget proration.",high,reviewed,True,"Official synopsis reviewed. This is direct educator-compensation protection, though geographically and fiscally conditional."
98459,ethics_government,"Alter the constitutional age requirement for members of the University of Alabama Board of Trustees.",nonideological,"Sponsored a governance eligibility change for university trustees.",medium,reviewed,False,"Official synopsis reviewed. Without a substantive policy consequence in the compact record, an age-rule adjustment is not reliable ideological evidence."
98871,public_education,"Commend the White House HBCU Initiative and Alabama A&M University for hosting a technical-assistance conference.",nonideological,"Co-sponsored a ceremonial HBCU conference commendation.",high,reviewed,False,"Official synopsis reviewed. Recognition does not enact education policy."
98535,racial_civil_rights,"Exempt the National Voting Rights Museum and Institute from state income and state and local sales and use taxes.",progressive,"Sponsored tax support for an institution preserving voting-rights and civil-rights history.",high,reviewed,True,"Official synopsis reviewed. This is narrow but direct material support for a civil-rights institution."
98549,rural_hunting,"Centralize livestock and animal-husbandry regulation in the Agriculture Department and State Veterinarian while revising animal-cruelty enforcement.",mixed,"Sponsored state preemption and consolidation of livestock regulation with animal-health and cruelty provisions.",medium,reviewed,True,"Official synopsis reviewed. Agricultural regulatory uniformity is conservative, while disease and cruelty enforcement can be protective; code as mixed rural/agriculture policy."
98624,criminal_justice,"Add an Etowah County solicitor fee and court costs and direct the proceeds under a companion constitutional amendment.",conservative,"Sponsored additional criminal and court fees in Etowah County.",high,reviewed,True,"Official synopsis reviewed. This expands fee-based justice-system financing and is conservative/punitive in effect."
98480,criminal_justice,"Charge an application fee for interstate adult-offender supervision transfers, permit exemptions, and continuously appropriate proceeds to probation upkeep.",conservative,"Sponsored user-fee financing for interstate probation and parole transfer administration.",high,reviewed,True,"Official synopsis reviewed. The measure places added financial burden on supervised people, subject to exceptions."
98551,public_employee_benefits,"Apply salary reductions consistently to state-employed and specified county-employed juvenile probation officers.",conservative,"Sponsored consistent pay reductions across juvenile-probation employment arrangements.",medium,reviewed,True,"Official synopsis reviewed. The compact text indicates a benefit cut but does not expose its size or fiscal context, so confidence is medium."
98243,ethics_government,"Substantially strengthen Alabama ethics law through broader definitions, disclosure, subpoena authority, lobbying and contracting restrictions, and increased bribery, conflict, and trading-in-office penalties.",progressive,"Sponsored a comprehensive expansion of ethics disclosure, enforcement, and anti-corruption restrictions.",high,reviewed,True,"Official synopsis reviewed. This is strong good-government reform evidence despite its use of enhanced penalties."
98517,gambling,"Create and constitutionally authorize a Gaming Commission to regulate and tax commercial bingo and distribute proceeds.",mixed,"Sponsored legalized, regulated, and taxed commercial bingo.",high,reviewed,True,"Official synopsis reviewed. The concrete stance is pro-regulated gambling; because Alabama gambling coalitions cross conventional ideology, retain a mixed valence."
98719,guns,"Increase the Choctaw County concealed-pistol permit fee.",progressive,"Sponsored a local increase in the cost of concealed-pistol permits.",high,reviewed,True,"Official synopsis reviewed. This is modestly progressive on gun regulation but narrow and revenue-oriented."
98332,criminal_justice,"Prohibit text messaging while driving on public roads and impose penalties.",progressive,"Sponsored a statewide distracted-driving safety prohibition.",high,reviewed,True,"Official synopsis reviewed. The measure expands safety regulation and enforcement rather than general criminal punishment."
98770,public_education,"Commend teachers and educational support personnel.",nonideological,"Co-sponsored a ceremonial commendation of education workers.",high,reviewed,False,"Official synopsis reviewed. Recognition alone is not evidence of pay, funding, or labor policy."
98452,criminal_justice,"Require revocation of education certification or termination of school employment after conviction of a felony or a child-related sex offense.",conservative,"Sponsored mandatory professional exclusion of education workers convicted of specified crimes.",high,reviewed,True,"Official synopsis reviewed. The policy removes discretion and imposes a collateral employment consequence, making it punitive/conservative."
98297,criminal_justice,"Require revocation of education certification or termination of school employment after conviction of a felony or a child-related sex offense.",conservative,"Sponsored mandatory professional exclusion of education workers convicted of specified crimes.",high,reviewed,True,"Official synopsis reviewed. This companion states the same punitive employment consequence as SB316."
98749,public_private_partnerships,"Extend the Lieutenant Governor's Commission on Public-Private Partnership Projects.",mixed,"Sponsored continuing state study and implementation work on public-private infrastructure partnerships.",high,reviewed,True,"Official synopsis and House-companion text reviewed. The extension establishes a P3 priority but incorporates recommendations not restated here, so no simple ideological direction is assigned."
98450,rural_hunting,"Authorize Forestry Commission administrative rules governing conduct on state forests and penalties for violations.",mixed,"Sponsored enforceable conduct rules on state forest land.",medium,reviewed,True,"Official synopsis reviewed. Resource stewardship and rule enforcement are substantive, but the compact description does not show whether particular restrictions expand conservation, recreation access, or agency power enough for a directional code."
98712,infrastructure_energy,"Redirect part of Citronelle oil-and-gas revenue to a volunteer fire department in place of a rescue squad and release specified escrowed funds.",progressive,"Sponsored local energy-revenue support for volunteer fire protection.",high,reviewed,True,"Official synopsis reviewed. This is public-safety service funding through local resource revenue, though it reallocates rather than creates money."
98680,ethics_government,"Create an additional Baldwin County circuit judgeship with conditional state appropriations.",nonideological,"Sponsored additional local judicial capacity.",high,reviewed,False,"Official synopsis reviewed. The service-capacity choice has no dependable ideological direction in the available text."
98659,business_economic_development,"Authorize an income-tax deduction for employers hiring qualifying unemployment-benefit recipients or people whose benefits expired.",mixed,"Sponsored a targeted tax incentive for reemployment of unemployed workers.",high,reviewed,True,"Official synopsis reviewed. The bill combines a conservative tax mechanism with a progressive labor-market objective and is coded mixed."
299664,business_economic_development,"Revise film-production tax rebates and limit related sales, use, and lodging exemptions to the state-tax portion.",mixed,"Sponsored targeted entertainment-industry incentives while narrowing which tax shares are exempt.",high,reviewed,True,"Official synopsis reviewed. This is industrial policy with both subsidy expansion/adjustment and a local-revenue limitation."
423424,criminal_justice,"Add a Cleburne County drug-and-violent-crime court fee and distribute proceeds to the circuit clerk, sheriff, and regional task force.",conservative,"Sponsored fee-financed drug and violent-crime enforcement.",high,reviewed,True,"Official synopsis reviewed. This expands court-cost burdens and funds punitive enforcement."
96958,criminal_justice,"Authorize additional Cleburne County court costs in traffic, civil, and criminal cases and distribute the revenue locally.",conservative,"Co-sponsored broader local court-cost financing.",high,reviewed,True,"Official synopsis reviewed. The policy increases user fees across justice proceedings and is conservative on fee-based court finance."
543965,guns,"Allow Cherokee County sheriff's deputies retiring with at least ten years of service to receive a badge, commission card, and pistol without cost.",conservative,"Sponsored a free service pistol and credentials benefit for qualifying retired deputies.",high,reviewed,True,"Official synopsis reviewed. This is both a public-employee recognition benefit and a narrow gun-rights position."
96889,public_employee_benefits,"Credit qualifying military service and other covered public employment when calculating the retiree sliding-scale premium in the State Employees' Health Insurance Plan.",progressive,"Co-sponsored broader service credit to reduce or improve retiree health-premium treatment.",high,reviewed,True,"Official synopsis reviewed. This is direct benefit protection for public servants and veterans."
536949,business_economic_development,"Designate a Cleburne County highway segment as the Lieutenant Ralph Byron Bentley Memorial Highway.",nonideological,"Co-sponsored an honorary memorial highway designation.",high,reviewed,False,"Official synopsis reviewed. No infrastructure policy is created."
424221,business_economic_development,"Name a Cherokee County highway segment for W. A. Ellis Jr.",nonideological,"Co-sponsored an honorary highway designation.",high,reviewed,False,"Official synopsis reviewed. No infrastructure policy is created."
424225,business_economic_development,"Name a Cherokee County U.S. Highway 411 segment for George and Tom Jordan.",nonideological,"Co-sponsored an honorary highway designation.",high,reviewed,False,"Official synopsis reviewed. No infrastructure policy is created."
637590,taxes_budget,"Levy an additional Cherokee County sales tax dedicated exclusively to public schools.",mixed,"Sponsored a local sales-tax increase earmarked for public education.",high,reviewed,True,"Official synopsis reviewed. The policy combines a regressive tax instrument with progressive public-school investment."
96983,public_education,"Authorize Public School and College Authority bonds and negotiated sales for education capital, swap obligations, and school-bus fleet renewal, backed by pledged Public School Fund revenue.",progressive,"Co-sponsored bond financing for public-education capital needs and school-bus replacement.",high,reviewed,True,"Official synopsis reviewed. This is active public-school investment, with debt and swap-financing risks that should remain visible in fiscal analysis."
96964,public_education,"Appropriate Public School Fund money to local boards of education for fiscal-year 2011 operating expenses and authorize its expenditure.",progressive,"Co-sponsored state operating support for local public-school systems.",high,reviewed,True,"Official synopsis reviewed. This is direct public-education funding evidence."
96825,public_employee_benefits,"Allow officers and employees of the Alabama Higher Education Partnership to participate in the Teachers' Retirement System.",progressive,"Co-sponsored extending public retirement-system eligibility to employees of a higher-education advocacy organization.",medium,reviewed,True,"Official synopsis reviewed. The bill expands retirement access, though to a narrow quasi-public/nonprofit group rather than general educators."
96592,public_employee_benefits,"Allow both the Teachers' and Employees' Retirement Systems to amortize accrued pension liabilities over as many as 30 years rather than 20.",conservative,"Co-sponsored lengthening the public pension liability funding period to reduce near-term contribution pressure.",high,reviewed,True,"Official synopsis and the parallel teachers-only bill text reviewed. Longer amortization eases current budgets but delays funding and can raise long-run costs."
96307,public_employee_benefits,"Allow qualifying School Superintendents of Alabama executives and employees to continue participating in the Teachers' Retirement System.",progressive,"Co-sponsored preserving Teachers' Retirement System participation for employees of the superintendents' association.",medium,reviewed,True,"Official synopsis reviewed. This is a narrow benefit-continuation measure."
332609,social_services,"Mourn the death of Archie L. Farmer.",nonideological,"Sponsored a constituent memorial resolution.",high,reviewed,False,"Official synopsis reviewed. This is ceremonial."
299730,rural_hunting,"Commend the Alabama Future Farmers of America.",nonideological,"Sponsored a ceremonial commendation of a student agriculture organization.",high,reviewed,False,"Official synopsis reviewed. Recognition alone is not agricultural policy evidence."
296721,rural_hunting,"Move pesticide and pesticide-device registration to a biennial cycle and adopt a new fee schedule.",mixed,"Sponsored revised pesticide registration timing and fees.",medium,reviewed,True,"Official synopsis reviewed. The change affects agricultural regulatory cost and administration, but the compact record does not establish whether total burden rises or falls enough for a directional code."
490839,taxes_budget,"Authorize the Revenue Commissioner to require taxpayers in a unitary business to supply additional information in an alternative reporting format.",progressive,"Sponsored expanded information authority for auditing complex multistate or unitary-business income taxes.",high,reviewed,True,"Official synopsis reviewed. The measure strengthens tax administration and anti-avoidance capacity without itself changing rates."
97061,taxes_budget,"Distribute Cherokee County's share of TVA in-lieu-of-tax payments under the revised 2010 allocation law.",mixed,"Sponsored a local distribution formula for TVA replacement-tax revenue.",medium,reviewed,True,"Official synopsis reviewed. This is distributive local fiscal policy with no general tax-rate direction."
96506,social_services,"Require a court considering a stay of child-custody or visitation proceedings during a related criminal case to evaluate the child's best interest.",mixed,"Co-sponsored a child-welfare safeguard when criminal charges intersect with custody litigation.",high,reviewed,True,"Official synopsis reviewed. The policy adds judicial discretion centered on child welfare rather than consistently favoring either accused parents or opposing parties."
97366,business_economic_development,"Rename Shoal Creek Bridge the Disabled American Veterans Memorial Bridge.",nonideological,"Co-sponsored an honorary bridge designation.",high,reviewed,False,"Official synopsis reviewed. This is ceremonial."
97367,business_economic_development,"Name a Lauderdale County highway segment for Major David Blair Faulkner.",nonideological,"Co-sponsored an honorary memorial highway designation.",high,reviewed,False,"Official synopsis reviewed. This is ceremonial."
97086,business_economic_development,"Name a Highway 20 segment for golfer Stewart Cink.",nonideological,"Co-sponsored an honorary highway designation.",high,reviewed,False,"Official synopsis reviewed. This is ceremonial."
96361,rural_hunting,"Continue producer-assessment programs for specified agricultural commodities after referendums while moving association audits to every two years and requiring financial statements.",mixed,"Co-sponsored farmer-approved commodity promotion assessments with revised financial oversight.",high,reviewed,True,"Official synopsis reviewed. The program is collective agricultural market development funded by assessments, while reduced audit frequency is deregulatory; code mixed."
96455,taxes_budget,"Constitutionally prohibit counties and municipalities from levying occupational taxes.",conservative,"Co-sponsored a statewide constitutional ban on local occupational taxes.",high,reviewed,True,"Official synopsis reviewed. This is direct anti-tax and local-revenue restriction evidence."
98679,criminal_justice,"Reorganize Alabama criminal-justice information governance, authorize licensing background checks and interstate history exchange, create a statistical center, and establish fees and penalties for misuse.",mixed,"Sponsored expanded and modernized criminal-history data, background-check, analysis, and misuse-enforcement systems.",high,reviewed,True,"Official synopsis reviewed. The bill increases public-safety information capacity and background screening while adding data-governance safeguards; code mixed."
98537,guns,"Create the crime of criminally negligent firearm storage and impose penalties.",progressive,"Sponsored a safe-storage offense for negligently secured firearms.",high,reviewed,True,"Official synopsis reviewed. This is direct gun-safety regulation and progressive firearms evidence."
98580,ethics_government,"Allow public college and university boards of trustees to meet by telephone or video conference under specified conditions.",nonideological,"Sponsored remote participation in higher-education board meetings.",medium,reviewed,False,"Official synopsis reviewed. Without evidence that notice, quorum, or public-access rules change materially, this is administrative rather than ideological."
98628,social_services,"Allow teachers and school officials to satisfy child-abuse reporting duties through a written report to a principal or superintendent by the next school day, with the administrator then forwarding it to authorities.",mixed,"Sponsored an internal written-report safe harbor and administrator forwarding duty for suspected child abuse.",high,reviewed,True,"Official synopsis and identical House-bill text reviewed. Documentation and responsibility are clarified, but immediate direct reporting is delayed and redirected; code mixed."
98412,public_education,"Authorize distinctive plates for out-of-state colleges and universities and direct proceeds to the Education Trust Fund for high-school dropout prevention.",progressive,"Sponsored an optional fee mechanism funding dropout-prevention efforts.",high,reviewed,True,"Official synopsis reviewed. The program expands public education funding through voluntary specialty-plate purchases."
98533,school_choice,"Clarify profit and nonprofit status in private-school definitions and change the baseline date governing statutory exemptions.",mixed,"Sponsored revision of private-school regulatory definitions and exemptions.",low,reviewed,True,"Official synopsis reviewed. The change is substantively within private-school regulation, but the compact description does not establish which schools gain or lose exemption; retain low-confidence mixed evidence rather than guessing direction."
98534,ethics_government,"Create a Mobile-specific procedure to quiet title to tax-sale properties acquired from the State Land Commissioner instead of using the general Title 40 process.",mixed,"Sponsored a streamlined local title-clearing process for tax-sale property.",medium,reviewed,True,"Official synopsis reviewed. This may facilitate reuse of distressed property but alters procedural protections; no stable left-right direction is supported."
