result_id,source_file_id,year,office,county,candidate_name,normalized_name,party,votes,source_sheet
HSR-D788812D78E2242CD633,SRC-F8F06AC191F842EEA1D2,1990,Governor,Autauga,Paul Hubbert,PAUL HUBBERT,D,4521.0,Gen.90
HSR-E075F090120E33EC7204,SRC-F8F06AC191F842EEA1D2,1990,Governor,Autauga,Guy Hunt,GUY HUNT,R,6833.0,Gen.90
HSR-2CFA9F404FC90107FB1A,SRC-F8F06AC191F842EEA1D2,1990,Governor,Baldwin,Paul Hubbert,PAUL HUBBERT,D,12033.0,Gen.90
HSR-FEA325CB224E70F3ABB5,SRC-F8F06AC191F842EEA1D2,1990,Governor,Baldwin,Guy Hunt,GUY HUNT,R,17382.0,Gen.90
HSR-0DDDE9799309FB18C50F,SRC-F8F06AC191F842EEA1D2,1990,Governor,Barbour,Paul Hubbert,PAUL HUBBERT,D,4863.0,Gen.90
HSR-B4E705CA003DDCC1B378,SRC-F8F06AC191F842EEA1D2,1990,Governor,Barbour,Guy Hunt,GUY HUNT,R,3100.0,Gen.90
HSR-F07C492083194A6D8B97,SRC-F8F06AC191F842EEA1D2,1990,Governor,Bibb,Paul Hubbert,PAUL HUBBERT,D,3181.0,Gen.90
HSR-3A18C00334489723BF47,SRC-F8F06AC191F842EEA1D2,1990,Governor,Bibb,Guy Hunt,GUY HUNT,R,2901.0,Gen.90
HSR-DDD11A99005C097B572E,SRC-F8F06AC191F842EEA1D2,1990,Governor,Blount,Paul Hubbert,PAUL HUBBERT,D,4524.0,Gen.90
HSR-C2B23C88FDBB65F553B8,SRC-F8F06AC191F842EEA1D2,1990,Governor,Blount,Guy Hunt,GUY HUNT,R,8457.0,Gen.90
HSR-BB5354FD763D6D2EADE9,SRC-F8F06AC191F842EEA1D2,1990,Governor,Bullock,Paul Hubbert,PAUL HUBBERT,D,3173.0,Gen.90
HSR-783F28E144F3BD24EB55,SRC-F8F06AC191F842EEA1D2,1990,Governor,Bullock,Guy Hunt,GUY HUNT,R,1301.0,Gen.90
HSR-4A1594135E28AAE41A87,SRC-F8F06AC191F842EEA1D2,1990,Governor,Butler,Paul Hubbert,PAUL HUBBERT,D,3928.0,Gen.90
HSR-6456912B4C626F95DCA6,SRC-F8F06AC191F842EEA1D2,1990,Governor,Butler,Guy Hunt,GUY HUNT,R,3633.0,Gen.90
HSR-0841B48BA9E9002C155F,SRC-F8F06AC191F842EEA1D2,1990,Governor,Calhoun,Paul Hubbert,PAUL HUBBERT,D,13891.0,Gen.90
HSR-AE04A84F954D9FB7D271,SRC-F8F06AC191F842EEA1D2,1990,Governor,Calhoun,Guy Hunt,GUY HUNT,R,15097.0,Gen.90
HSR-AE9D022B60488D24D214,SRC-F8F06AC191F842EEA1D2,1990,Governor,Chambers,Paul Hubbert,PAUL HUBBERT,D,5950.0,Gen.90
HSR-7F723DFF0C4EE9C745FF,SRC-F8F06AC191F842EEA1D2,1990,Governor,Chambers,Guy Hunt,GUY HUNT,R,4045.0,Gen.90
HSR-D2C449F9E5713EC05CE9,SRC-F8F06AC191F842EEA1D2,1990,Governor,Cherokee,Paul Hubbert,PAUL HUBBERT,D,3193.0,Gen.90
HSR-F0B84E697B66AC131475,SRC-F8F06AC191F842EEA1D2,1990,Governor,Cherokee,Guy Hunt,GUY HUNT,R,2188.0,Gen.90
HSR-00E6DB0B7FB91DE714EC,SRC-F8F06AC191F842EEA1D2,1990,Governor,Chilton,Paul Hubbert,PAUL HUBBERT,D,5155.0,Gen.90
HSR-318F30DDEA933261A311,SRC-F8F06AC191F842EEA1D2,1990,Governor,Chilton,Guy Hunt,GUY HUNT,R,7286.0,Gen.90
HSR-EA2DD34EE1C0CCD07381,SRC-F8F06AC191F842EEA1D2,1990,Governor,Choctaw,Paul Hubbert,PAUL HUBBERT,D,4142.0,Gen.90
HSR-C8267FFCDF62A07E2398,SRC-F8F06AC191F842EEA1D2,1990,Governor,Choctaw,Guy Hunt,GUY HUNT,R,2067.0,Gen.90
HSR-EF04AB233CFD22007283,SRC-F8F06AC191F842EEA1D2,1990,Governor,Clarke,Paul Hubbert,PAUL HUBBERT,D,4900.0,Gen.90
HSR-53D28F73B4253BDD601C,SRC-F8F06AC191F842EEA1D2,1990,Governor,Clarke,Guy Hunt,GUY HUNT,R,4543.0,Gen.90
HSR-6B43F62D81764AE06082,SRC-F8F06AC191F842EEA1D2,1990,Governor,Clay,Paul Hubbert,PAUL HUBBERT,D,2162.0,Gen.90
HSR-BD01E222F89BCDF3EFC0,SRC-F8F06AC191F842EEA1D2,1990,Governor,Clay,Guy Hunt,GUY HUNT,R,2495.0,Gen.90
HSR-1F022107C0F6A65A2BC8,SRC-F8F06AC191F842EEA1D2,1990,Governor,Cleburne,Paul Hubbert,PAUL HUBBERT,D,2017.0,Gen.90
HSR-9CB2D619568263F178DC,SRC-F8F06AC191F842EEA1D2,1990,Governor,Cleburne,Guy Hunt,GUY HUNT,R,2031.0,Gen.90
HSR-FEC1F6B97CF5176D2931,SRC-F8F06AC191F842EEA1D2,1990,Governor,Coffee,Paul Hubbert,PAUL HUBBERT,D,5249.0,Gen.90
HSR-C2DC27D602A36CB959B7,SRC-F8F06AC191F842EEA1D2,1990,Governor,Coffee,Guy Hunt,GUY HUNT,R,5852.0,Gen.90
HSR-F7E98C77C22EC9A42C4B,SRC-F8F06AC191F842EEA1D2,1990,Governor,Colbert,Paul Hubbert,PAUL HUBBERT,D,8908.0,Gen.90
HSR-0737F639F444C298632D,SRC-F8F06AC191F842EEA1D2,1990,Governor,Colbert,Guy Hunt,GUY HUNT,R,6556.0,Gen.90
HSR-0E3081067CFE3EAFA779,SRC-F8F06AC191F842EEA1D2,1990,Governor,Conecuh,Paul Hubbert,PAUL HUBBERT,D,3159.0,Gen.90
HSR-E8C2A0F61D2C8B3D8F39,SRC-F8F06AC191F842EEA1D2,1990,Governor,Conecuh,Guy Hunt,GUY HUNT,R,2491.0,Gen.90
HSR-A4A4D8A21AD7EEEFB038,SRC-F8F06AC191F842EEA1D2,1990,Governor,Coosa,Paul Hubbert,PAUL HUBBERT,D,2149.0,Gen.90
HSR-17D30A217E0598C6761A,SRC-F8F06AC191F842EEA1D2,1990,Governor,Coosa,Guy Hunt,GUY HUNT,R,1761.0,Gen.90
HSR-973EEDE468129C896DBA,SRC-F8F06AC191F842EEA1D2,1990,Governor,Covington,Paul Hubbert,PAUL HUBBERT,D,5081.0,Gen.90
HSR-45C90FD48D9BFF22D253,SRC-F8F06AC191F842EEA1D2,1990,Governor,Covington,Guy Hunt,GUY HUNT,R,7010.0,Gen.90
HSR-5CF2E39FE5B61D1BC488,SRC-F8F06AC191F842EEA1D2,1990,Governor,Crenshaw,Paul Hubbert,PAUL HUBBERT,D,2381.0,Gen.90
HSR-9AE2CA0DCDF9AC6683B2,SRC-F8F06AC191F842EEA1D2,1990,Governor,Crenshaw,Guy Hunt,GUY HUNT,R,2462.0,Gen.90
HSR-181D6520E1A4D00AA4A2,SRC-F8F06AC191F842EEA1D2,1990,Governor,Cullman,Paul Hubbert,PAUL HUBBERT,D,9314.0,Gen.90
HSR-8893C6E088D884B19038,SRC-F8F06AC191F842EEA1D2,1990,Governor,Cullman,Guy Hunt,GUY HUNT,R,14139.0,Gen.90
HSR-235C4834EC834E80236E,SRC-F8F06AC191F842EEA1D2,1990,Governor,Dale,Paul Hubbert,PAUL HUBBERT,D,4506.0,Gen.90
HSR-CD3EC9E280CB93B243DA,SRC-F8F06AC191F842EEA1D2,1990,Governor,Dale,Guy Hunt,GUY HUNT,R,6247.0,Gen.90
HSR-DA82E1C2D7B6947EE542,SRC-F8F06AC191F842EEA1D2,1990,Governor,Dallas,Paul Hubbert,PAUL HUBBERT,D,8894.0,Gen.90
HSR-84A10F75E07C46D0F940,SRC-F8F06AC191F842EEA1D2,1990,Governor,Dallas,Guy Hunt,GUY HUNT,R,6660.0,Gen.90
HSR-77B8E09DBA8CEF22516F,SRC-F8F06AC191F842EEA1D2,1990,Governor,Dekalb,Paul Hubbert,PAUL HUBBERT,D,8017.0,Gen.90
HSR-93C48753841DCBA8EC37,SRC-F8F06AC191F842EEA1D2,1990,Governor,Dekalb,Guy Hunt,GUY HUNT,R,9110.0,Gen.90
HSR-E001E181C86AEC7CF4A1,SRC-F8F06AC191F842EEA1D2,1990,Governor,Elmore,Paul Hubbert,PAUL HUBBERT,D,6152.0,Gen.90
HSR-283A4945C3EA1E37724D,SRC-F8F06AC191F842EEA1D2,1990,Governor,Elmore,Guy Hunt,GUY HUNT,R,9692.0,Gen.90
HSR-FE89EBD55910D97D8F96,SRC-F8F06AC191F842EEA1D2,1990,Governor,Escambia,Paul Hubbert,PAUL HUBBERT,D,4424.0,Gen.90
HSR-4EBCF8AF78DA2073CFCC,SRC-F8F06AC191F842EEA1D2,1990,Governor,Escambia,Guy Hunt,GUY HUNT,R,4292.0,Gen.90
HSR-9C7639E6CE93954BA438,SRC-F8F06AC191F842EEA1D2,1990,Governor,Etowah,Paul Hubbert,PAUL HUBBERT,D,16408.0,Gen.90
HSR-215FCC9262B88446E5AF,SRC-F8F06AC191F842EEA1D2,1990,Governor,Etowah,Guy Hunt,GUY HUNT,R,15992.0,Gen.90
HSR-AC2B34E554179C351237,SRC-F8F06AC191F842EEA1D2,1990,Governor,Fayette,Paul Hubbert,PAUL HUBBERT,D,4686.0,Gen.90
HSR-F46C8946CE6F1466CAC2,SRC-F8F06AC191F842EEA1D2,1990,Governor,Fayette,Guy Hunt,GUY HUNT,R,2648.0,Gen.90
HSR-BF8D2AE0C0BEC8E6DE20,SRC-F8F06AC191F842EEA1D2,1990,Governor,Franklin,Paul Hubbert,PAUL HUBBERT,D,4858.0,Gen.90
HSR-7601D41A1A26321BFC15,SRC-F8F06AC191F842EEA1D2,1990,Governor,Franklin,Guy Hunt,GUY HUNT,R,3752.0,Gen.90
HSR-0AFF80693707D607B7E3,SRC-F8F06AC191F842EEA1D2,1990,Governor,Geneva,Paul Hubbert,PAUL HUBBERT,D,3460.0,Gen.90
HSR-8EA76C6270DA19430688,SRC-F8F06AC191F842EEA1D2,1990,Governor,Geneva,Guy Hunt,GUY HUNT,R,4808.0,Gen.90
HSR-551E8474AEE10464DBA4,SRC-F8F06AC191F842EEA1D2,1990,Governor,Greene,Paul Hubbert,PAUL HUBBERT,D,3138.0,Gen.90
HSR-EACCDA3ED0F8895A7A4F,SRC-F8F06AC191F842EEA1D2,1990,Governor,Greene,Guy Hunt,GUY HUNT,R,963.0,Gen.90
HSR-F3A824F8730EDB2545B1,SRC-F8F06AC191F842EEA1D2,1990,Governor,Hale,Paul Hubbert,PAUL HUBBERT,D,3481.0,Gen.90
HSR-1EEEDBDC330AF6A1EC3E,SRC-F8F06AC191F842EEA1D2,1990,Governor,Hale,Guy Hunt,GUY HUNT,R,2121.0,Gen.90
HSR-63F91B28A4813ACDC258,SRC-F8F06AC191F842EEA1D2,1990,Governor,Henry,Paul Hubbert,PAUL HUBBERT,D,2607.0,Gen.90
HSR-70B71D2ACF3AA2302B33,SRC-F8F06AC191F842EEA1D2,1990,Governor,Henry,Guy Hunt,GUY HUNT,R,2894.0,Gen.90
HSR-CC28883187AB0093B78B,SRC-F8F06AC191F842EEA1D2,1990,Governor,Houston,Paul Hubbert,PAUL HUBBERT,D,7945.0,Gen.90
HSR-E7E4F956460ED9A12EA2,SRC-F8F06AC191F842EEA1D2,1990,Governor,Houston,Guy Hunt,GUY HUNT,R,14177.0,Gen.90
HSR-73DADB25FAAB0A6152BB,SRC-F8F06AC191F842EEA1D2,1990,Governor,Jackson,Paul Hubbert,PAUL HUBBERT,D,5865.0,Gen.90
HSR-CE452C1FCC9E77AB2788,SRC-F8F06AC191F842EEA1D2,1990,Governor,Jackson,Guy Hunt,GUY HUNT,R,4371.0,Gen.90
HSR-B2652403516625F03AA7,SRC-F8F06AC191F842EEA1D2,1990,Governor,Jefferson,Paul Hubbert,PAUL HUBBERT,D,95287.0,Gen.90
HSR-8B15390EB4C74276C9C1,SRC-F8F06AC191F842EEA1D2,1990,Governor,Jefferson,Guy Hunt,GUY HUNT,R,116034.0,Gen.90
HSR-FF36A5A81167546C3BB9,SRC-F8F06AC191F842EEA1D2,1990,Governor,Lamar,Paul Hubbert,PAUL HUBBERT,D,3163.0,Gen.90
HSR-3BF3909F3462A2182F10,SRC-F8F06AC191F842EEA1D2,1990,Governor,Lamar,Guy Hunt,GUY HUNT,R,2271.0,Gen.90
HSR-E7EBEAB8F456F95B8D23,SRC-F8F06AC191F842EEA1D2,1990,Governor,Lauderdale,Paul Hubbert,PAUL HUBBERT,D,12089.0,Gen.90
HSR-189B768F7B475DB57D78,SRC-F8F06AC191F842EEA1D2,1990,Governor,Lauderdale,Guy Hunt,GUY HUNT,R,9800.0,Gen.90
HSR-683326691D9ABA4A15D3,SRC-F8F06AC191F842EEA1D2,1990,Governor,Lawrence,Paul Hubbert,PAUL HUBBERT,D,5294.0,Gen.90
HSR-FFAFCEBBE4590630E578,SRC-F8F06AC191F842EEA1D2,1990,Governor,Lawrence,Guy Hunt,GUY HUNT,R,2984.0,Gen.90
HSR-5CA2CD95A73109F1954D,SRC-F8F06AC191F842EEA1D2,1990,Governor,Lee,Paul Hubbert,PAUL HUBBERT,D,9964.0,Gen.90
HSR-C1C6D0BD3A9C47C14D39,SRC-F8F06AC191F842EEA1D2,1990,Governor,Lee,Guy Hunt,GUY HUNT,R,9919.0,Gen.90
HSR-DDFCFE1C82A55F47CF41,SRC-F8F06AC191F842EEA1D2,1990,Governor,Limestone,Paul Hubbert,PAUL HUBBERT,D,6454.0,Gen.90
HSR-DA3B0FE49B31014C0257,SRC-F8F06AC191F842EEA1D2,1990,Governor,Limestone,Guy Hunt,GUY HUNT,R,7715.0,Gen.90
HSR-CD712020CBD6B946A735,SRC-F8F06AC191F842EEA1D2,1990,Governor,Lowndes,Paul Hubbert,PAUL HUBBERT,D,3284.0,Gen.90
HSR-A6A41C9027E06E6ABB1C,SRC-F8F06AC191F842EEA1D2,1990,Governor,Lowndes,Guy Hunt,GUY HUNT,R,1243.0,Gen.90
HSR-A7EBDAC58F19870D350F,SRC-F8F06AC191F842EEA1D2,1990,Governor,Macon,Paul Hubbert,PAUL HUBBERT,D,6130.0,Gen.90
HSR-1CFB41D644BE3EE3374C,SRC-F8F06AC191F842EEA1D2,1990,Governor,Macon,Guy Hunt,GUY HUNT,R,1202.0,Gen.90
HSR-D172F44305C320621895,SRC-F8F06AC191F842EEA1D2,1990,Governor,Madison,Paul Hubbert,PAUL HUBBERT,D,27279.0,Gen.90
HSR-08A7427229050771546C,SRC-F8F06AC191F842EEA1D2,1990,Governor,Madison,Guy Hunt,GUY HUNT,R,44799.0,Gen.90
HSR-3D3516236C9E25AA3B6B,SRC-F8F06AC191F842EEA1D2,1990,Governor,Marengo,Paul Hubbert,PAUL HUBBERT,D,4503.0,Gen.90
HSR-7A81DF20BC989150BAE3,SRC-F8F06AC191F842EEA1D2,1990,Governor,Marengo,Guy Hunt,GUY HUNT,R,3649.0,Gen.90
HSR-60A2DE4B1CB1CAF6F79D,SRC-F8F06AC191F842EEA1D2,1990,Governor,Marion,Paul Hubbert,PAUL HUBBERT,D,6219.0,Gen.90
HSR-94AF069AD278C0D63884,SRC-F8F06AC191F842EEA1D2,1990,Governor,Marion,Guy Hunt,GUY HUNT,R,4342.0,Gen.90
HSR-B009749DA1974B7C927F,SRC-F8F06AC191F842EEA1D2,1990,Governor,Marshall,Paul Hubbert,PAUL HUBBERT,D,7138.0,Gen.90
HSR-CC79FA99560C42810C93,SRC-F8F06AC191F842EEA1D2,1990,Governor,Marshall,Guy Hunt,GUY HUNT,R,11140.0,Gen.90
HSR-28BA2B000C1C56014918,SRC-F8F06AC191F842EEA1D2,1990,Governor,Mobile,Paul Hubbert,PAUL HUBBERT,D,48633.0,Gen.90
HSR-73A961614CD30A92481D,SRC-F8F06AC191F842EEA1D2,1990,Governor,Mobile,Guy Hunt,GUY HUNT,R,48132.0,Gen.90
HSR-41870551ADEA264BAFE5,SRC-F8F06AC191F842EEA1D2,1990,Governor,Monroe,Paul Hubbert,PAUL HUBBERT,D,3816.0,Gen.90
HSR-D7359F1A932A4750E3A6,SRC-F8F06AC191F842EEA1D2,1990,Governor,Monroe,Guy Hunt,GUY HUNT,R,3627.0,Gen.90
HSR-7487FF7AC4F6E27F7BFA,SRC-F8F06AC191F842EEA1D2,1990,Governor,Montgomery,Paul Hubbert,PAUL HUBBERT,D,35509.0,Gen.90
HSR-99305D984E062E416F2F,SRC-F8F06AC191F842EEA1D2,1990,Governor,Montgomery,Guy Hunt,GUY HUNT,R,34223.0,Gen.90
HSR-2D1DC25747F662BEA7B5,SRC-F8F06AC191F842EEA1D2,1990,Governor,Morgan,Paul Hubbert,PAUL HUBBERT,D,11930.0,Gen.90
HSR-70372D753D8C4D204B25,SRC-F8F06AC191F842EEA1D2,1990,Governor,Morgan,Guy Hunt,GUY HUNT,R,17707.0,Gen.90
HSR-36BF50212C84EA5B29AC,SRC-F8F06AC191F842EEA1D2,1990,Governor,Perry,Paul Hubbert,PAUL HUBBERT,D,3262.0,Gen.90
HSR-2FAB0D2058E3E24D0600,SRC-F8F06AC191F842EEA1D2,1990,Governor,Perry,Guy Hunt,GUY HUNT,R,1747.0,Gen.90
HSR-52C78258726E60825A11,SRC-F8F06AC191F842EEA1D2,1990,Governor,Pickens,Paul Hubbert,PAUL HUBBERT,D,3322.0,Gen.90
HSR-0EB4D959C78401C2F23E,SRC-F8F06AC191F842EEA1D2,1990,Governor,Pickens,Guy Hunt,GUY HUNT,R,2995.0,Gen.90
HSR-AE8B5E04C4F5F930B5CA,SRC-F8F06AC191F842EEA1D2,1990,Governor,Pike,Paul Hubbert,PAUL HUBBERT,D,4827.0,Gen.90
HSR-9AC61D25C8564B14FA8D,SRC-F8F06AC191F842EEA1D2,1990,Governor,Pike,Guy Hunt,GUY HUNT,R,4901.0,Gen.90
HSR-5189CF9262F750430906,SRC-F8F06AC191F842EEA1D2,1990,Governor,Randolph,Paul Hubbert,PAUL HUBBERT,D,3165.0,Gen.90
HSR-641470E4A0730BE51922,SRC-F8F06AC191F842EEA1D2,1990,Governor,Randolph,Guy Hunt,GUY HUNT,R,2969.0,Gen.90
HSR-B81D70F2BDF80045D92E,SRC-F8F06AC191F842EEA1D2,1990,Governor,Russell,Paul Hubbert,PAUL HUBBERT,D,5963.0,Gen.90
HSR-AE4E2C2D5F066908D1EB,SRC-F8F06AC191F842EEA1D2,1990,Governor,Russell,Guy Hunt,GUY HUNT,R,2613.0,Gen.90
HSR-91BA6F9D7261EA41C58A,SRC-F8F06AC191F842EEA1D2,1990,Governor,Shelby,Paul Hubbert,PAUL HUBBERT,D,8186.0,Gen.90
HSR-3336EF4D4B0CCB0D2388,SRC-F8F06AC191F842EEA1D2,1990,Governor,Shelby,Guy Hunt,GUY HUNT,R,22006.0,Gen.90
HSR-7E6766A3DDD41137866B,SRC-F8F06AC191F842EEA1D2,1990,Governor,St. Clair,Paul Hubbert,PAUL HUBBERT,D,5169.0,Gen.90
HSR-CDF8F577800B3BEC4C64,SRC-F8F06AC191F842EEA1D2,1990,Governor,St. Clair,Guy Hunt,GUY HUNT,R,9053.0,Gen.90
HSR-817A4E8EB791E54AC171,SRC-F8F06AC191F842EEA1D2,1990,Governor,Sumter,Paul Hubbert,PAUL HUBBERT,D,4007.0,Gen.90
HSR-825C01A4B67052A656E5,SRC-F8F06AC191F842EEA1D2,1990,Governor,Sumter,Guy Hunt,GUY HUNT,R,1386.0,Gen.90
HSR-61652D05C184F6B68BC6,SRC-F8F06AC191F842EEA1D2,1990,Governor,Talladega,Paul Hubbert,PAUL HUBBERT,D,9438.0,Gen.90
HSR-1DF5D065FCDD50D63ED7,SRC-F8F06AC191F842EEA1D2,1990,Governor,Talladega,Guy Hunt,GUY HUNT,R,10013.0,Gen.90
HSR-C31ABDF6EB9CF6FD34A1,SRC-F8F06AC191F842EEA1D2,1990,Governor,Tallapoosa,Paul Hubbert,PAUL HUBBERT,D,6227.0,Gen.90
HSR-DA0BB2DBB1A0E427EC8B,SRC-F8F06AC191F842EEA1D2,1990,Governor,Tallapoosa,Guy Hunt,GUY HUNT,R,7440.0,Gen.90
HSR-9DCEC048E1027CDFC3D1,SRC-F8F06AC191F842EEA1D2,1990,Governor,Tuscaloosa,Paul Hubbert,PAUL HUBBERT,D,19563.0,Gen.90
HSR-FF95E4864A6F2B666404,SRC-F8F06AC191F842EEA1D2,1990,Governor,Tuscaloosa,Guy Hunt,GUY HUNT,R,19669.0,Gen.90
HSR-BFC1B1534FB7F6B3EAB9,SRC-F8F06AC191F842EEA1D2,1990,Governor,Walker,Paul Hubbert,PAUL HUBBERT,D,12916.0,Gen.90
HSR-855484F2C908929903D8,SRC-F8F06AC191F842EEA1D2,1990,Governor,Walker,Guy Hunt,GUY HUNT,R,9121.0,Gen.90
HSR-965A5FD42BD007BDA983,SRC-F8F06AC191F842EEA1D2,1990,Governor,Washington,Paul Hubbert,PAUL HUBBERT,D,3746.0,Gen.90
HSR-A274EF2DF3E1BE4764C8,SRC-F8F06AC191F842EEA1D2,1990,Governor,Washington,Guy Hunt,GUY HUNT,R,2376.0,Gen.90
HSR-105B15396EBEE0EB1F53,SRC-F8F06AC191F842EEA1D2,1990,Governor,Wilcox,Paul Hubbert,PAUL HUBBERT,D,3385.0,Gen.90
HSR-15A552445BF2C7B9DD85,SRC-F8F06AC191F842EEA1D2,1990,Governor,Wilcox,Guy Hunt,GUY HUNT,R,1619.0,Gen.90
HSR-0A008C475FE5C1419F10,SRC-F8F06AC191F842EEA1D2,1990,Governor,Winston,Paul Hubbert,PAUL HUBBERT,D,3923.0,Gen.90
HSR-AB5EE6C127A685FC7046,SRC-F8F06AC191F842EEA1D2,1990,Governor,Winston,Guy Hunt,GUY HUNT,R,5467.0,Gen.90
HSR-79761874CF92C2F760A3,SRC-68B092136E8694F993DF,1990,Lieutenant Governor,Autauga,"Jim Folsom,Jr.",JAMES FOLSOM,D,7332.0,Gen.90
HSR-EF08CBE10090EC9FEB23,SRC-68B092136E8694F993DF,1990,Lieutenant Governor,Autauga,Bob McKee,ROBERT MCKEE,R,3279.0,Gen.90
HSR-153FA22506513EDCD3F7,SRC-68B092136E8694F993DF,1990,Lieutenant Governor,Baldwin,"Jim Folsom,Jr.",JAMES FOLSOM,D,14283.0,Gen.90
HSR-4A18D3737832BF00E89F,SRC-68B092136E8694F993DF,1990,Lieutenant Governor,Baldwin,Bob McKee,ROBERT MCKEE,R,12791.0,Gen.90
HSR-D64545436B0B23E78665,SRC-68B092136E8694F993DF,1990,Lieutenant Governor,Barbour,"Jim Folsom,Jr.",JAMES FOLSOM,D,5698.0,Gen.90
HSR-D2D0846ED011D470EEAB,SRC-68B092136E8694F993DF,1990,Lieutenant Governor,Barbour,Bob McKee,ROBERT MCKEE,R,1517.0,Gen.90
HSR-6676431C5110DBE0D115,SRC-68B092136E8694F993DF,1990,Lieutenant Governor,Bibb,"Jim Folsom,Jr.",JAMES FOLSOM,D,4161.0,Gen.90
HSR-41AE1CFC5FE58DA08E34,SRC-68B092136E8694F993DF,1990,Lieutenant Governor,Bibb,Bob McKee,ROBERT MCKEE,R,1382.0,Gen.90
HSR-3601FE338CFF0D423C26,SRC-68B092136E8694F993DF,1990,Lieutenant Governor,Blount,"Jim Folsom,Jr.",JAMES FOLSOM,D,6945.0,Gen.90
HSR-71715FEC6AF588C14FC6,SRC-68B092136E8694F993DF,1990,Lieutenant Governor,Blount,Bob McKee,ROBERT MCKEE,R,4866.0,Gen.90
HSR-28AF79C4C2B88B139F2D,SRC-68B092136E8694F993DF,1990,Lieutenant Governor,Bullock,"Jim Folsom,Jr.",JAMES FOLSOM,D,3537.0,Gen.90
HSR-2027B62CCE5B0897E9B9,SRC-68B092136E8694F993DF,1990,Lieutenant Governor,Bullock,Bob McKee,ROBERT MCKEE,R,468.0,Gen.90
HSR-E388C5345787685A5B91,SRC-68B092136E8694F993DF,1990,Lieutenant Governor,Butler,"Jim Folsom,Jr.",JAMES FOLSOM,D,5490.0,Gen.90
HSR-AA71D792C3BD84696A87,SRC-68B092136E8694F993DF,1990,Lieutenant Governor,Butler,Bob McKee,ROBERT MCKEE,R,1279.0,Gen.90
HSR-75DD9CB5576A4D6E6B60,SRC-68B092136E8694F993DF,1990,Lieutenant Governor,Calhoun,"Jim Folsom,Jr.",JAMES FOLSOM,D,18315.0,Gen.90
HSR-885B8044866B3E25CC22,SRC-68B092136E8694F993DF,1990,Lieutenant Governor,Calhoun,Bob McKee,ROBERT MCKEE,R,8212.0,Gen.90
HSR-9516D162963F28716BD2,SRC-68B092136E8694F993DF,1990,Lieutenant Governor,Chambers,"Jim Folsom,Jr.",JAMES FOLSOM,D,6238.0,Gen.90
HSR-0A09E2E3D4566090AB17,SRC-68B092136E8694F993DF,1990,Lieutenant Governor,Chambers,Bob McKee,ROBERT MCKEE,R,2282.0,Gen.90
HSR-AD00334137DBC85CC9A2,SRC-68B092136E8694F993DF,1990,Lieutenant Governor,Cherokee,"Jim Folsom,Jr.",JAMES FOLSOM,D,3787.0,Gen.90
HSR-51622E2A9A135A11BFDC,SRC-68B092136E8694F993DF,1990,Lieutenant Governor,Cherokee,Bob McKee,ROBERT MCKEE,R,1148.0,Gen.90
HSR-A6645A15BA875DD3050A,SRC-68B092136E8694F993DF,1990,Lieutenant Governor,Chilton,"Jim Folsom,Jr.",JAMES FOLSOM,D,8438.0,Gen.90
HSR-A7D375AF35B3FA3AEF66,SRC-68B092136E8694F993DF,1990,Lieutenant Governor,Chilton,Bob McKee,ROBERT MCKEE,R,3661.0,Gen.90
HSR-9BA56DB85F226300F556,SRC-68B092136E8694F993DF,1990,Lieutenant Governor,Choctaw,"Jim Folsom,Jr.",JAMES FOLSOM,D,4688.0,Gen.90
HSR-F27952339E02A4EE7A34,SRC-68B092136E8694F993DF,1990,Lieutenant Governor,Choctaw,Bob McKee,ROBERT MCKEE,R,877.0,Gen.90
HSR-92354E7B1F6AF00481BA,SRC-68B092136E8694F993DF,1990,Lieutenant Governor,Clarke,"Jim Folsom,Jr.",JAMES FOLSOM,D,5965.0,Gen.90
HSR-9C1E15838086C5468073,SRC-68B092136E8694F993DF,1990,Lieutenant Governor,Clarke,Bob McKee,ROBERT MCKEE,R,2274.0,Gen.90
HSR-6D5C672DCFD769016D1E,SRC-68B092136E8694F993DF,1990,Lieutenant Governor,Clay,"Jim Folsom,Jr.",JAMES FOLSOM,D,2931.0,Gen.90
HSR-266B73431B8104CA87C1,SRC-68B092136E8694F993DF,1990,Lieutenant Governor,Clay,Bob McKee,ROBERT MCKEE,R,865.0,Gen.90
HSR-7A326987A9B0AA3736EB,SRC-68B092136E8694F993DF,1990,Lieutenant Governor,Cleburne,"Jim Folsom,Jr.",JAMES FOLSOM,D,2280.0,Gen.90
HSR-FFCD434104BC8F6D3FAA,SRC-68B092136E8694F993DF,1990,Lieutenant Governor,Cleburne,Bob McKee,ROBERT MCKEE,R,870.0,Gen.90
HSR-A6755246ECE48C8E1FD5,SRC-68B092136E8694F993DF,1990,Lieutenant Governor,Coffee,"Jim Folsom,Jr.",JAMES FOLSOM,D,7335.0,Gen.90
HSR-CF56101C26533AC1D393,SRC-68B092136E8694F993DF,1990,Lieutenant Governor,Coffee,Bob McKee,ROBERT MCKEE,R,3173.0,Gen.90
HSR-2E8D5294EA57ABC4A292,SRC-68B092136E8694F993DF,1990,Lieutenant Governor,Colbert,"Jim Folsom,Jr.",JAMES FOLSOM,D,10712.0,Gen.90
HSR-2F2778C225D4595FE6E7,SRC-68B092136E8694F993DF,1990,Lieutenant Governor,Colbert,Bob McKee,ROBERT MCKEE,R,3212.0,Gen.90
HSR-A58FA4247B70E2F2D8ED,SRC-68B092136E8694F993DF,1990,Lieutenant Governor,Conecuh,"Jim Folsom,Jr.",JAMES FOLSOM,D,4073.0,Gen.90
HSR-1E65F78125BFC8E554D0,SRC-68B092136E8694F993DF,1990,Lieutenant Governor,Conecuh,Bob McKee,ROBERT MCKEE,R,831.0,Gen.90
HSR-F01BFDB118B43A51CE84,SRC-68B092136E8694F993DF,1990,Lieutenant Governor,Coosa,"Jim Folsom,Jr.",JAMES FOLSOM,D,2916.0,Gen.90
HSR-0F7005D14BC3F88A66AD,SRC-68B092136E8694F993DF,1990,Lieutenant Governor,Coosa,Bob McKee,ROBERT MCKEE,R,900.0,Gen.90
HSR-88E35A2EA97C0E4A3F93,SRC-68B092136E8694F993DF,1990,Lieutenant Governor,Covington,"Jim Folsom,Jr.",JAMES FOLSOM,D,7797.0,Gen.90
HSR-2709AD8128D26C1BB440,SRC-68B092136E8694F993DF,1990,Lieutenant Governor,Covington,Bob McKee,ROBERT MCKEE,R,2452.0,Gen.90
HSR-FE43ADA706E07DC2F5F8,SRC-68B092136E8694F993DF,1990,Lieutenant Governor,Crenshaw,"Jim Folsom,Jr.",JAMES FOLSOM,D,3641.0,Gen.90
HSR-7A0D26868F275338E89C,SRC-68B092136E8694F993DF,1990,Lieutenant Governor,Crenshaw,Bob McKee,ROBERT MCKEE,R,622.0,Gen.90
HSR-FBDF94E5CD565A45422D,SRC-68B092136E8694F993DF,1990,Lieutenant Governor,Cullman,"Jim Folsom,Jr.",JAMES FOLSOM,D,15095.0,Gen.90
HSR-89639381AD3BFEA3FA9C,SRC-68B092136E8694F993DF,1990,Lieutenant Governor,Cullman,Bob McKee,ROBERT MCKEE,R,6902.0,Gen.90
HSR-E73E9AB6EE4B89DAF9FD,SRC-68B092136E8694F993DF,1990,Lieutenant Governor,Dale,"Jim Folsom,Jr.",JAMES FOLSOM,D,6316.0,Gen.90
HSR-5920AC4EAAC9005B04B4,SRC-68B092136E8694F993DF,1990,Lieutenant Governor,Dale,Bob McKee,ROBERT MCKEE,R,3452.0,Gen.90
HSR-D2B0DBBBB8AE38D65469,SRC-68B092136E8694F993DF,1990,Lieutenant Governor,Dallas,"Jim Folsom,Jr.",JAMES FOLSOM,D,11846.0,Gen.90
HSR-516A22D75066E83CBAB4,SRC-68B092136E8694F993DF,1990,Lieutenant Governor,Dallas,Bob McKee,ROBERT MCKEE,R,2840.0,Gen.90
HSR-EA923586E52B720A0B33,SRC-68B092136E8694F993DF,1990,Lieutenant Governor,Dekalb,"Jim Folsom,Jr.",JAMES FOLSOM,D,10199.0,Gen.90
HSR-9CE061A5450EF8E407DC,SRC-68B092136E8694F993DF,1990,Lieutenant Governor,Dekalb,Bob McKee,ROBERT MCKEE,R,5909.0,Gen.90
HSR-195C1806C57CD4500FF6,SRC-68B092136E8694F993DF,1990,Lieutenant Governor,Elmore,"Jim Folsom,Jr.",JAMES FOLSOM,D,9468.0,Gen.90
HSR-28CC199D78644E2D031B,SRC-68B092136E8694F993DF,1990,Lieutenant Governor,Elmore,Bob McKee,ROBERT MCKEE,R,5405.0,Gen.90
HSR-D3EDDEC9F62540F66323,SRC-68B092136E8694F993DF,1990,Lieutenant Governor,Escambia,"Jim Folsom,Jr.",JAMES FOLSOM,D,5303.0,Gen.90
HSR-4E84CBF6ECC684494348,SRC-68B092136E8694F993DF,1990,Lieutenant Governor,Escambia,Bob McKee,ROBERT MCKEE,R,2112.0,Gen.90
HSR-F9387FDCD8FC191ACC05,SRC-68B092136E8694F993DF,1990,Lieutenant Governor,Etowah,"Jim Folsom,Jr.",JAMES FOLSOM,D,22645.0,Gen.90
HSR-A55BF55A6752C9A5F3C8,SRC-68B092136E8694F993DF,1990,Lieutenant Governor,Etowah,Bob McKee,ROBERT MCKEE,R,8272.0,Gen.90
HSR-ED2C4FC7D542C62D1021,SRC-68B092136E8694F993DF,1990,Lieutenant Governor,Fayette,"Jim Folsom,Jr.",JAMES FOLSOM,D,5764.0,Gen.90
HSR-98A9DFEFF96990539CE0,SRC-68B092136E8694F993DF,1990,Lieutenant Governor,Fayette,Bob McKee,ROBERT MCKEE,R,1307.0,Gen.90
HSR-8DC0B3A903CE73216AA6,SRC-68B092136E8694F993DF,1990,Lieutenant Governor,Franklin,"Jim Folsom,Jr.",JAMES FOLSOM,D,6272.0,Gen.90
HSR-984F7C330B866C488FE4,SRC-68B092136E8694F993DF,1990,Lieutenant Governor,Franklin,Bob McKee,ROBERT MCKEE,R,2062.0,Gen.90
HSR-0587528C024F0C0984C8,SRC-68B092136E8694F993DF,1990,Lieutenant Governor,Geneva,"Jim Folsom,Jr.",JAMES FOLSOM,D,5291.0,Gen.90
HSR-C858F7A87997ACC0B670,SRC-68B092136E8694F993DF,1990,Lieutenant Governor,Geneva,Bob McKee,ROBERT MCKEE,R,1826.0,Gen.90
HSR-47EA5D82D6AD01D420C0,SRC-68B092136E8694F993DF,1990,Lieutenant Governor,Greene,"Jim Folsom,Jr.",JAMES FOLSOM,D,3324.0,Gen.90
HSR-2DD0D91B555FE0873BA1,SRC-68B092136E8694F993DF,1990,Lieutenant Governor,Greene,Bob McKee,ROBERT MCKEE,R,529.0,Gen.90
HSR-C75D5814D533DFB739F0,SRC-68B092136E8694F993DF,1990,Lieutenant Governor,Hale,"Jim Folsom,Jr.",JAMES FOLSOM,D,4054.0,Gen.90
HSR-E08FF091B3ECCD3854AA,SRC-68B092136E8694F993DF,1990,Lieutenant Governor,Hale,Bob McKee,ROBERT MCKEE,R,1035.0,Gen.90
HSR-4988EB3942A7559DCAE7,SRC-68B092136E8694F993DF,1990,Lieutenant Governor,Henry,"Jim Folsom,Jr.",JAMES FOLSOM,D,3538.0,Gen.90
HSR-CF77F6DF1A9BB8F0E7E6,SRC-68B092136E8694F993DF,1990,Lieutenant Governor,Henry,Bob McKee,ROBERT MCKEE,R,910.0,Gen.90
HSR-B0E38BDC968D9A2B398B,SRC-68B092136E8694F993DF,1990,Lieutenant Governor,Houston,"Jim Folsom,Jr.",JAMES FOLSOM,D,13986.0,Gen.90
HSR-FC3D0881258FA88E2824,SRC-68B092136E8694F993DF,1990,Lieutenant Governor,Houston,Bob McKee,ROBERT MCKEE,R,7586.0,Gen.90
HSR-91D3DBFD61450271668A,SRC-68B092136E8694F993DF,1990,Lieutenant Governor,Jackson,"Jim Folsom,Jr.",JAMES FOLSOM,D,7070.0,Gen.90
HSR-F713B1D94EEA20AC84D4,SRC-68B092136E8694F993DF,1990,Lieutenant Governor,Jackson,Bob McKee,ROBERT MCKEE,R,2292.0,Gen.90
HSR-B380B1C05E5C830C9DC6,SRC-68B092136E8694F993DF,1990,Lieutenant Governor,Jefferson,"Jim Folsom,Jr.",JAMES FOLSOM,D,124827.0,Gen.90
HSR-32AE139341719B43DEAD,SRC-68B092136E8694F993DF,1990,Lieutenant Governor,Jefferson,Bob McKee,ROBERT MCKEE,R,82916.0,Gen.90
HSR-C8B42BDF0581C09332C4,SRC-68B092136E8694F993DF,1990,Lieutenant Governor,Lamar,"Jim Folsom,Jr.",JAMES FOLSOM,D,3536.0,Gen.90
HSR-B3698C0BA0E428EEB0EC,SRC-68B092136E8694F993DF,1990,Lieutenant Governor,Lamar,Bob McKee,ROBERT MCKEE,R,1240.0,Gen.90
HSR-C989B94678B8E990189C,SRC-68B092136E8694F993DF,1990,Lieutenant Governor,Lauderdale,"Jim Folsom,Jr.",JAMES FOLSOM,D,14265.0,Gen.90
HSR-D6551DBDE1EEA977F380,SRC-68B092136E8694F993DF,1990,Lieutenant Governor,Lauderdale,Bob McKee,ROBERT MCKEE,R,5570.0,Gen.90
HSR-2A8B5D304E72C70B37BB,SRC-68B092136E8694F993DF,1990,Lieutenant Governor,Lawrence,"Jim Folsom,Jr.",JAMES FOLSOM,D,6092.0,Gen.90
HSR-7A3D9A2A39F425B6F795,SRC-68B092136E8694F993DF,1990,Lieutenant Governor,Lawrence,Bob McKee,ROBERT MCKEE,R,1119.0,Gen.90
HSR-B366BE27906243A18F53,SRC-68B092136E8694F993DF,1990,Lieutenant Governor,Lee,"Jim Folsom,Jr.",JAMES FOLSOM,D,11216.0,Gen.90
HSR-E5C1AEA6DC4659F7B027,SRC-68B092136E8694F993DF,1990,Lieutenant Governor,Lee,Bob McKee,ROBERT MCKEE,R,7046.0,Gen.90
HSR-1DB20FB10E69EC27E9A7,SRC-68B092136E8694F993DF,1990,Lieutenant Governor,Limestone,"Jim Folsom,Jr.",JAMES FOLSOM,D,9922.0,Gen.90
HSR-50D6395DB25251CBBEB7,SRC-68B092136E8694F993DF,1990,Lieutenant Governor,Limestone,Bob McKee,ROBERT MCKEE,R,3702.0,Gen.90
HSR-DFA4E41F8E2A4B0172BC,SRC-68B092136E8694F993DF,1990,Lieutenant Governor,Lowndes,"Jim Folsom,Jr.",JAMES FOLSOM,D,3288.0,Gen.90
HSR-CB30ADD076C1A44C76B0,SRC-68B092136E8694F993DF,1990,Lieutenant Governor,Lowndes,Bob McKee,ROBERT MCKEE,R,597.0,Gen.90
HSR-7543457BF7FB69D2DCAA,SRC-68B092136E8694F993DF,1990,Lieutenant Governor,Macon,"Jim Folsom,Jr.",JAMES FOLSOM,D,5922.0,Gen.90
HSR-A7337D182359CECCA954,SRC-68B092136E8694F993DF,1990,Lieutenant Governor,Macon,Bob McKee,ROBERT MCKEE,R,454.0,Gen.90
HSR-AE42ECCDCA8E04C80CA7,SRC-68B092136E8694F993DF,1990,Lieutenant Governor,Madison,"Jim Folsom,Jr.",JAMES FOLSOM,D,41763.0,Gen.90
HSR-6C2A08E78E70C09537A4,SRC-68B092136E8694F993DF,1990,Lieutenant Governor,Madison,Bob McKee,ROBERT MCKEE,R,29052.0,Gen.90
HSR-07390EDB17C63C91042C,SRC-68B092136E8694F993DF,1990,Lieutenant Governor,Marengo,"Jim Folsom,Jr.",JAMES FOLSOM,D,5896.0,Gen.90
HSR-7854693473AE07837975,SRC-68B092136E8694F993DF,1990,Lieutenant Governor,Marengo,Bob McKee,ROBERT MCKEE,R,1677.0,Gen.90
HSR-E16E611A0E802CE965D5,SRC-68B092136E8694F993DF,1990,Lieutenant Governor,Marion,"Jim Folsom,Jr.",JAMES FOLSOM,D,7858.0,Gen.90
HSR-72D804E96F45F8EE64FB,SRC-68B092136E8694F993DF,1990,Lieutenant Governor,Marion,Bob McKee,ROBERT MCKEE,R,2264.0,Gen.90
HSR-6CA0DCBD68AD14D18E66,SRC-68B092136E8694F993DF,1990,Lieutenant Governor,Marshall,"Jim Folsom,Jr.",JAMES FOLSOM,D,10876.0,Gen.90
HSR-84B98E5D9093A8BE3DDE,SRC-68B092136E8694F993DF,1990,Lieutenant Governor,Marshall,Bob McKee,ROBERT MCKEE,R,5312.0,Gen.90
HSR-76029D69C11C48993B21,SRC-68B092136E8694F993DF,1990,Lieutenant Governor,Mobile,"Jim Folsom,Jr.",JAMES FOLSOM,D,57583.0,Gen.90
HSR-16DFD9F2F7BE0EBBC92B,SRC-68B092136E8694F993DF,1990,Lieutenant Governor,Mobile,Bob McKee,ROBERT MCKEE,R,31423.0,Gen.90
HSR-9EDA4B3E432CAA37F5EB,SRC-68B092136E8694F993DF,1990,Lieutenant Governor,Monroe,"Jim Folsom,Jr.",JAMES FOLSOM,D,4621.0,Gen.90
HSR-BC530CB7ABB8833B260C,SRC-68B092136E8694F993DF,1990,Lieutenant Governor,Monroe,Bob McKee,ROBERT MCKEE,R,1790.0,Gen.90
HSR-68FA26DAF74A0CDB23ED,SRC-68B092136E8694F993DF,1990,Lieutenant Governor,Montgomery,"Jim Folsom,Jr.",JAMES FOLSOM,D,47155.0,Gen.90
HSR-C6CF0D97E731FFA0F7D9,SRC-68B092136E8694F993DF,1990,Lieutenant Governor,Montgomery,Bob McKee,ROBERT MCKEE,R,19857.0,Gen.90
HSR-794511B02FFB3A30C3D9,SRC-68B092136E8694F993DF,1990,Lieutenant Governor,Morgan,"Jim Folsom,Jr.",JAMES FOLSOM,D,19053.0,Gen.90
HSR-A3E48FF43EDA818455AF,SRC-68B092136E8694F993DF,1990,Lieutenant Governor,Morgan,Bob McKee,ROBERT MCKEE,R,9728.0,Gen.90
HSR-6CE6CA259A732AB03232,SRC-68B092136E8694F993DF,1990,Lieutenant Governor,Perry,"Jim Folsom,Jr.",JAMES FOLSOM,D,3837.0,Gen.90
HSR-F61C3D267096ABD21C94,SRC-68B092136E8694F993DF,1990,Lieutenant Governor,Perry,Bob McKee,ROBERT MCKEE,R,889.0,Gen.90
HSR-33E3779316AC0193B8AC,SRC-68B092136E8694F993DF,1990,Lieutenant Governor,Pickens,"Jim Folsom,Jr.",JAMES FOLSOM,D,4475.0,Gen.90
HSR-403E60CE73E9C825C0BA,SRC-68B092136E8694F993DF,1990,Lieutenant Governor,Pickens,Bob McKee,ROBERT MCKEE,R,1491.0,Gen.90
HSR-D86B72691823E45B4CDA,SRC-68B092136E8694F993DF,1990,Lieutenant Governor,Pike,"Jim Folsom,Jr.",JAMES FOLSOM,D,6929.0,Gen.90
HSR-2155CBDF89E7DE2AEBB5,SRC-68B092136E8694F993DF,1990,Lieutenant Governor,Pike,Bob McKee,ROBERT MCKEE,R,1801.0,Gen.90
HSR-5B01D10AD50633DB2249,SRC-68B092136E8694F993DF,1990,Lieutenant Governor,Randolph,"Jim Folsom,Jr.",JAMES FOLSOM,D,3836.0,Gen.90
HSR-0D472F4713EAEAD4682F,SRC-68B092136E8694F993DF,1990,Lieutenant Governor,Randolph,Bob McKee,ROBERT MCKEE,R,1358.0,Gen.90
HSR-83C799C77D9E29837F3C,SRC-68B092136E8694F993DF,1990,Lieutenant Governor,Russell,"Jim Folsom,Jr.",JAMES FOLSOM,D,5965.0,Gen.90
HSR-D517E896A6A312068AEA,SRC-68B092136E8694F993DF,1990,Lieutenant Governor,Russell,Bob McKee,ROBERT MCKEE,R,1846.0,Gen.90
HSR-ECEE5B72411B50057BAA,SRC-68B092136E8694F993DF,1990,Lieutenant Governor,Shelby,"Jim Folsom,Jr.",JAMES FOLSOM,D,13248.0,Gen.90
HSR-B298E7F28299543E3196,SRC-68B092136E8694F993DF,1990,Lieutenant Governor,Shelby,Bob McKee,ROBERT MCKEE,R,16160.0,Gen.90
HSR-4770FE2B163B7D900556,SRC-68B092136E8694F993DF,1990,Lieutenant Governor,St. Clair,"Jim Folsom,Jr.",JAMES FOLSOM,D,8529.0,Gen.90
HSR-8612E1442795A05AC071,SRC-68B092136E8694F993DF,1990,Lieutenant Governor,St. Clair,Bob McKee,ROBERT MCKEE,R,5425.0,Gen.90
HSR-B4AB63D8D1836F30432B,SRC-68B092136E8694F993DF,1990,Lieutenant Governor,Sumter,"Jim Folsom,Jr.",JAMES FOLSOM,D,4539.0,Gen.90
HSR-C8C08A3256AF8C1B2560,SRC-68B092136E8694F993DF,1990,Lieutenant Governor,Sumter,Bob McKee,ROBERT MCKEE,R,760.0,Gen.90
HSR-05AD5D6E5188F8B6AA78,SRC-68B092136E8694F993DF,1990,Lieutenant Governor,Talladega,"Jim Folsom,Jr.",JAMES FOLSOM,D,12001.0,Gen.90
HSR-68FAE97AF6A0C92D06C8,SRC-68B092136E8694F993DF,1990,Lieutenant Governor,Talladega,Bob McKee,ROBERT MCKEE,R,5364.0,Gen.90
HSR-E1DA1DAF7F79FAED9C10,SRC-68B092136E8694F993DF,1990,Lieutenant Governor,Tallapoosa,"Jim Folsom,Jr.",JAMES FOLSOM,D,9410.0,Gen.90
HSR-6EB34B2C2C8884DB3ED9,SRC-68B092136E8694F993DF,1990,Lieutenant Governor,Tallapoosa,Bob McKee,ROBERT MCKEE,R,2787.0,Gen.90
HSR-EDDE7CFD41A032010F24,SRC-68B092136E8694F993DF,1990,Lieutenant Governor,Tuscaloosa,"Jim Folsom,Jr.",JAMES FOLSOM,D,26623.0,Gen.90
HSR-56334D385FDC03309679,SRC-68B092136E8694F993DF,1990,Lieutenant Governor,Tuscaloosa,Bob McKee,ROBERT MCKEE,R,11529.0,Gen.90
HSR-024D1D88C8891280261E,SRC-68B092136E8694F993DF,1990,Lieutenant Governor,Walker,"Jim Folsom,Jr.",JAMES FOLSOM,D,15081.0,Gen.90
HSR-3CE770672BFA65B61BE0,SRC-68B092136E8694F993DF,1990,Lieutenant Governor,Walker,Bob McKee,ROBERT MCKEE,R,4874.0,Gen.90
HSR-900C852869ABABCBD5B9,SRC-68B092136E8694F993DF,1990,Lieutenant Governor,Washington,"Jim Folsom,Jr.",JAMES FOLSOM,D,4853.0,Gen.90
HSR-C75E8D918FFDC0BDB7FA,SRC-68B092136E8694F993DF,1990,Lieutenant Governor,Washington,Bob McKee,ROBERT MCKEE,R,1040.0,Gen.90
HSR-E50277E2F2EAE15234C8,SRC-68B092136E8694F993DF,1990,Lieutenant Governor,Wilcox,"Jim Folsom,Jr.",JAMES FOLSOM,D,4012.0,Gen.90
HSR-B618D8A3D492AE2300BF,SRC-68B092136E8694F993DF,1990,Lieutenant Governor,Wilcox,Bob McKee,ROBERT MCKEE,R,739.0,Gen.90
HSR-25B9D8019832C00A28EF,SRC-68B092136E8694F993DF,1990,Lieutenant Governor,Winston,"Jim Folsom,Jr.",JAMES FOLSOM,D,5044.0,Gen.90
HSR-919CBC48CCD237498353,SRC-68B092136E8694F993DF,1990,Lieutenant Governor,Winston,Bob McKee,ROBERT MCKEE,R,3862.0,Gen.90
HSR-66A7F651522F60F63A60,SRC-86292499B332D3B8F544,1990,Attorney General,Autauga,Jimmy Evans,JIMMY EVANS,D,7702.0,Gen.90
HSR-FBDC60B0A31A15658905,SRC-86292499B332D3B8F544,1990,Attorney General,Autauga,Spencer Bachus,SPENCER BACHUS,R,3173.0,Gen.90
HSR-456C47DF78184340516F,SRC-86292499B332D3B8F544,1990,Attorney General,Baldwin,Jimmy Evans,JIMMY EVANS,D,13446.0,Gen.90
HSR-63278F69022A823A786E,SRC-86292499B332D3B8F544,1990,Attorney General,Baldwin,Spencer Bachus,SPENCER BACHUS,R,13004.0,Gen.90
HSR-B6F8983DAF1FE8735914,SRC-86292499B332D3B8F544,1990,Attorney General,Barbour,Jimmy Evans,JIMMY EVANS,D,5750.0,Gen.90
HSR-F4806C46E7BD46955BCE,SRC-86292499B332D3B8F544,1990,Attorney General,Barbour,Spencer Bachus,SPENCER BACHUS,R,1326.0,Gen.90
HSR-C65928FB94E6289E7A60,SRC-86292499B332D3B8F544,1990,Attorney General,Bibb,Jimmy Evans,JIMMY EVANS,D,4073.0,Gen.90
HSR-FDCE9A9DAAAEFCD86973,SRC-86292499B332D3B8F544,1990,Attorney General,Bibb,Spencer Bachus,SPENCER BACHUS,R,1567.0,Gen.90
HSR-8AFB4CCF7F83F6D750D3,SRC-86292499B332D3B8F544,1990,Attorney General,Blount,Jimmy Evans,JIMMY EVANS,D,6074.0,Gen.90
HSR-C187F2CE63B3C7A1D418,SRC-86292499B332D3B8F544,1990,Attorney General,Blount,Spencer Bachus,SPENCER BACHUS,R,5475.0,Gen.90
HSR-F1CBF127397B2455BCBD,SRC-86292499B332D3B8F544,1990,Attorney General,Bullock,Jimmy Evans,JIMMY EVANS,D,3571.0,Gen.90
HSR-69B12D9A3E6195456DEA,SRC-86292499B332D3B8F544,1990,Attorney General,Bullock,Spencer Bachus,SPENCER BACHUS,R,470.0,Gen.90
HSR-3A33B86F8F988764B735,SRC-86292499B332D3B8F544,1990,Attorney General,Butler,Jimmy Evans,JIMMY EVANS,D,5660.0,Gen.90
HSR-1C1079AB1613A9F8A4BD,SRC-86292499B332D3B8F544,1990,Attorney General,Butler,Spencer Bachus,SPENCER BACHUS,R,1354.0,Gen.90
HSR-42780278C45EFEE860A9,SRC-86292499B332D3B8F544,1990,Attorney General,Calhoun,Jimmy Evans,JIMMY EVANS,D,16957.0,Gen.90
HSR-C10552954C3933F6198F,SRC-86292499B332D3B8F544,1990,Attorney General,Calhoun,Spencer Bachus,SPENCER BACHUS,R,8682.0,Gen.90
HSR-608A677C3D84702D5DF7,SRC-86292499B332D3B8F544,1990,Attorney General,Chambers,Jimmy Evans,JIMMY EVANS,D,6001.0,Gen.90
HSR-380208B5A3C7E5ABEE6F,SRC-86292499B332D3B8F544,1990,Attorney General,Chambers,Spencer Bachus,SPENCER BACHUS,R,2092.0,Gen.90
HSR-465377FB58F17CA988E9,SRC-86292499B332D3B8F544,1990,Attorney General,Cherokee,Jimmy Evans,JIMMY EVANS,D,3681.0,Gen.90
HSR-10FB9973B19FFD201CDE,SRC-86292499B332D3B8F544,1990,Attorney General,Cherokee,Spencer Bachus,SPENCER BACHUS,R,1154.0,Gen.90
HSR-F30131B4D1B5E1DD7288,SRC-86292499B332D3B8F544,1990,Attorney General,Chilton,Jimmy Evans,JIMMY EVANS,D,7711.0,Gen.90
HSR-6BCAF2E218C3C0E40D0F,SRC-86292499B332D3B8F544,1990,Attorney General,Chilton,Spencer Bachus,SPENCER BACHUS,R,4263.0,Gen.90
HSR-AE1E95BC0DACAF866A73,SRC-86292499B332D3B8F544,1990,Attorney General,Choctaw,Jimmy Evans,JIMMY EVANS,D,4481.0,Gen.90
HSR-5BF966005E6C82D9F724,SRC-86292499B332D3B8F544,1990,Attorney General,Choctaw,Spencer Bachus,SPENCER BACHUS,R,904.0,Gen.90
HSR-E9E2825D7886BA67F40E,SRC-86292499B332D3B8F544,1990,Attorney General,Clarke,Jimmy Evans,JIMMY EVANS,D,6180.0,Gen.90
HSR-6E827C88D1F35453D384,SRC-86292499B332D3B8F544,1990,Attorney General,Clarke,Spencer Bachus,SPENCER BACHUS,R,2108.0,Gen.90
HSR-F976684B98AE3F81C45C,SRC-86292499B332D3B8F544,1990,Attorney General,Clay,Jimmy Evans,JIMMY EVANS,D,2639.0,Gen.90
HSR-D13299417FA1BC2F1558,SRC-86292499B332D3B8F544,1990,Attorney General,Clay,Spencer Bachus,SPENCER BACHUS,R,1078.0,Gen.90
HSR-B4D779A65CA145BA34DF,SRC-86292499B332D3B8F544,1990,Attorney General,Cleburne,Jimmy Evans,JIMMY EVANS,D,2099.0,Gen.90
HSR-ECCF0541C98683852F02,SRC-86292499B332D3B8F544,1990,Attorney General,Cleburne,Spencer Bachus,SPENCER BACHUS,R,974.0,Gen.90
HSR-5FDF0174DB44E624C49E,SRC-86292499B332D3B8F544,1990,Attorney General,Coffee,Jimmy Evans,JIMMY EVANS,D,7382.0,Gen.90
HSR-15D5A33030776639E213,SRC-86292499B332D3B8F544,1990,Attorney General,Coffee,Spencer Bachus,SPENCER BACHUS,R,3027.0,Gen.90
HSR-0B5D5BF2E5985592D1E8,SRC-86292499B332D3B8F544,1990,Attorney General,Colbert,Jimmy Evans,JIMMY EVANS,D,10212.0,Gen.90
HSR-061728D5CF788D398F11,SRC-86292499B332D3B8F544,1990,Attorney General,Colbert,Spencer Bachus,SPENCER BACHUS,R,3734.0,Gen.90
HSR-044635BA6996447C16DB,SRC-86292499B332D3B8F544,1990,Attorney General,Conecuh,Jimmy Evans,JIMMY EVANS,D,4077.0,Gen.90
HSR-E97361E9FFCCD39BB1DB,SRC-86292499B332D3B8F544,1990,Attorney General,Conecuh,Spencer Bachus,SPENCER BACHUS,R,825.0,Gen.90
HSR-F809067147947AE9B9BF,SRC-86292499B332D3B8F544,1990,Attorney General,Coosa,Jimmy Evans,JIMMY EVANS,D,2774.0,Gen.90
HSR-A3FB315DE9EE0A379147,SRC-86292499B332D3B8F544,1990,Attorney General,Coosa,Spencer Bachus,SPENCER BACHUS,R,1026.0,Gen.90
HSR-7786E7D76C1DD4A6789E,SRC-86292499B332D3B8F544,1990,Attorney General,Covington,Jimmy Evans,JIMMY EVANS,D,7805.0,Gen.90
HSR-D2C7263AB8E277F001F1,SRC-86292499B332D3B8F544,1990,Attorney General,Covington,Spencer Bachus,SPENCER BACHUS,R,2432.0,Gen.90
HSR-82A9E7191746E6EBCD40,SRC-86292499B332D3B8F544,1990,Attorney General,Crenshaw,Jimmy Evans,JIMMY EVANS,D,3465.0,Gen.90
HSR-C81C09427EBF30B3CD63,SRC-86292499B332D3B8F544,1990,Attorney General,Crenshaw,Spencer Bachus,SPENCER BACHUS,R,791.0,Gen.90
HSR-6C9F3ABA669D66311059,SRC-86292499B332D3B8F544,1990,Attorney General,Cullman,Jimmy Evans,JIMMY EVANS,D,11598.0,Gen.90
HSR-16D7967D881FDD4122BA,SRC-86292499B332D3B8F544,1990,Attorney General,Cullman,Spencer Bachus,SPENCER BACHUS,R,9140.0,Gen.90
HSR-7103DC4AEA97C33BF38C,SRC-86292499B332D3B8F544,1990,Attorney General,Dale,Jimmy Evans,JIMMY EVANS,D,6763.0,Gen.90
HSR-5FD1E8A01669D297F4B3,SRC-86292499B332D3B8F544,1990,Attorney General,Dale,Spencer Bachus,SPENCER BACHUS,R,2966.0,Gen.90
HSR-8C821D5E355016944F1B,SRC-86292499B332D3B8F544,1990,Attorney General,Dallas,Jimmy Evans,JIMMY EVANS,D,11984.0,Gen.90
HSR-13F0BD49DC509AA820C3,SRC-86292499B332D3B8F544,1990,Attorney General,Dallas,Spencer Bachus,SPENCER BACHUS,R,2659.0,Gen.90
HSR-443608A148678832F265,SRC-86292499B332D3B8F544,1990,Attorney General,Dekalb,Jimmy Evans,JIMMY EVANS,D,9939.0,Gen.90
HSR-C64FBDFBCB3B95B47494,SRC-86292499B332D3B8F544,1990,Attorney General,Dekalb,Spencer Bachus,SPENCER BACHUS,R,5930.0,Gen.90
HSR-4E7FCC2B940CC85E80EC,SRC-86292499B332D3B8F544,1990,Attorney General,Elmore,Jimmy Evans,JIMMY EVANS,D,10292.0,Gen.90
HSR-18E94D6DD82416D119FD,SRC-86292499B332D3B8F544,1990,Attorney General,Elmore,Spencer Bachus,SPENCER BACHUS,R,4814.0,Gen.90
HSR-19576EAEEEBC54996849,SRC-86292499B332D3B8F544,1990,Attorney General,Escambia,Jimmy Evans,JIMMY EVANS,D,5119.0,Gen.90
HSR-58EACECDDF394904D93A,SRC-86292499B332D3B8F544,1990,Attorney General,Escambia,Spencer Bachus,SPENCER BACHUS,R,2198.0,Gen.90
HSR-392356AE5C88E65ADAF5,SRC-86292499B332D3B8F544,1990,Attorney General,Etowah,Jimmy Evans,JIMMY EVANS,D,20834.0,Gen.90
HSR-87E7469987E78AA71455,SRC-86292499B332D3B8F544,1990,Attorney General,Etowah,Spencer Bachus,SPENCER BACHUS,R,9302.0,Gen.90
HSR-DE9653E78D23CFCBA194,SRC-86292499B332D3B8F544,1990,Attorney General,Fayette,Jimmy Evans,JIMMY EVANS,D,4830.0,Gen.90
HSR-23371AF57BE56287696E,SRC-86292499B332D3B8F544,1990,Attorney General,Fayette,Spencer Bachus,SPENCER BACHUS,R,2056.0,Gen.90
HSR-1D709F5A7032396CC3AE,SRC-86292499B332D3B8F544,1990,Attorney General,Franklin,Jimmy Evans,JIMMY EVANS,D,5403.0,Gen.90
HSR-FA9E230F9938592A8875,SRC-86292499B332D3B8F544,1990,Attorney General,Franklin,Spencer Bachus,SPENCER BACHUS,R,2713.0,Gen.90
HSR-AE9780B0FF73265356CF,SRC-86292499B332D3B8F544,1990,Attorney General,Geneva,Jimmy Evans,JIMMY EVANS,D,5273.0,Gen.90
HSR-884935F9CC7EC7682FB7,SRC-86292499B332D3B8F544,1990,Attorney General,Geneva,Spencer Bachus,SPENCER BACHUS,R,1565.0,Gen.90
HSR-142A153183074DD909C5,SRC-86292499B332D3B8F544,1990,Attorney General,Greene,Jimmy Evans,JIMMY EVANS,D,3337.0,Gen.90
HSR-C63B4166991F11D0B79F,SRC-86292499B332D3B8F544,1990,Attorney General,Greene,Spencer Bachus,SPENCER BACHUS,R,467.0,Gen.90
HSR-3BE06C634AE214FC8AAD,SRC-86292499B332D3B8F544,1990,Attorney General,Hale,Jimmy Evans,JIMMY EVANS,D,3858.0,Gen.90
HSR-51A6143566B8664F8F2F,SRC-86292499B332D3B8F544,1990,Attorney General,Hale,Spencer Bachus,SPENCER BACHUS,R,1164.0,Gen.90
HSR-5264E294827157F74255,SRC-86292499B332D3B8F544,1990,Attorney General,Henry,Jimmy Evans,JIMMY EVANS,D,3550.0,Gen.90
HSR-0CD8B1BEC09DA6B234DF,SRC-86292499B332D3B8F544,1990,Attorney General,Henry,Spencer Bachus,SPENCER BACHUS,R,770.0,Gen.90
HSR-E4489963B64BF7DAD6A0,SRC-86292499B332D3B8F544,1990,Attorney General,Houston,Jimmy Evans,JIMMY EVANS,D,14756.0,Gen.90
HSR-EF4066668826D07783D6,SRC-86292499B332D3B8F544,1990,Attorney General,Houston,Spencer Bachus,SPENCER BACHUS,R,6384.0,Gen.90
HSR-68021260B3621B291FCF,SRC-86292499B332D3B8F544,1990,Attorney General,Jackson,Jimmy Evans,JIMMY EVANS,D,6508.0,Gen.90
HSR-F31A9A7E9803220C89BE,SRC-86292499B332D3B8F544,1990,Attorney General,Jackson,Spencer Bachus,SPENCER BACHUS,R,2548.0,Gen.90
HSR-1E9538EA9E38A12C273A,SRC-86292499B332D3B8F544,1990,Attorney General,Jefferson,Jimmy Evans,JIMMY EVANS,D,110364.0,Gen.90
HSR-205CF604D6D4BB941819,SRC-86292499B332D3B8F544,1990,Attorney General,Jefferson,Spencer Bachus,SPENCER BACHUS,R,96103.0,Gen.90
HSR-C0F19A5A3BAEA4E574FA,SRC-86292499B332D3B8F544,1990,Attorney General,Lamar,Jimmy Evans,JIMMY EVANS,D,3220.0,Gen.90
HSR-EEA3A883B3644F1D8924,SRC-86292499B332D3B8F544,1990,Attorney General,Lamar,Spencer Bachus,SPENCER BACHUS,R,1290.0,Gen.90
HSR-FADB3BA4B72CE91241E0,SRC-86292499B332D3B8F544,1990,Attorney General,Lauderdale,Jimmy Evans,JIMMY EVANS,D,13498.0,Gen.90
HSR-FDD065A4E14DFE75F608,SRC-86292499B332D3B8F544,1990,Attorney General,Lauderdale,Spencer Bachus,SPENCER BACHUS,R,6064.0,Gen.90
HSR-A9D619B985A4AE531E61,SRC-86292499B332D3B8F544,1990,Attorney General,Lawrence,Jimmy Evans,JIMMY EVANS,D,5519.0,Gen.90
HSR-4A2329E7F611F5F3D109,SRC-86292499B332D3B8F544,1990,Attorney General,Lawrence,Spencer Bachus,SPENCER BACHUS,R,1542.0,Gen.90
HSR-DC8CAC703A8F728FC416,SRC-86292499B332D3B8F544,1990,Attorney General,Lee,Jimmy Evans,JIMMY EVANS,D,11338.0,Gen.90
HSR-CD6619475CE7F045321B,SRC-86292499B332D3B8F544,1990,Attorney General,Lee,Spencer Bachus,SPENCER BACHUS,R,6630.0,Gen.90
HSR-C6E5E74345C38B2454A1,SRC-86292499B332D3B8F544,1990,Attorney General,Limestone,Jimmy Evans,JIMMY EVANS,D,8900.0,Gen.90
HSR-D5E52189B04A44BF4898,SRC-86292499B332D3B8F544,1990,Attorney General,Limestone,Spencer Bachus,SPENCER BACHUS,R,4433.0,Gen.90
HSR-03D88BE0E16F2D663548,SRC-86292499B332D3B8F544,1990,Attorney General,Lowndes,Jimmy Evans,JIMMY EVANS,D,3496.0,Gen.90
HSR-52E7B1CA97E462CED4E7,SRC-86292499B332D3B8F544,1990,Attorney General,Lowndes,Spencer Bachus,SPENCER BACHUS,R,527.0,Gen.90
HSR-DF4B6895CC308A03A572,SRC-86292499B332D3B8F544,1990,Attorney General,Macon,Jimmy Evans,JIMMY EVANS,D,6010.0,Gen.90
HSR-4A4B07E0A05968B03D32,SRC-86292499B332D3B8F544,1990,Attorney General,Macon,Spencer Bachus,SPENCER BACHUS,R,587.0,Gen.90
HSR-E009A40CA56D5B5ADD7E,SRC-86292499B332D3B8F544,1990,Attorney General,Madison,Jimmy Evans,JIMMY EVANS,D,38081.0,Gen.90
HSR-29533DA9AF1C7106E241,SRC-86292499B332D3B8F544,1990,Attorney General,Madison,Spencer Bachus,SPENCER BACHUS,R,31411.0,Gen.90
HSR-3A622E1ED1D92370AC86,SRC-86292499B332D3B8F544,1990,Attorney General,Marengo,Jimmy Evans,JIMMY EVANS,D,5658.0,Gen.90
HSR-E928BC85EC1572F58A19,SRC-86292499B332D3B8F544,1990,Attorney General,Marengo,Spencer Bachus,SPENCER BACHUS,R,1713.0,Gen.90
HSR-C71D8219DD89CA2D745F,SRC-86292499B332D3B8F544,1990,Attorney General,Marion,Jimmy Evans,JIMMY EVANS,D,6905.0,Gen.90
HSR-2683E7719014CB1392C4,SRC-86292499B332D3B8F544,1990,Attorney General,Marion,Spencer Bachus,SPENCER BACHUS,R,2986.0,Gen.90
HSR-84C4974AD1292A7D0AC5,SRC-86292499B332D3B8F544,1990,Attorney General,Marshall,Jimmy Evans,JIMMY EVANS,D,9713.0,Gen.90
HSR-9902F3FCE131892124B4,SRC-86292499B332D3B8F544,1990,Attorney General,Marshall,Spencer Bachus,SPENCER BACHUS,R,6457.0,Gen.90
HSR-A16CEC6D652E183DDB82,SRC-86292499B332D3B8F544,1990,Attorney General,Mobile,Jimmy Evans,JIMMY EVANS,D,57007.0,Gen.90
HSR-A36C8C77FE477B4CB2CD,SRC-86292499B332D3B8F544,1990,Attorney General,Mobile,Spencer Bachus,SPENCER BACHUS,R,30749.0,Gen.90
HSR-ABE9DC3E5D268658476B,SRC-86292499B332D3B8F544,1990,Attorney General,Monroe,Jimmy Evans,JIMMY EVANS,D,4779.0,Gen.90
HSR-D8561F5DB75A8954241E,SRC-86292499B332D3B8F544,1990,Attorney General,Monroe,Spencer Bachus,SPENCER BACHUS,R,1732.0,Gen.90
HSR-2975F3CF6CB46FC31E5E,SRC-86292499B332D3B8F544,1990,Attorney General,Montgomery,Jimmy Evans,JIMMY EVANS,D,51669.0,Gen.90
HSR-16E818617D1D307F3F3E,SRC-86292499B332D3B8F544,1990,Attorney General,Montgomery,Spencer Bachus,SPENCER BACHUS,R,16118.0,Gen.90
HSR-EEA84533F263BDF9F9D2,SRC-86292499B332D3B8F544,1990,Attorney General,Morgan,Jimmy Evans,JIMMY EVANS,D,16344.0,Gen.90
HSR-CB855F520AE5B155375A,SRC-86292499B332D3B8F544,1990,Attorney General,Morgan,Spencer Bachus,SPENCER BACHUS,R,11668.0,Gen.90
HSR-72996E31923E9CC59CF4,SRC-86292499B332D3B8F544,1990,Attorney General,Perry,Jimmy Evans,JIMMY EVANS,D,3789.0,Gen.90
HSR-C7104305BBB6FDF6806C,SRC-86292499B332D3B8F544,1990,Attorney General,Perry,Spencer Bachus,SPENCER BACHUS,R,912.0,Gen.90
HSR-ACB4E6F81FFB2D87CF5F,SRC-86292499B332D3B8F544,1990,Attorney General,Pickens,Jimmy Evans,JIMMY EVANS,D,4103.0,Gen.90
HSR-1B219157AFFF697C729A,SRC-86292499B332D3B8F544,1990,Attorney General,Pickens,Spencer Bachus,SPENCER BACHUS,R,1642.0,Gen.90
HSR-563342E13D952FC79466,SRC-86292499B332D3B8F544,1990,Attorney General,Pike,Jimmy Evans,JIMMY EVANS,D,6643.0,Gen.90
HSR-6E9A2AABFEA242147514,SRC-86292499B332D3B8F544,1990,Attorney General,Pike,Spencer Bachus,SPENCER BACHUS,R,2031.0,Gen.90
HSR-318CB541DFBEFCC68805,SRC-86292499B332D3B8F544,1990,Attorney General,Randolph,Jimmy Evans,JIMMY EVANS,D,3575.0,Gen.90
HSR-A4D1E5A2DA09FC8A9D72,SRC-86292499B332D3B8F544,1990,Attorney General,Randolph,Spencer Bachus,SPENCER BACHUS,R,1363.0,Gen.90
HSR-58389C00D3FD58805048,SRC-86292499B332D3B8F544,1990,Attorney General,Russell,Jimmy Evans,JIMMY EVANS,D,5848.0,Gen.90
HSR-94C36723BFF2B1D22EAD,SRC-86292499B332D3B8F544,1990,Attorney General,Russell,Spencer Bachus,SPENCER BACHUS,R,1575.0,Gen.90
HSR-3A314A56ECA2DF71CC0E,SRC-86292499B332D3B8F544,1990,Attorney General,Shelby,Jimmy Evans,JIMMY EVANS,D,11031.0,Gen.90
HSR-2C8DB323892F09D7901F,SRC-86292499B332D3B8F544,1990,Attorney General,Shelby,Spencer Bachus,SPENCER BACHUS,R,18186.0,Gen.90
HSR-2655B1470A8289112285,SRC-86292499B332D3B8F544,1990,Attorney General,St. Clair,Jimmy Evans,JIMMY EVANS,D,7518.0,Gen.90
HSR-BB00D50FE2C6C9ACCA06,SRC-86292499B332D3B8F544,1990,Attorney General,St. Clair,Spencer Bachus,SPENCER BACHUS,R,6232.0,Gen.90
HSR-1886A4659B3BA9896F11,SRC-86292499B332D3B8F544,1990,Attorney General,Sumter,Jimmy Evans,JIMMY EVANS,D,4317.0,Gen.90
HSR-3C9A2356CE099D950606,SRC-86292499B332D3B8F544,1990,Attorney General,Sumter,Spencer Bachus,SPENCER BACHUS,R,938.0,Gen.90
HSR-C9DDF8A5D5CE28CED6D7,SRC-86292499B332D3B8F544,1990,Attorney General,Talladega,Jimmy Evans,JIMMY EVANS,D,11000.0,Gen.90
HSR-9FC05C9B9365B8B6CF3F,SRC-86292499B332D3B8F544,1990,Attorney General,Talladega,Spencer Bachus,SPENCER BACHUS,R,6195.0,Gen.90
HSR-50D7D339B9C66AFCD5BE,SRC-86292499B332D3B8F544,1990,Attorney General,Tallapoosa,Jimmy Evans,JIMMY EVANS,D,9322.0,Gen.90
HSR-1CDAFB37FA6472D64627,SRC-86292499B332D3B8F544,1990,Attorney General,Tallapoosa,Spencer Bachus,SPENCER BACHUS,R,3124.0,Gen.90
HSR-5D33BA05B0EB0BACDAFC,SRC-86292499B332D3B8F544,1990,Attorney General,Tuscaloosa,Jimmy Evans,JIMMY EVANS,D,24185.0,Gen.90
HSR-460E9462440FBC0E116D,SRC-86292499B332D3B8F544,1990,Attorney General,Tuscaloosa,Spencer Bachus,SPENCER BACHUS,R,13443.0,Gen.90
HSR-1A9F9E5C5FD8010610A6,SRC-86292499B332D3B8F544,1990,Attorney General,Walker,Jimmy Evans,JIMMY EVANS,D,13988.0,Gen.90
HSR-A7F3FB011803F6E49B5E,SRC-86292499B332D3B8F544,1990,Attorney General,Walker,Spencer Bachus,SPENCER BACHUS,R,5763.0,Gen.90
HSR-FE66F10F35A3E77D7806,SRC-86292499B332D3B8F544,1990,Attorney General,Washington,Jimmy Evans,JIMMY EVANS,D,4712.0,Gen.90
HSR-BE944CFEFE33237BB552,SRC-86292499B332D3B8F544,1990,Attorney General,Washington,Spencer Bachus,SPENCER BACHUS,R,990.0,Gen.90
HSR-800A4039A05E2B3DCB20,SRC-86292499B332D3B8F544,1990,Attorney General,Wilcox,Jimmy Evans,JIMMY EVANS,D,4054.0,Gen.90
HSR-9D18DC70BB5A1F29A041,SRC-86292499B332D3B8F544,1990,Attorney General,Wilcox,Spencer Bachus,SPENCER BACHUS,R,742.0,Gen.90
HSR-43BB1C147FCE1B179F56,SRC-86292499B332D3B8F544,1990,Attorney General,Winston,Jimmy Evans,JIMMY EVANS,D,4612.0,Gen.90
HSR-93280BD46C00E24C4381,SRC-86292499B332D3B8F544,1990,Attorney General,Winston,Spencer Bachus,SPENCER BACHUS,R,4107.0,Gen.90
HSR-CABFFDB652766DAE0CC3,SRC-F05B2AB7497B172B620A,1990,Secretary of State,Autauga,Bill Joe Camp,WILLIAM JOE CAMP,D,5070.0,Gen.90
HSR-C0AFADE3A7107392C74F,SRC-F05B2AB7497B172B620A,1990,Secretary of State,Autauga,Perry Hand,PERRY HAND,R,5448.0,Gen.90
HSR-C5F28819EDBC6D49847B,SRC-F05B2AB7497B172B620A,1990,Secretary of State,Baldwin,Bill Joe Camp,WILLIAM JOE CAMP,D,10092.0,Gen.90
HSR-0C8362AA2CA9C5BE861B,SRC-F05B2AB7497B172B620A,1990,Secretary of State,Baldwin,Perry Hand,PERRY HAND,R,18240.0,Gen.90
HSR-3B017839B16CDE25A3DA,SRC-F05B2AB7497B172B620A,1990,Secretary of State,Barbour,Bill Joe Camp,WILLIAM JOE CAMP,D,4830.0,Gen.90
HSR-8D3F55E41E98149A7129,SRC-F05B2AB7497B172B620A,1990,Secretary of State,Barbour,Perry Hand,PERRY HAND,R,2000.0,Gen.90
HSR-590D18E3CE8640DE7B25,SRC-F05B2AB7497B172B620A,1990,Secretary of State,Bibb,Bill Joe Camp,WILLIAM JOE CAMP,D,3654.0,Gen.90
HSR-7A20FCEF9ED75374FD29,SRC-F05B2AB7497B172B620A,1990,Secretary of State,Bibb,Perry Hand,PERRY HAND,R,1854.0,Gen.90
HSR-70AA6AA18965C0F85854,SRC-F05B2AB7497B172B620A,1990,Secretary of State,Blount,Bill Joe Camp,WILLIAM JOE CAMP,D,5718.0,Gen.90
HSR-09A3F690B9108E8A6DC9,SRC-F05B2AB7497B172B620A,1990,Secretary of State,Blount,Perry Hand,PERRY HAND,R,5622.0,Gen.90
HSR-101F11254300CF7EE812,SRC-F05B2AB7497B172B620A,1990,Secretary of State,Bullock,Bill Joe Camp,WILLIAM JOE CAMP,D,3011.0,Gen.90
HSR-C06B176A850CD6039352,SRC-F05B2AB7497B172B620A,1990,Secretary of State,Bullock,Perry Hand,PERRY HAND,R,870.0,Gen.90
HSR-A3807FDF268C843C8394,SRC-F05B2AB7497B172B620A,1990,Secretary of State,Butler,Bill Joe Camp,WILLIAM JOE CAMP,D,4274.0,Gen.90
HSR-87C02E457C4E7385F7CF,SRC-F05B2AB7497B172B620A,1990,Secretary of State,Butler,Perry Hand,PERRY HAND,R,2478.0,Gen.90
HSR-59A3964B18C65AF9E665,SRC-F05B2AB7497B172B620A,1990,Secretary of State,Calhoun,Bill Joe Camp,WILLIAM JOE CAMP,D,13785.0,Gen.90
HSR-76C97EE8BAF927B80DCB,SRC-F05B2AB7497B172B620A,1990,Secretary of State,Calhoun,Perry Hand,PERRY HAND,R,11040.0,Gen.90
HSR-39EF7CFBDC2093CB19AA,SRC-F05B2AB7497B172B620A,1990,Secretary of State,Chambers,Bill Joe Camp,WILLIAM JOE CAMP,D,5437.0,Gen.90
HSR-7141737DFE6CCAEB522D,SRC-F05B2AB7497B172B620A,1990,Secretary of State,Chambers,Perry Hand,PERRY HAND,R,2550.0,Gen.90
HSR-04101D1ECDE19F4F6E19,SRC-F05B2AB7497B172B620A,1990,Secretary of State,Cherokee,Bill Joe Camp,WILLIAM JOE CAMP,D,3392.0,Gen.90
HSR-C0539CF42782FF76B69E,SRC-F05B2AB7497B172B620A,1990,Secretary of State,Cherokee,Perry Hand,PERRY HAND,R,1371.0,Gen.90
HSR-3CBC080459CDC39B533A,SRC-F05B2AB7497B172B620A,1990,Secretary of State,Chilton,Bill Joe Camp,WILLIAM JOE CAMP,D,6533.0,Gen.90
HSR-7ED43ED868A158770EC5,SRC-F05B2AB7497B172B620A,1990,Secretary of State,Chilton,Perry Hand,PERRY HAND,R,5090.0,Gen.90
HSR-B8A5AA9EF5CC579B8AB2,SRC-F05B2AB7497B172B620A,1990,Secretary of State,Choctaw,Bill Joe Camp,WILLIAM JOE CAMP,D,3915.0,Gen.90
HSR-0A1DE9CC33CE6F843523,SRC-F05B2AB7497B172B620A,1990,Secretary of State,Choctaw,Perry Hand,PERRY HAND,R,1153.0,Gen.90
HSR-94434A84D831CD5F4E66,SRC-F05B2AB7497B172B620A,1990,Secretary of State,Clarke,Bill Joe Camp,WILLIAM JOE CAMP,D,4973.0,Gen.90
HSR-D7D578B9E38B039572A0,SRC-F05B2AB7497B172B620A,1990,Secretary of State,Clarke,Perry Hand,PERRY HAND,R,3220.0,Gen.90
HSR-4798263D6D07FF957899,SRC-F05B2AB7497B172B620A,1990,Secretary of State,Clay,Bill Joe Camp,WILLIAM JOE CAMP,D,2281.0,Gen.90
HSR-A0DAB105AEB689F859E4,SRC-F05B2AB7497B172B620A,1990,Secretary of State,Clay,Perry Hand,PERRY HAND,R,1200.0,Gen.90
HSR-A53E63A5B9E24D37AB83,SRC-F05B2AB7497B172B620A,1990,Secretary of State,Cleburne,Bill Joe Camp,WILLIAM JOE CAMP,D,1486.0,Gen.90
HSR-51CF62C7BF17C01D3AF8,SRC-F05B2AB7497B172B620A,1990,Secretary of State,Cleburne,Perry Hand,PERRY HAND,R,1943.0,Gen.90
HSR-8E636148AEF6C32B0E22,SRC-F05B2AB7497B172B620A,1990,Secretary of State,Coffee,Bill Joe Camp,WILLIAM JOE CAMP,D,5642.0,Gen.90
HSR-20C207AC82633FC85CA7,SRC-F05B2AB7497B172B620A,1990,Secretary of State,Coffee,Perry Hand,PERRY HAND,R,4365.0,Gen.90
HSR-C37C3A1D420F71D102EE,SRC-F05B2AB7497B172B620A,1990,Secretary of State,Colbert,Bill Joe Camp,WILLIAM JOE CAMP,D,9921.0,Gen.90
HSR-4DA350C0F496ACDEBBDC,SRC-F05B2AB7497B172B620A,1990,Secretary of State,Colbert,Perry Hand,PERRY HAND,R,3750.0,Gen.90
HSR-2A216664DE6B4866D8CE,SRC-F05B2AB7497B172B620A,1990,Secretary of State,Conecuh,Bill Joe Camp,WILLIAM JOE CAMP,D,3211.0,Gen.90
HSR-8AEEB8B9F44ABD2BFEBE,SRC-F05B2AB7497B172B620A,1990,Secretary of State,Conecuh,Perry Hand,PERRY HAND,R,1468.0,Gen.90
HSR-90E58D45023C386D8522,SRC-F05B2AB7497B172B620A,1990,Secretary of State,Coosa,Bill Joe Camp,WILLIAM JOE CAMP,D,2424.0,Gen.90
HSR-23B46EB8B72EE937BD77,SRC-F05B2AB7497B172B620A,1990,Secretary of State,Coosa,Perry Hand,PERRY HAND,R,1285.0,Gen.90
HSR-4769BB1B632738361244,SRC-F05B2AB7497B172B620A,1990,Secretary of State,Covington,Bill Joe Camp,WILLIAM JOE CAMP,D,5716.0,Gen.90
HSR-94DC5A71671EEC67FEB4,SRC-F05B2AB7497B172B620A,1990,Secretary of State,Covington,Perry Hand,PERRY HAND,R,3947.0,Gen.90
HSR-D6E15E27E311321DF4B0,SRC-F05B2AB7497B172B620A,1990,Secretary of State,Crenshaw,Bill Joe Camp,WILLIAM JOE CAMP,D,2506.0,Gen.90
HSR-2A451230C2E99CA33ACF,SRC-F05B2AB7497B172B620A,1990,Secretary of State,Crenshaw,Perry Hand,PERRY HAND,R,1397.0,Gen.90
HSR-001962778F896E14E462,SRC-F05B2AB7497B172B620A,1990,Secretary of State,Cullman,Bill Joe Camp,WILLIAM JOE CAMP,D,12011.0,Gen.90
HSR-02D30562796E9DF38F7D,SRC-F05B2AB7497B172B620A,1990,Secretary of State,Cullman,Perry Hand,PERRY HAND,R,8685.0,Gen.90
HSR-8BB85B350ECF29768760,SRC-F05B2AB7497B172B620A,1990,Secretary of State,Dale,Bill Joe Camp,WILLIAM JOE CAMP,D,4992.0,Gen.90
HSR-74CE74928619029E2BBB,SRC-F05B2AB7497B172B620A,1990,Secretary of State,Dale,Perry Hand,PERRY HAND,R,4415.0,Gen.90
HSR-6B403A1B970B2822D82D,SRC-F05B2AB7497B172B620A,1990,Secretary of State,Dallas,Bill Joe Camp,WILLIAM JOE CAMP,D,9914.0,Gen.90
HSR-5D24E52D0F5099ED9473,SRC-F05B2AB7497B172B620A,1990,Secretary of State,Dallas,Perry Hand,PERRY HAND,R,4587.0,Gen.90
HSR-334C2F7756F6E0AA1F82,SRC-F05B2AB7497B172B620A,1990,Secretary of State,Dekalb,Bill Joe Camp,WILLIAM JOE CAMP,D,9102.0,Gen.90
HSR-6D0D3E1F4B281CB57312,SRC-F05B2AB7497B172B620A,1990,Secretary of State,Dekalb,Perry Hand,PERRY HAND,R,6595.0,Gen.90
HSR-91CDA486C98F319B1815,SRC-F05B2AB7497B172B620A,1990,Secretary of State,Elmore,Bill Joe Camp,WILLIAM JOE CAMP,D,6720.0,Gen.90
HSR-29D0FEB042463545ED5A,SRC-F05B2AB7497B172B620A,1990,Secretary of State,Elmore,Perry Hand,PERRY HAND,R,7774.0,Gen.90
HSR-74F86AA78171D12D09DC,SRC-F05B2AB7497B172B620A,1990,Secretary of State,Escambia,Bill Joe Camp,WILLIAM JOE CAMP,D,3906.0,Gen.90
HSR-1B3A933177693564D329,SRC-F05B2AB7497B172B620A,1990,Secretary of State,Escambia,Perry Hand,PERRY HAND,R,3022.0,Gen.90
HSR-08CCA319F975FF67F413,SRC-F05B2AB7497B172B620A,1990,Secretary of State,Etowah,Bill Joe Camp,WILLIAM JOE CAMP,D,18788.0,Gen.90
HSR-EBDBD7249E0A1B2FC823,SRC-F05B2AB7497B172B620A,1990,Secretary of State,Etowah,Perry Hand,PERRY HAND,R,10679.0,Gen.90
HSR-FA641695A79A8D9D420F,SRC-F05B2AB7497B172B620A,1990,Secretary of State,Fayette,Bill Joe Camp,WILLIAM JOE CAMP,D,4568.0,Gen.90
HSR-728461596D19380BA2F9,SRC-F05B2AB7497B172B620A,1990,Secretary of State,Fayette,Perry Hand,PERRY HAND,R,2064.0,Gen.90
HSR-073C741622A465012085,SRC-F05B2AB7497B172B620A,1990,Secretary of State,Franklin,Bill Joe Camp,WILLIAM JOE CAMP,D,5486.0,Gen.90
HSR-E484AA04287AEC8278B0,SRC-F05B2AB7497B172B620A,1990,Secretary of State,Franklin,Perry Hand,PERRY HAND,R,2419.0,Gen.90
HSR-C1542A7B4C2376BCF2FE,SRC-F05B2AB7497B172B620A,1990,Secretary of State,Geneva,Bill Joe Camp,WILLIAM JOE CAMP,D,4069.0,Gen.90
HSR-2719A4C7BECAC4D4C7DF,SRC-F05B2AB7497B172B620A,1990,Secretary of State,Geneva,Perry Hand,PERRY HAND,R,2409.0,Gen.90
HSR-F47CA9896E360C60C041,SRC-F05B2AB7497B172B620A,1990,Secretary of State,Greene,Bill Joe Camp,WILLIAM JOE CAMP,D,3097.0,Gen.90
HSR-C6BA7EFF032D142075D8,SRC-F05B2AB7497B172B620A,1990,Secretary of State,Greene,Perry Hand,PERRY HAND,R,647.0,Gen.90
HSR-7D42B0AD6760D8E2A772,SRC-F05B2AB7497B172B620A,1990,Secretary of State,Hale,Bill Joe Camp,WILLIAM JOE CAMP,D,3513.0,Gen.90
HSR-F28F29B6F1D06560244E,SRC-F05B2AB7497B172B620A,1990,Secretary of State,Hale,Perry Hand,PERRY HAND,R,1375.0,Gen.90
HSR-F9D8DED9B27F20C11ABC,SRC-F05B2AB7497B172B620A,1990,Secretary of State,Henry,Bill Joe Camp,WILLIAM JOE CAMP,D,2924.0,Gen.90
HSR-278C9248CFDABC600458,SRC-F05B2AB7497B172B620A,1990,Secretary of State,Henry,Perry Hand,PERRY HAND,R,1373.0,Gen.90
HSR-E4349817A4FDAF4541B1,SRC-F05B2AB7497B172B620A,1990,Secretary of State,Houston,Bill Joe Camp,WILLIAM JOE CAMP,D,10697.0,Gen.90
HSR-558227F7F6CE04F3637B,SRC-F05B2AB7497B172B620A,1990,Secretary of State,Houston,Perry Hand,PERRY HAND,R,10002.0,Gen.90
HSR-D1B96386273EA1E12D3A,SRC-F05B2AB7497B172B620A,1990,Secretary of State,Jackson,Bill Joe Camp,WILLIAM JOE CAMP,D,6103.0,Gen.90
HSR-36A8785C96FF38EB0091,SRC-F05B2AB7497B172B620A,1990,Secretary of State,Jackson,Perry Hand,PERRY HAND,R,2831.0,Gen.90
HSR-E80F2374444B429B5A80,SRC-F05B2AB7497B172B620A,1990,Secretary of State,Jefferson,Bill Joe Camp,WILLIAM JOE CAMP,D,100316.0,Gen.90
HSR-9758AE4A444EE7BA0994,SRC-F05B2AB7497B172B620A,1990,Secretary of State,Jefferson,Perry Hand,PERRY HAND,R,102544.0,Gen.90
HSR-BEDEB6C45799975365FE,SRC-F05B2AB7497B172B620A,1990,Secretary of State,Lamar,Bill Joe Camp,WILLIAM JOE CAMP,D,2928.0,Gen.90
HSR-1D30C3F3436F56C21805,SRC-F05B2AB7497B172B620A,1990,Secretary of State,Lamar,Perry Hand,PERRY HAND,R,1340.0,Gen.90
HSR-8553315AC84E8DC90911,SRC-F05B2AB7497B172B620A,1990,Secretary of State,Lauderdale,Bill Joe Camp,WILLIAM JOE CAMP,D,13553.0,Gen.90
HSR-FFE5EC8F302349D3AFE8,SRC-F05B2AB7497B172B620A,1990,Secretary of State,Lauderdale,Perry Hand,PERRY HAND,R,5792.0,Gen.90
HSR-56276E58E08A0908867F,SRC-F05B2AB7497B172B620A,1990,Secretary of State,Lawrence,Bill Joe Camp,WILLIAM JOE CAMP,D,5151.0,Gen.90
HSR-46BA2E2451D699F69A2B,SRC-F05B2AB7497B172B620A,1990,Secretary of State,Lawrence,Perry Hand,PERRY HAND,R,1443.0,Gen.90
HSR-64AF07F1388E215167BE,SRC-F05B2AB7497B172B620A,1990,Secretary of State,Lee,Bill Joe Camp,WILLIAM JOE CAMP,D,8967.0,Gen.90
HSR-F38C679F9BAD1B38433C,SRC-F05B2AB7497B172B620A,1990,Secretary of State,Lee,Perry Hand,PERRY HAND,R,8686.0,Gen.90
HSR-6CF41E5EB6EE0AC6BFA6,SRC-F05B2AB7497B172B620A,1990,Secretary of State,Limestone,Bill Joe Camp,WILLIAM JOE CAMP,D,7895.0,Gen.90
HSR-1A280DA3A61D37DF43D9,SRC-F05B2AB7497B172B620A,1990,Secretary of State,Limestone,Perry Hand,PERRY HAND,R,4918.0,Gen.90
HSR-39D119F966556272420F,SRC-F05B2AB7497B172B620A,1990,Secretary of State,Lowndes,Bill Joe Camp,WILLIAM JOE CAMP,D,2745.0,Gen.90
HSR-EF41ABD37398BE620FB7,SRC-F05B2AB7497B172B620A,1990,Secretary of State,Lowndes,Perry Hand,PERRY HAND,R,959.0,Gen.90
HSR-D08FBE1269FB84F5E636,SRC-F05B2AB7497B172B620A,1990,Secretary of State,Macon,Bill Joe Camp,WILLIAM JOE CAMP,D,5346.0,Gen.90
HSR-18273FC2CF37512AF124,SRC-F05B2AB7497B172B620A,1990,Secretary of State,Macon,Perry Hand,PERRY HAND,R,853.0,Gen.90
HSR-AD5D09BADC8B9A2C3BD5,SRC-F05B2AB7497B172B620A,1990,Secretary of State,Madison,Bill Joe Camp,WILLIAM JOE CAMP,D,32604.0,Gen.90
HSR-3E5CE994F8D846791461,SRC-F05B2AB7497B172B620A,1990,Secretary of State,Madison,Perry Hand,PERRY HAND,R,34828.0,Gen.90
HSR-117EA441EB5D1C1EBE0F,SRC-F05B2AB7497B172B620A,1990,Secretary of State,Marengo,Bill Joe Camp,WILLIAM JOE CAMP,D,5116.0,Gen.90
HSR-240319DDBF228AB41715,SRC-F05B2AB7497B172B620A,1990,Secretary of State,Marengo,Perry Hand,PERRY HAND,R,2234.0,Gen.90
HSR-096056BB44FD0FF4D4AF,SRC-F05B2AB7497B172B620A,1990,Secretary of State,Marion,Bill Joe Camp,WILLIAM JOE CAMP,D,6371.0,Gen.90
HSR-5C789F51839E9F3E27DB,SRC-F05B2AB7497B172B620A,1990,Secretary of State,Marion,Perry Hand,PERRY HAND,R,2960.0,Gen.90
HSR-C4EFC2ECAFF82943449A,SRC-F05B2AB7497B172B620A,1990,Secretary of State,Marshall,Bill Joe Camp,WILLIAM JOE CAMP,D,8519.0,Gen.90
HSR-C5BC5A4F3FF49D2AC297,SRC-F05B2AB7497B172B620A,1990,Secretary of State,Marshall,Perry Hand,PERRY HAND,R,6834.0,Gen.90
HSR-4B08FAC679677829B0D1,SRC-F05B2AB7497B172B620A,1990,Secretary of State,Mobile,Bill Joe Camp,WILLIAM JOE CAMP,D,42546.0,Gen.90
HSR-3E237AFF94FB3BF8F7BC,SRC-F05B2AB7497B172B620A,1990,Secretary of State,Mobile,Perry Hand,PERRY HAND,R,45255.0,Gen.90
HSR-7C43B79DB76D477749C8,SRC-F05B2AB7497B172B620A,1990,Secretary of State,Monroe,Bill Joe Camp,WILLIAM JOE CAMP,D,3590.0,Gen.90
HSR-3BED1BB99D8EB4456F73,SRC-F05B2AB7497B172B620A,1990,Secretary of State,Monroe,Perry Hand,PERRY HAND,R,2650.0,Gen.90
HSR-CE33B120893E7D80075F,SRC-F05B2AB7497B172B620A,1990,Secretary of State,Montgomery,Bill Joe Camp,WILLIAM JOE CAMP,D,33210.0,Gen.90
HSR-C817BE07ACF4D4F5F61E,SRC-F05B2AB7497B172B620A,1990,Secretary of State,Montgomery,Perry Hand,PERRY HAND,R,32335.0,Gen.90
HSR-AB4AE31FAE0D939AE530,SRC-F05B2AB7497B172B620A,1990,Secretary of State,Morgan,Bill Joe Camp,WILLIAM JOE CAMP,D,15353.0,Gen.90
HSR-FAAAF96F7AF6F9806AE5,SRC-F05B2AB7497B172B620A,1990,Secretary of State,Morgan,Perry Hand,PERRY HAND,R,11933.0,Gen.90
HSR-D8AE3F94BD57ED9EE57D,SRC-F05B2AB7497B172B620A,1990,Secretary of State,Perry,Bill Joe Camp,WILLIAM JOE CAMP,D,3410.0,Gen.90
HSR-6D9F2B1BC93AAB9D253D,SRC-F05B2AB7497B172B620A,1990,Secretary of State,Perry,Perry Hand,PERRY HAND,R,1244.0,Gen.90
HSR-969DA667699CC514BBC2,SRC-F05B2AB7497B172B620A,1990,Secretary of State,Pickens,Bill Joe Camp,WILLIAM JOE CAMP,D,3737.0,Gen.90
HSR-5EFA609068611B4C6BE1,SRC-F05B2AB7497B172B620A,1990,Secretary of State,Pickens,Perry Hand,PERRY HAND,R,1863.0,Gen.90
HSR-012FCCF4FEA65047196F,SRC-F05B2AB7497B172B620A,1990,Secretary of State,Pike,Bill Joe Camp,WILLIAM JOE CAMP,D,4978.0,Gen.90
HSR-4EB1BB2D3FD46DD24130,SRC-F05B2AB7497B172B620A,1990,Secretary of State,Pike,Perry Hand,PERRY HAND,R,3450.0,Gen.90
HSR-B80BD364416CBFEF27EE,SRC-F05B2AB7497B172B620A,1990,Secretary of State,Randolph,Bill Joe Camp,WILLIAM JOE CAMP,D,3272.0,Gen.90
HSR-9210812A888A2EA1FA61,SRC-F05B2AB7497B172B620A,1990,Secretary of State,Randolph,Perry Hand,PERRY HAND,R,1630.0,Gen.90
HSR-168D040D56897D6F0733,SRC-F05B2AB7497B172B620A,1990,Secretary of State,Russell,Bill Joe Camp,WILLIAM JOE CAMP,D,5524.0,Gen.90
HSR-EE46678236CB90AD9D07,SRC-F05B2AB7497B172B620A,1990,Secretary of State,Russell,Perry Hand,PERRY HAND,R,1852.0,Gen.90
HSR-3EDA7946EAD54FC93292,SRC-F05B2AB7497B172B620A,1990,Secretary of State,Shelby,Bill Joe Camp,WILLIAM JOE CAMP,D,6645.0,Gen.90
HSR-6D5AC6F58E8103E42A77,SRC-F05B2AB7497B172B620A,1990,Secretary of State,Shelby,Perry Hand,PERRY HAND,R,19415.0,Gen.90
HSR-CAD156B0E7FC241E5D35,SRC-F05B2AB7497B172B620A,1990,Secretary of State,St. Clair,Bill Joe Camp,WILLIAM JOE CAMP,D,8712.0,Gen.90
HSR-52F85066BD595312AABB,SRC-F05B2AB7497B172B620A,1990,Secretary of State,St. Clair,Perry Hand,PERRY HAND,R,6882.0,Gen.90
HSR-096D747069B7C1DBDFBF,SRC-F05B2AB7497B172B620A,1990,Secretary of State,Sumter,Bill Joe Camp,WILLIAM JOE CAMP,D,4122.0,Gen.90
HSR-0171ADF39A55927D1572,SRC-F05B2AB7497B172B620A,1990,Secretary of State,Sumter,Perry Hand,PERRY HAND,R,1090.0,Gen.90
HSR-4E62628A3B02A4D8CF2F,SRC-F05B2AB7497B172B620A,1990,Secretary of State,Talladega,Bill Joe Camp,WILLIAM JOE CAMP,D,9506.0,Gen.90
HSR-A55DAE197AF6C7F89A59,SRC-F05B2AB7497B172B620A,1990,Secretary of State,Talladega,Perry Hand,PERRY HAND,R,7538.0,Gen.90
HSR-72D6A18A7B42053FECE8,SRC-F05B2AB7497B172B620A,1990,Secretary of State,Tallapoosa,Bill Joe Camp,WILLIAM JOE CAMP,D,7225.0,Gen.90
HSR-2E88A8E90EA778884238,SRC-F05B2AB7497B172B620A,1990,Secretary of State,Tallapoosa,Perry Hand,PERRY HAND,R,4682.0,Gen.90
HSR-CFFBA65593810D624C91,SRC-F05B2AB7497B172B620A,1990,Secretary of State,Tuscaloosa,Bill Joe Camp,WILLIAM JOE CAMP,D,20309.0,Gen.90
HSR-8290539332D2BAF25493,SRC-F05B2AB7497B172B620A,1990,Secretary of State,Tuscaloosa,Perry Hand,PERRY HAND,R,16238.0,Gen.90
HSR-E81682C913F130A7E40C,SRC-F05B2AB7497B172B620A,1990,Secretary of State,Walker,Bill Joe Camp,WILLIAM JOE CAMP,D,12858.0,Gen.90
HSR-3F8D1247DCDE037BDEB9,SRC-F05B2AB7497B172B620A,1990,Secretary of State,Walker,Perry Hand,PERRY HAND,R,6085.0,Gen.90
HSR-5BFB57976931FA10E211,SRC-F05B2AB7497B172B620A,1990,Secretary of State,Washington,Bill Joe Camp,WILLIAM JOE CAMP,D,3773.0,Gen.90
HSR-114FBE157EB065F401A9,SRC-F05B2AB7497B172B620A,1990,Secretary of State,Washington,Perry Hand,PERRY HAND,R,1888.0,Gen.90
HSR-E414EBE4DD8FACF74B3A,SRC-F05B2AB7497B172B620A,1990,Secretary of State,Wilcox,Bill Joe Camp,WILLIAM JOE CAMP,D,3505.0,Gen.90
HSR-2F6A06907CF7BEC64754,SRC-F05B2AB7497B172B620A,1990,Secretary of State,Wilcox,Perry Hand,PERRY HAND,R,1232.0,Gen.90
HSR-F214ACD60BB35CB3641B,SRC-F05B2AB7497B172B620A,1990,Secretary of State,Winston,Bill Joe Camp,WILLIAM JOE CAMP,D,4104.0,Gen.90
HSR-B64BF6522296E2C55FB6,SRC-F05B2AB7497B172B620A,1990,Secretary of State,Winston,Perry Hand,PERRY HAND,R,4326.0,Gen.90
HSR-A1C8C11BA21A03B41655,SRC-77A88DC4B376E0E95184,1990,State Treasurer,Autauga,"George Wallace, Jr.",GEORGE WALLACE,D,6956.0,Gen.90
HSR-F6BB7A1DDE9DDA0D651A,SRC-77A88DC4B376E0E95184,1990,State Treasurer,Baldwin,"George Wallace, Jr.",GEORGE WALLACE,D,13339.0,Gen.90
HSR-0F4994708D241316BA39,SRC-77A88DC4B376E0E95184,1990,State Treasurer,Barbour,"George Wallace, Jr.",GEORGE WALLACE,D,5315.0,Gen.90
HSR-767E79980BF71846E0FB,SRC-77A88DC4B376E0E95184,1990,State Treasurer,Bibb,"George Wallace, Jr.",GEORGE WALLACE,D,4191.0,Gen.90
HSR-3F331DA99F821EA6F6F3,SRC-77A88DC4B376E0E95184,1990,State Treasurer,Blount,"George Wallace, Jr.",GEORGE WALLACE,D,6728.0,Gen.90
HSR-4A4BD9E956F2193264FA,SRC-77A88DC4B376E0E95184,1990,State Treasurer,Bullock,"George Wallace, Jr.",GEORGE WALLACE,D,3210.0,Gen.90
HSR-626A23B982A8565420E4,SRC-77A88DC4B376E0E95184,1990,State Treasurer,Butler,"George Wallace, Jr.",GEORGE WALLACE,D,5042.0,Gen.90
HSR-CA8A9C2E78DABADBFCB5,SRC-77A88DC4B376E0E95184,1990,State Treasurer,Calhoun,"George Wallace, Jr.",GEORGE WALLACE,D,16611.0,Gen.90
HSR-479A70225DF2FD62C469,SRC-77A88DC4B376E0E95184,1990,State Treasurer,Chambers,"George Wallace, Jr.",GEORGE WALLACE,D,5714.0,Gen.90
HSR-BB1292E02E4F1AE56890,SRC-77A88DC4B376E0E95184,1990,State Treasurer,Cherokee,"George Wallace, Jr.",GEORGE WALLACE,D,3746.0,Gen.90
HSR-ACAEBC3BFFDC5EEF38EE,SRC-77A88DC4B376E0E95184,1990,State Treasurer,Chilton,"George Wallace, Jr.",GEORGE WALLACE,D,8810.0,Gen.90
HSR-DC7F750C3996484A6C25,SRC-77A88DC4B376E0E95184,1990,State Treasurer,Choctaw,"George Wallace, Jr.",GEORGE WALLACE,D,4050.0,Gen.90
HSR-AA83C5EB8164EE3617C7,SRC-77A88DC4B376E0E95184,1990,State Treasurer,Clarke,"George Wallace, Jr.",GEORGE WALLACE,D,5354.0,Gen.90
HSR-9A40E5C0AC0B812CB1DB,SRC-77A88DC4B376E0E95184,1990,State Treasurer,Clay,"George Wallace, Jr.",GEORGE WALLACE,D,2498.0,Gen.90
HSR-F71A954F5CE9CCBF6A0C,SRC-77A88DC4B376E0E95184,1990,State Treasurer,Cleburne,"George Wallace, Jr.",GEORGE WALLACE,D,2029.0,Gen.90
HSR-9453681071E6D846EA7E,SRC-77A88DC4B376E0E95184,1990,State Treasurer,Coffee,"George Wallace, Jr.",GEORGE WALLACE,D,6763.0,Gen.90
HSR-EE54C122AB0C4A2B760F,SRC-77A88DC4B376E0E95184,1990,State Treasurer,Colbert,"George Wallace, Jr.",GEORGE WALLACE,D,10423.0,Gen.90
HSR-10061D45FAABFEB99CBF,SRC-77A88DC4B376E0E95184,1990,State Treasurer,Conecuh,"George Wallace, Jr.",GEORGE WALLACE,D,3082.0,Gen.90
HSR-43006E37C561DC24F372,SRC-77A88DC4B376E0E95184,1990,State Treasurer,Coosa,"George Wallace, Jr.",GEORGE WALLACE,D,2950.0,Gen.90
HSR-445643B358849CC5A1C6,SRC-77A88DC4B376E0E95184,1990,State Treasurer,Covington,"George Wallace, Jr.",GEORGE WALLACE,D,6589.0,Gen.90
HSR-893013A23309A34C29A9,SRC-77A88DC4B376E0E95184,1990,State Treasurer,Crenshaw,"George Wallace, Jr.",GEORGE WALLACE,D,2834.0,Gen.90
HSR-1756101A5BED09FD1192,SRC-77A88DC4B376E0E95184,1990,State Treasurer,Cullman,"George Wallace, Jr.",GEORGE WALLACE,D,12665.0,Gen.90
HSR-F7BED25D89A3671EBF1A,SRC-77A88DC4B376E0E95184,1990,State Treasurer,Dale,"George Wallace, Jr.",GEORGE WALLACE,D,6101.0,Gen.90
HSR-C5C8C4A74696457F8F76,SRC-77A88DC4B376E0E95184,1990,State Treasurer,Dallas,"George Wallace, Jr.",GEORGE WALLACE,D,11264.0,Gen.90
HSR-3412AEB1D4B3BAD3CC3F,SRC-77A88DC4B376E0E95184,1990,State Treasurer,Dekalb,"George Wallace, Jr.",GEORGE WALLACE,D,10712.0,Gen.90
HSR-CC73A7B23DFE4CFA59C4,SRC-77A88DC4B376E0E95184,1990,State Treasurer,Elmore,"George Wallace, Jr.",GEORGE WALLACE,D,8866.0,Gen.90
HSR-697F0E09F53E26BE7311,SRC-77A88DC4B376E0E95184,1990,State Treasurer,Escambia,"George Wallace, Jr.",GEORGE WALLACE,D,4715.0,Gen.90
HSR-D717AD75960B60BEFAC4,SRC-77A88DC4B376E0E95184,1990,State Treasurer,Etowah,"George Wallace, Jr.",GEORGE WALLACE,D,22996.0,Gen.90
HSR-6D1E1C1FEC3C16D23FEB,SRC-77A88DC4B376E0E95184,1990,State Treasurer,Fayette,"George Wallace, Jr.",GEORGE WALLACE,D,5556.0,Gen.90
HSR-4981248AEAE38C10ADA4,SRC-77A88DC4B376E0E95184,1990,State Treasurer,Franklin,"George Wallace, Jr.",GEORGE WALLACE,D,6140.0,Gen.90
HSR-8A2D18E714A526953BED,SRC-77A88DC4B376E0E95184,1990,State Treasurer,Geneva,"George Wallace, Jr.",GEORGE WALLACE,D,4531.0,Gen.90
HSR-27D2438EC58AAD0DED44,SRC-77A88DC4B376E0E95184,1990,State Treasurer,Greene,"George Wallace, Jr.",GEORGE WALLACE,D,3295.0,Gen.90
HSR-42ED8BF6C99A90578439,SRC-77A88DC4B376E0E95184,1990,State Treasurer,Hale,"George Wallace, Jr.",GEORGE WALLACE,D,3766.0,Gen.90
HSR-70D5E63644C00CB5BC5D,SRC-77A88DC4B376E0E95184,1990,State Treasurer,Henry,"George Wallace, Jr.",GEORGE WALLACE,D,3391.0,Gen.90
HSR-A3F67DB0F78E27B92B9D,SRC-77A88DC4B376E0E95184,1990,State Treasurer,Houston,"George Wallace, Jr.",GEORGE WALLACE,D,14917.0,Gen.90
HSR-1F19AF86BA90A954E1F0,SRC-77A88DC4B376E0E95184,1990,State Treasurer,Jackson,"George Wallace, Jr.",GEORGE WALLACE,D,6594.0,Gen.90
HSR-53C6A336CA98BEEB7238,SRC-77A88DC4B376E0E95184,1990,State Treasurer,Jefferson,"George Wallace, Jr.",GEORGE WALLACE,D,140821.0,Gen.90
HSR-2EE822CA1A5617C95CEF,SRC-77A88DC4B376E0E95184,1990,State Treasurer,Lamar,"George Wallace, Jr.",GEORGE WALLACE,D,3394.0,Gen.90
HSR-8125F04D6DD188374455,SRC-77A88DC4B376E0E95184,1990,State Treasurer,Lauderdale,"George Wallace, Jr.",GEORGE WALLACE,D,13996.0,Gen.90
HSR-254F79E057666260734E,SRC-77A88DC4B376E0E95184,1990,State Treasurer,Lawrence,"George Wallace, Jr.",GEORGE WALLACE,D,5210.0,Gen.90
HSR-BB5D8F0BED211AC55278,SRC-77A88DC4B376E0E95184,1990,State Treasurer,Lee,"George Wallace, Jr.",GEORGE WALLACE,D,10927.0,Gen.90
HSR-58CB40EB86EB5D7A7562,SRC-77A88DC4B376E0E95184,1990,State Treasurer,Limestone,"George Wallace, Jr.",GEORGE WALLACE,D,9780.0,Gen.90
HSR-2D1CD673D9C1D9A483A1,SRC-77A88DC4B376E0E95184,1990,State Treasurer,Lowndes,"George Wallace, Jr.",GEORGE WALLACE,D,3073.0,Gen.90
HSR-721CBA8690CF11E574B3,SRC-77A88DC4B376E0E95184,1990,State Treasurer,Macon,"George Wallace, Jr.",GEORGE WALLACE,D,5620.0,Gen.90
HSR-B96A6FA3981BDCA9415A,SRC-77A88DC4B376E0E95184,1990,State Treasurer,Madison,"George Wallace, Jr.",GEORGE WALLACE,D,45415.0,Gen.90
HSR-71BDB12611180C763657,SRC-77A88DC4B376E0E95184,1990,State Treasurer,Marengo,"George Wallace, Jr.",GEORGE WALLACE,D,5383.0,Gen.90
HSR-0A141E349D6227FF0EE3,SRC-77A88DC4B376E0E95184,1990,State Treasurer,Marion,"George Wallace, Jr.",GEORGE WALLACE,D,7904.0,Gen.90
HSR-1950B00A4B84EF63D91E,SRC-77A88DC4B376E0E95184,1990,State Treasurer,Marshall,"George Wallace, Jr.",GEORGE WALLACE,D,9342.0,Gen.90
HSR-20F07F69265D8076CE95,SRC-77A88DC4B376E0E95184,1990,State Treasurer,Mobile,"George Wallace, Jr.",GEORGE WALLACE,D,56843.0,Gen.90
HSR-E8D246B4FF3314EF1A17,SRC-77A88DC4B376E0E95184,1990,State Treasurer,Monroe,"George Wallace, Jr.",GEORGE WALLACE,D,3812.0,Gen.90
HSR-74507558B2C6A1CA50BC,SRC-77A88DC4B376E0E95184,1990,State Treasurer,Montgomery,"George Wallace, Jr.",GEORGE WALLACE,D,46588.0,Gen.90
HSR-8D93307B1C31996C1153,SRC-77A88DC4B376E0E95184,1990,State Treasurer,Morgan,"George Wallace, Jr.",GEORGE WALLACE,D,19767.0,Gen.90
HSR-A15EC90CB9C292B00468,SRC-77A88DC4B376E0E95184,1990,State Treasurer,Perry,"George Wallace, Jr.",GEORGE WALLACE,D,3614.0,Gen.90
HSR-5DA9F1667914407DC903,SRC-77A88DC4B376E0E95184,1990,State Treasurer,Pickens,"George Wallace, Jr.",GEORGE WALLACE,D,4672.0,Gen.90
HSR-EA7057B58B4C999FBA64,SRC-77A88DC4B376E0E95184,1990,State Treasurer,Pike,"George Wallace, Jr.",GEORGE WALLACE,D,5911.0,Gen.90
HSR-6C98842203D05DC00077,SRC-77A88DC4B376E0E95184,1990,State Treasurer,Randolph,"George Wallace, Jr.",GEORGE WALLACE,D,3431.0,Gen.90
HSR-7EC763C625935C00F54F,SRC-77A88DC4B376E0E95184,1990,State Treasurer,Russell,"George Wallace, Jr.",GEORGE WALLACE,D,6031.0,Gen.90
HSR-6FC3C073417F49E7F7FE,SRC-77A88DC4B376E0E95184,1990,State Treasurer,Shelby,"George Wallace, Jr.",GEORGE WALLACE,D,16496.0,Gen.90
HSR-1BB5AB55DD2187BBDBAB,SRC-77A88DC4B376E0E95184,1990,State Treasurer,St. Clair,"George Wallace, Jr.",GEORGE WALLACE,D,9839.0,Gen.90
HSR-41FAF76E2C45C7772DE7,SRC-77A88DC4B376E0E95184,1990,State Treasurer,Sumter,"George Wallace, Jr.",GEORGE WALLACE,D,4597.0,Gen.90
HSR-74629F38707D65800C8D,SRC-77A88DC4B376E0E95184,1990,State Treasurer,Talladega,"George Wallace, Jr.",GEORGE WALLACE,D,11672.0,Gen.90
HSR-E84EFF259AB3300856C2,SRC-77A88DC4B376E0E95184,1990,State Treasurer,Tallapoosa,"George Wallace, Jr.",GEORGE WALLACE,D,8205.0,Gen.90
HSR-C851DC2722D8F4BFF75E,SRC-77A88DC4B376E0E95184,1990,State Treasurer,Tuscaloosa,"George Wallace, Jr.",GEORGE WALLACE,D,28013.0,Gen.90
HSR-3B6E2513B79708805CFB,SRC-77A88DC4B376E0E95184,1990,State Treasurer,Walker,"George Wallace, Jr.",GEORGE WALLACE,D,14525.0,Gen.90
HSR-BF951D34DF46BD285BB4,SRC-77A88DC4B376E0E95184,1990,State Treasurer,Washington,"George Wallace, Jr.",GEORGE WALLACE,D,4896.0,Gen.90
HSR-DC0045DD40EF49F1F86B,SRC-77A88DC4B376E0E95184,1990,State Treasurer,Wilcox,"George Wallace, Jr.",GEORGE WALLACE,D,3807.0,Gen.90
HSR-DB8C71174D3931DE0E08,SRC-77A88DC4B376E0E95184,1990,State Treasurer,Winston,"George Wallace, Jr.",GEORGE WALLACE,D,5180.0,Gen.90
HSR-962F73526E4CFC384734,SRC-3CD2E67F28A559AC21FF,1990,Commissioner of Agriculture and Industries,Autauga,A.W. Todd,AW TODD,D,4956.0,Gen.90
HSR-373E3FE66CC989AA8578,SRC-3CD2E67F28A559AC21FF,1990,Commissioner of Agriculture and Industries,Autauga,Stan McDonald,STAN MCDONALD,R,5179.0,Gen.90
HSR-CFF680A9F682D7479030,SRC-3CD2E67F28A559AC21FF,1990,Commissioner of Agriculture and Industries,Baldwin,A.W. Todd,AW TODD,D,10704.0,Gen.90
HSR-622BFFBE5D415F6FDE5A,SRC-3CD2E67F28A559AC21FF,1990,Commissioner of Agriculture and Industries,Baldwin,Stan McDonald,STAN MCDONALD,R,15429.0,Gen.90
HSR-2BA9B2DD946A67A88647,SRC-3CD2E67F28A559AC21FF,1990,Commissioner of Agriculture and Industries,Barbour,A.W. Todd,AW TODD,D,4445.0,Gen.90
HSR-C45315C616CCABFE5082,SRC-3CD2E67F28A559AC21FF,1990,Commissioner of Agriculture and Industries,Barbour,Stan McDonald,STAN MCDONALD,R,2198.0,Gen.90
HSR-54DE38D43A33CDE6D024,SRC-3CD2E67F28A559AC21FF,1990,Commissioner of Agriculture and Industries,Bibb,A.W. Todd,AW TODD,D,3599.0,Gen.90
HSR-6D1E6C8DAEC98776633E,SRC-3CD2E67F28A559AC21FF,1990,Commissioner of Agriculture and Industries,Bibb,Stan McDonald,STAN MCDONALD,R,1853.0,Gen.90
HSR-C6BD7D7EE6AC2159F531,SRC-3CD2E67F28A559AC21FF,1990,Commissioner of Agriculture and Industries,Blount,A.W. Todd,AW TODD,D,5753.0,Gen.90
HSR-A6592A1D02A706F9FB26,SRC-3CD2E67F28A559AC21FF,1990,Commissioner of Agriculture and Industries,Blount,Stan McDonald,STAN MCDONALD,R,5469.0,Gen.90
HSR-4E32127C5F81563EF631,SRC-3CD2E67F28A559AC21FF,1990,Commissioner of Agriculture and Industries,Bullock,A.W. Todd,AW TODD,D,2842.0,Gen.90
HSR-768F3193FE1A36374493,SRC-3CD2E67F28A559AC21FF,1990,Commissioner of Agriculture and Industries,Bullock,Stan McDonald,STAN MCDONALD,R,948.0,Gen.90
HSR-41D420E0A913882DDDB3,SRC-3CD2E67F28A559AC21FF,1990,Commissioner of Agriculture and Industries,Butler,A.W. Todd,AW TODD,D,4063.0,Gen.90
HSR-045EA7FC7D2DBB81F3C0,SRC-3CD2E67F28A559AC21FF,1990,Commissioner of Agriculture and Industries,Butler,Stan McDonald,STAN MCDONALD,R,2460.0,Gen.90
HSR-902FE91C4465A17F80B4,SRC-3CD2E67F28A559AC21FF,1990,Commissioner of Agriculture and Industries,Calhoun,A.W. Todd,AW TODD,D,13470.0,Gen.90
HSR-D84E21A86E304DF8A6FD,SRC-3CD2E67F28A559AC21FF,1990,Commissioner of Agriculture and Industries,Calhoun,Stan McDonald,STAN MCDONALD,R,10779.0,Gen.90
HSR-FE3A914986F7C2025A80,SRC-3CD2E67F28A559AC21FF,1990,Commissioner of Agriculture and Industries,Chambers,A.W. Todd,AW TODD,D,4727.0,Gen.90
HSR-FC4969D469B136DA90CC,SRC-3CD2E67F28A559AC21FF,1990,Commissioner of Agriculture and Industries,Chambers,Stan McDonald,STAN MCDONALD,R,2787.0,Gen.90
HSR-F450138DCF0D94D2D98A,SRC-3CD2E67F28A559AC21FF,1990,Commissioner of Agriculture and Industries,Cherokee,A.W. Todd,AW TODD,D,3191.0,Gen.90
HSR-7647BAAE5DF5D3D85761,SRC-3CD2E67F28A559AC21FF,1990,Commissioner of Agriculture and Industries,Cherokee,Stan McDonald,STAN MCDONALD,R,1444.0,Gen.90
HSR-F41EC5EA77575E0FC6D3,SRC-3CD2E67F28A559AC21FF,1990,Commissioner of Agriculture and Industries,Chilton,A.W. Todd,AW TODD,D,6649.0,Gen.90
HSR-8336E7236E491117C168,SRC-3CD2E67F28A559AC21FF,1990,Commissioner of Agriculture and Industries,Chilton,Stan McDonald,STAN MCDONALD,R,4970.0,Gen.90
HSR-F306AC253B4BCC95CB12,SRC-3CD2E67F28A559AC21FF,1990,Commissioner of Agriculture and Industries,Choctaw,A.W. Todd,AW TODD,D,3761.0,Gen.90
HSR-B057EBCB6E2952F4542A,SRC-3CD2E67F28A559AC21FF,1990,Commissioner of Agriculture and Industries,Choctaw,Stan McDonald,STAN MCDONALD,R,1222.0,Gen.90
HSR-4DC859B51E4CCA6E70DF,SRC-3CD2E67F28A559AC21FF,1990,Commissioner of Agriculture and Industries,Clarke,A.W. Todd,AW TODD,D,4806.0,Gen.90
HSR-07AADD9DEF8E2FB76252,SRC-3CD2E67F28A559AC21FF,1990,Commissioner of Agriculture and Industries,Clarke,Stan McDonald,STAN MCDONALD,R,3009.0,Gen.90
HSR-C7C59CC2C250619F6C4A,SRC-3CD2E67F28A559AC21FF,1990,Commissioner of Agriculture and Industries,Clay,A.W. Todd,AW TODD,D,2284.0,Gen.90
HSR-27903CC005B67364A69F,SRC-3CD2E67F28A559AC21FF,1990,Commissioner of Agriculture and Industries,Clay,Stan McDonald,STAN MCDONALD,R,1212.0,Gen.90
HSR-3CD0902E0D8C16EA90EA,SRC-3CD2E67F28A559AC21FF,1990,Commissioner of Agriculture and Industries,Cleburne,A.W. Todd,AW TODD,D,1903.0,Gen.90
HSR-3C1812FAE921E23AE48B,SRC-3CD2E67F28A559AC21FF,1990,Commissioner of Agriculture and Industries,Cleburne,Stan McDonald,STAN MCDONALD,R,1063.0,Gen.90
HSR-0D4C52DB0C6F33958CA7,SRC-3CD2E67F28A559AC21FF,1990,Commissioner of Agriculture and Industries,Coffee,A.W. Todd,AW TODD,D,5712.0,Gen.90
HSR-32AE629D6AA02135E50A,SRC-3CD2E67F28A559AC21FF,1990,Commissioner of Agriculture and Industries,Coffee,Stan McDonald,STAN MCDONALD,R,4129.0,Gen.90
HSR-88106B1C0424DE32944D,SRC-3CD2E67F28A559AC21FF,1990,Commissioner of Agriculture and Industries,Colbert,A.W. Todd,AW TODD,D,9715.0,Gen.90
HSR-A3208BA001D8210FE605,SRC-3CD2E67F28A559AC21FF,1990,Commissioner of Agriculture and Industries,Colbert,Stan McDonald,STAN MCDONALD,R,4450.0,Gen.90
HSR-B7D74F9C770A927FB0D5,SRC-3CD2E67F28A559AC21FF,1990,Commissioner of Agriculture and Industries,Conecuh,A.W. Todd,AW TODD,D,3023.0,Gen.90
HSR-72D2DB258E7D7D006637,SRC-3CD2E67F28A559AC21FF,1990,Commissioner of Agriculture and Industries,Conecuh,Stan McDonald,STAN MCDONALD,R,1540.0,Gen.90
HSR-0E2D6DF622E475E5ADE8,SRC-3CD2E67F28A559AC21FF,1990,Commissioner of Agriculture and Industries,Coosa,A.W. Todd,AW TODD,D,2427.0,Gen.90
HSR-11B86F1098B6A418C149,SRC-3CD2E67F28A559AC21FF,1990,Commissioner of Agriculture and Industries,Coosa,Stan McDonald,STAN MCDONALD,R,1212.0,Gen.90
HSR-7FE00B3717D0AA0BEEB5,SRC-3CD2E67F28A559AC21FF,1990,Commissioner of Agriculture and Industries,Covington,A.W. Todd,AW TODD,D,4811.0,Gen.90
HSR-6642138B4B621BF3C1FB,SRC-3CD2E67F28A559AC21FF,1990,Commissioner of Agriculture and Industries,Covington,Stan McDonald,STAN MCDONALD,R,4488.0,Gen.90
HSR-246EC37A0738380F7933,SRC-3CD2E67F28A559AC21FF,1990,Commissioner of Agriculture and Industries,Crenshaw,A.W. Todd,AW TODD,D,2259.0,Gen.90
HSR-F6971D315DA1438687B3,SRC-3CD2E67F28A559AC21FF,1990,Commissioner of Agriculture and Industries,Crenshaw,Stan McDonald,STAN MCDONALD,R,1624.0,Gen.90
HSR-BF4F93B39FADAA952D09,SRC-3CD2E67F28A559AC21FF,1990,Commissioner of Agriculture and Industries,Cullman,A.W. Todd,AW TODD,D,10994.0,Gen.90
HSR-7B5B8567623414B049E2,SRC-3CD2E67F28A559AC21FF,1990,Commissioner of Agriculture and Industries,Cullman,Stan McDonald,STAN MCDONALD,R,9408.0,Gen.90
HSR-3F2599399A281181C47C,SRC-3CD2E67F28A559AC21FF,1990,Commissioner of Agriculture and Industries,Dale,A.W. Todd,AW TODD,D,4876.0,Gen.90
HSR-280ACC398A95C5218CD4,SRC-3CD2E67F28A559AC21FF,1990,Commissioner of Agriculture and Industries,Dale,Stan McDonald,STAN MCDONALD,R,4302.0,Gen.90
HSR-7BAF5DB4A012C964C8E1,SRC-3CD2E67F28A559AC21FF,1990,Commissioner of Agriculture and Industries,Dallas,A.W. Todd,AW TODD,D,9066.0,Gen.90
HSR-03DE69A86B290E339F7A,SRC-3CD2E67F28A559AC21FF,1990,Commissioner of Agriculture and Industries,Dallas,Stan McDonald,STAN MCDONALD,R,5147.0,Gen.90
HSR-1BA9B58D1680B6A1725A,SRC-3CD2E67F28A559AC21FF,1990,Commissioner of Agriculture and Industries,Dekalb,A.W. Todd,AW TODD,D,8635.0,Gen.90
HSR-D51C34BCDF37A1795EF6,SRC-3CD2E67F28A559AC21FF,1990,Commissioner of Agriculture and Industries,Dekalb,Stan McDonald,STAN MCDONALD,R,6966.0,Gen.90
HSR-8FD5CF325321BBBED982,SRC-3CD2E67F28A559AC21FF,1990,Commissioner of Agriculture and Industries,Elmore,A.W. Todd,AW TODD,D,5999.0,Gen.90
HSR-7CA250289052CD28DF29,SRC-3CD2E67F28A559AC21FF,1990,Commissioner of Agriculture and Industries,Elmore,Stan McDonald,STAN MCDONALD,R,7856.0,Gen.90
HSR-3F9549C42E70C3D962F1,SRC-3CD2E67F28A559AC21FF,1990,Commissioner of Agriculture and Industries,Escambia,A.W. Todd,AW TODD,D,3851.0,Gen.90
HSR-81799D65DFFE1C490115,SRC-3CD2E67F28A559AC21FF,1990,Commissioner of Agriculture and Industries,Escambia,Stan McDonald,STAN MCDONALD,R,2910.0,Gen.90
HSR-938461376C3CE5122303,SRC-3CD2E67F28A559AC21FF,1990,Commissioner of Agriculture and Industries,Etowah,A.W. Todd,AW TODD,D,18573.0,Gen.90
HSR-A8D04BA5DF91BEA71633,SRC-3CD2E67F28A559AC21FF,1990,Commissioner of Agriculture and Industries,Etowah,Stan McDonald,STAN MCDONALD,R,10942.0,Gen.90
HSR-E6E7EA79B6D470A96129,SRC-3CD2E67F28A559AC21FF,1990,Commissioner of Agriculture and Industries,Fayette,A.W. Todd,AW TODD,D,4654.0,Gen.90
HSR-6BCAB959E37C356E2A40,SRC-3CD2E67F28A559AC21FF,1990,Commissioner of Agriculture and Industries,Fayette,Stan McDonald,STAN MCDONALD,R,2145.0,Gen.90
HSR-409830162E77ADA74F51,SRC-3CD2E67F28A559AC21FF,1990,Commissioner of Agriculture and Industries,Franklin,A.W. Todd,AW TODD,D,5776.0,Gen.90
HSR-8F0778EEBEB38B6F7E5C,SRC-3CD2E67F28A559AC21FF,1990,Commissioner of Agriculture and Industries,Franklin,Stan McDonald,STAN MCDONALD,R,2577.0,Gen.90
HSR-6EE8381B1755162BCDD4,SRC-3CD2E67F28A559AC21FF,1990,Commissioner of Agriculture and Industries,Geneva,A.W. Todd,AW TODD,D,3879.0,Gen.90
HSR-25EE203AAF921876DCA1,SRC-3CD2E67F28A559AC21FF,1990,Commissioner of Agriculture and Industries,Geneva,Stan McDonald,STAN MCDONALD,R,2630.0,Gen.90
HSR-98150C1023857BDDCB29,SRC-3CD2E67F28A559AC21FF,1990,Commissioner of Agriculture and Industries,Greene,A.W. Todd,AW TODD,D,3160.0,Gen.90
HSR-742E318DFBE3B48321D5,SRC-3CD2E67F28A559AC21FF,1990,Commissioner of Agriculture and Industries,Greene,Stan McDonald,STAN MCDONALD,R,582.0,Gen.90
HSR-16C890923B261AE57DA0,SRC-3CD2E67F28A559AC21FF,1990,Commissioner of Agriculture and Industries,Hale,A.W. Todd,AW TODD,D,3420.0,Gen.90
HSR-81264ACE52F9BA8B43A0,SRC-3CD2E67F28A559AC21FF,1990,Commissioner of Agriculture and Industries,Hale,Stan McDonald,STAN MCDONALD,R,1495.0,Gen.90
HSR-88E08938095658BEE291,SRC-3CD2E67F28A559AC21FF,1990,Commissioner of Agriculture and Industries,Henry,A.W. Todd,AW TODD,D,2833.0,Gen.90
HSR-E2336B4AFB2C32F155FB,SRC-3CD2E67F28A559AC21FF,1990,Commissioner of Agriculture and Industries,Henry,Stan McDonald,STAN MCDONALD,R,1422.0,Gen.90
HSR-052C5BBCFBE6192E300D,SRC-3CD2E67F28A559AC21FF,1990,Commissioner of Agriculture and Industries,Houston,A.W. Todd,AW TODD,D,10415.0,Gen.90
HSR-517407D080E78CB3BFA0,SRC-3CD2E67F28A559AC21FF,1990,Commissioner of Agriculture and Industries,Houston,Stan McDonald,STAN MCDONALD,R,9754.0,Gen.90
HSR-4D9F485EBB5D313E46AC,SRC-3CD2E67F28A559AC21FF,1990,Commissioner of Agriculture and Industries,Jackson,A.W. Todd,AW TODD,D,5917.0,Gen.90
HSR-6C806BEFDDF5BF97B4D3,SRC-3CD2E67F28A559AC21FF,1990,Commissioner of Agriculture and Industries,Jackson,Stan McDonald,STAN MCDONALD,R,3124.0,Gen.90
HSR-A46C70F896976D4829D8,SRC-3CD2E67F28A559AC21FF,1990,Commissioner of Agriculture and Industries,Jefferson,A.W. Todd,AW TODD,D,106399.0,Gen.90
HSR-25F4C780E1F0FE4CA1BB,SRC-3CD2E67F28A559AC21FF,1990,Commissioner of Agriculture and Industries,Jefferson,Stan McDonald,STAN MCDONALD,R,92665.0,Gen.90
HSR-9ACDA2F576C5C5900671,SRC-3CD2E67F28A559AC21FF,1990,Commissioner of Agriculture and Industries,Lamar,A.W. Todd,AW TODD,D,3169.0,Gen.90
HSR-9262FE10075B3FCC6A5B,SRC-3CD2E67F28A559AC21FF,1990,Commissioner of Agriculture and Industries,Lamar,Stan McDonald,STAN MCDONALD,R,1301.0,Gen.90
HSR-5465A4EC5B39B0877859,SRC-3CD2E67F28A559AC21FF,1990,Commissioner of Agriculture and Industries,Lauderdale,A.W. Todd,AW TODD,D,12859.0,Gen.90
HSR-100F3B5C335A0A513603,SRC-3CD2E67F28A559AC21FF,1990,Commissioner of Agriculture and Industries,Lauderdale,Stan McDonald,STAN MCDONALD,R,6949.0,Gen.90
HSR-4BE1BDE7ED750ABEE0B6,SRC-3CD2E67F28A559AC21FF,1990,Commissioner of Agriculture and Industries,Lawrence,A.W. Todd,AW TODD,D,5234.0,Gen.90
HSR-D4E71122573407A38C47,SRC-3CD2E67F28A559AC21FF,1990,Commissioner of Agriculture and Industries,Lawrence,Stan McDonald,STAN MCDONALD,R,1892.0,Gen.90
HSR-D3535ABC1BA6560E5921,SRC-3CD2E67F28A559AC21FF,1990,Commissioner of Agriculture and Industries,Lee,A.W. Todd,AW TODD,D,8552.0,Gen.90
HSR-5127B8203DA7DAE34D4F,SRC-3CD2E67F28A559AC21FF,1990,Commissioner of Agriculture and Industries,Lee,Stan McDonald,STAN MCDONALD,R,8583.0,Gen.90
HSR-987D2FFAB2106D52BAAB,SRC-3CD2E67F28A559AC21FF,1990,Commissioner of Agriculture and Industries,Limestone,A.W. Todd,AW TODD,D,7398.0,Gen.90
HSR-32507CD9A5A59B3197F4,SRC-3CD2E67F28A559AC21FF,1990,Commissioner of Agriculture and Industries,Limestone,Stan McDonald,STAN MCDONALD,R,5787.0,Gen.90
HSR-CA15DABE85D25B2A5AB9,SRC-3CD2E67F28A559AC21FF,1990,Commissioner of Agriculture and Industries,Lowndes,A.W. Todd,AW TODD,D,2684.0,Gen.90
HSR-06EA49ADCF07A0347DD3,SRC-3CD2E67F28A559AC21FF,1990,Commissioner of Agriculture and Industries,Lowndes,Stan McDonald,STAN MCDONALD,R,1003.0,Gen.90
HSR-5B640EAC618A358706B0,SRC-3CD2E67F28A559AC21FF,1990,Commissioner of Agriculture and Industries,Macon,A.W. Todd,AW TODD,D,5018.0,Gen.90
HSR-224A79C293FA80AB03B4,SRC-3CD2E67F28A559AC21FF,1990,Commissioner of Agriculture and Industries,Macon,Stan McDonald,STAN MCDONALD,R,944.0,Gen.90
HSR-6DAD56AC82F6BCC74101,SRC-3CD2E67F28A559AC21FF,1990,Commissioner of Agriculture and Industries,Madison,A.W. Todd,AW TODD,D,30736.0,Gen.90
HSR-F82BB03B3CF9EF310B69,SRC-3CD2E67F28A559AC21FF,1990,Commissioner of Agriculture and Industries,Madison,Stan McDonald,STAN MCDONALD,R,37565.0,Gen.90
HSR-725971E66E7B7BBB2232,SRC-3CD2E67F28A559AC21FF,1990,Commissioner of Agriculture and Industries,Marengo,A.W. Todd,AW TODD,D,4865.0,Gen.90
HSR-5037037C28BFACE43BBE,SRC-3CD2E67F28A559AC21FF,1990,Commissioner of Agriculture and Industries,Marengo,Stan McDonald,STAN MCDONALD,R,2299.0,Gen.90
HSR-BBC38D1776C69742245E,SRC-3CD2E67F28A559AC21FF,1990,Commissioner of Agriculture and Industries,Marion,A.W. Todd,AW TODD,D,6899.0,Gen.90
HSR-E999C711C39C9442B89F,SRC-3CD2E67F28A559AC21FF,1990,Commissioner of Agriculture and Industries,Marion,Stan McDonald,STAN MCDONALD,R,2870.0,Gen.90
HSR-02E465FCB6A82AB054B4,SRC-3CD2E67F28A559AC21FF,1990,Commissioner of Agriculture and Industries,Marshall,A.W. Todd,AW TODD,D,8184.0,Gen.90
HSR-D278B912D7BC1A244C3C,SRC-3CD2E67F28A559AC21FF,1990,Commissioner of Agriculture and Industries,Marshall,Stan McDonald,STAN MCDONALD,R,7746.0,Gen.90
HSR-C74FDF04D670CC8D02DD,SRC-3CD2E67F28A559AC21FF,1990,Commissioner of Agriculture and Industries,Mobile,A.W. Todd,AW TODD,D,43124.0,Gen.90
HSR-90A6C722D8BBD453F7E2,SRC-3CD2E67F28A559AC21FF,1990,Commissioner of Agriculture and Industries,Mobile,Stan McDonald,STAN MCDONALD,R,40482.0,Gen.90
HSR-5786454F0D333891F167,SRC-3CD2E67F28A559AC21FF,1990,Commissioner of Agriculture and Industries,Monroe,A.W. Todd,AW TODD,D,3493.0,Gen.90
HSR-71CF02A40300490940F4,SRC-3CD2E67F28A559AC21FF,1990,Commissioner of Agriculture and Industries,Monroe,Stan McDonald,STAN MCDONALD,R,2767.0,Gen.90
HSR-D453E000208BDD2F6D02,SRC-3CD2E67F28A559AC21FF,1990,Commissioner of Agriculture and Industries,Montgomery,A.W. Todd,AW TODD,D,32339.0,Gen.90
HSR-2FECFD060B60A751E74E,SRC-3CD2E67F28A559AC21FF,1990,Commissioner of Agriculture and Industries,Montgomery,Stan McDonald,STAN MCDONALD,R,31001.0,Gen.90
HSR-026CDE0E8EECB4531046,SRC-3CD2E67F28A559AC21FF,1990,Commissioner of Agriculture and Industries,Morgan,A.W. Todd,AW TODD,D,14007.0,Gen.90
HSR-21038562FD7F762D0438,SRC-3CD2E67F28A559AC21FF,1990,Commissioner of Agriculture and Industries,Morgan,Stan McDonald,STAN MCDONALD,R,13561.0,Gen.90
HSR-62759328D6397A4C5D8A,SRC-3CD2E67F28A559AC21FF,1990,Commissioner of Agriculture and Industries,Perry,A.W. Todd,AW TODD,D,3393.0,Gen.90
HSR-AE79127BD41A05770951,SRC-3CD2E67F28A559AC21FF,1990,Commissioner of Agriculture and Industries,Perry,Stan McDonald,STAN MCDONALD,R,1252.0,Gen.90
HSR-7FAB8EDE80C3DF88ABAF,SRC-3CD2E67F28A559AC21FF,1990,Commissioner of Agriculture and Industries,Pickens,A.W. Todd,AW TODD,D,3768.0,Gen.90
HSR-2646EC1F46C8CE7D394C,SRC-3CD2E67F28A559AC21FF,1990,Commissioner of Agriculture and Industries,Pickens,Stan McDonald,STAN MCDONALD,R,1871.0,Gen.90
HSR-619D57E450958073A24C,SRC-3CD2E67F28A559AC21FF,1990,Commissioner of Agriculture and Industries,Pike,A.W. Todd,AW TODD,D,4936.0,Gen.90
HSR-CA706DFCAC066BAB4006,SRC-3CD2E67F28A559AC21FF,1990,Commissioner of Agriculture and Industries,Pike,Stan McDonald,STAN MCDONALD,R,3289.0,Gen.90
HSR-DE644C5A7265A6B076A3,SRC-3CD2E67F28A559AC21FF,1990,Commissioner of Agriculture and Industries,Randolph,A.W. Todd,AW TODD,D,2874.0,Gen.90
HSR-6BD248FE958339000AD7,SRC-3CD2E67F28A559AC21FF,1990,Commissioner of Agriculture and Industries,Randolph,Stan McDonald,STAN MCDONALD,R,1811.0,Gen.90
HSR-070F45B57D9B30009FAE,SRC-3CD2E67F28A559AC21FF,1990,Commissioner of Agriculture and Industries,Russell,A.W. Todd,AW TODD,D,5219.0,Gen.90
HSR-53435E321BEF8A61E233,SRC-3CD2E67F28A559AC21FF,1990,Commissioner of Agriculture and Industries,Russell,Stan McDonald,STAN MCDONALD,R,1988.0,Gen.90
HSR-45FCEFD751AA96F3FCFD,SRC-3CD2E67F28A559AC21FF,1990,Commissioner of Agriculture and Industries,Shelby,A.W. Todd,AW TODD,D,6751.0,Gen.90
HSR-4AEDD57329E92C7C0D79,SRC-3CD2E67F28A559AC21FF,1990,Commissioner of Agriculture and Industries,Shelby,Stan McDonald,STAN MCDONALD,R,18443.0,Gen.90
HSR-226C04CF4A4300E6A764,SRC-3CD2E67F28A559AC21FF,1990,Commissioner of Agriculture and Industries,St. Clair,A.W. Todd,AW TODD,D,9349.0,Gen.90
HSR-256F26E106EFF831B0DF,SRC-3CD2E67F28A559AC21FF,1990,Commissioner of Agriculture and Industries,St. Clair,Stan McDonald,STAN MCDONALD,R,6660.0,Gen.90
HSR-9C821EBC9207DD544BB9,SRC-3CD2E67F28A559AC21FF,1990,Commissioner of Agriculture and Industries,Sumter,A.W. Todd,AW TODD,D,4110.0,Gen.90
HSR-DA6076A3E9739E24A44F,SRC-3CD2E67F28A559AC21FF,1990,Commissioner of Agriculture and Industries,Sumter,Stan McDonald,STAN MCDONALD,R,1058.0,Gen.90
HSR-784C4628E107BD13DFD4,SRC-3CD2E67F28A559AC21FF,1990,Commissioner of Agriculture and Industries,Talladega,A.W. Todd,AW TODD,D,9238.0,Gen.90
HSR-57B7CC102572F20C2D14,SRC-3CD2E67F28A559AC21FF,1990,Commissioner of Agriculture and Industries,Talladega,Stan McDonald,STAN MCDONALD,R,7286.0,Gen.90
HSR-887EC3253366AE30D644,SRC-3CD2E67F28A559AC21FF,1990,Commissioner of Agriculture and Industries,Tallapoosa,A.W. Todd,AW TODD,D,6726.0,Gen.90
HSR-7369340ADE3E255A2803,SRC-3CD2E67F28A559AC21FF,1990,Commissioner of Agriculture and Industries,Tallapoosa,Stan McDonald,STAN MCDONALD,R,4795.0,Gen.90
HSR-FDC37F992D1CE6185A96,SRC-3CD2E67F28A559AC21FF,1990,Commissioner of Agriculture and Industries,Tuscaloosa,A.W. Todd,AW TODD,D,21851.0,Gen.90
HSR-6C0B7DA0036C23FEE79C,SRC-3CD2E67F28A559AC21FF,1990,Commissioner of Agriculture and Industries,Tuscaloosa,Stan McDonald,STAN MCDONALD,R,14469.0,Gen.90
HSR-B88D6757F86FA3CCC4FC,SRC-3CD2E67F28A559AC21FF,1990,Commissioner of Agriculture and Industries,Walker,A.W. Todd,AW TODD,D,13415.0,Gen.90
HSR-B720A8DD925B4931C9D6,SRC-3CD2E67F28A559AC21FF,1990,Commissioner of Agriculture and Industries,Walker,Stan McDonald,STAN MCDONALD,R,5704.0,Gen.90
HSR-88D183309DA9F37E5061,SRC-3CD2E67F28A559AC21FF,1990,Commissioner of Agriculture and Industries,Washington,A.W. Todd,AW TODD,D,3792.0,Gen.90
HSR-A324CE17756FD3D04C0B,SRC-3CD2E67F28A559AC21FF,1990,Commissioner of Agriculture and Industries,Washington,Stan McDonald,STAN MCDONALD,R,1734.0,Gen.90
HSR-A98D42A8A57410C6038E,SRC-3CD2E67F28A559AC21FF,1990,Commissioner of Agriculture and Industries,Wilcox,A.W. Todd,AW TODD,D,3451.0,Gen.90
HSR-452A669B2E371980F8DD,SRC-3CD2E67F28A559AC21FF,1990,Commissioner of Agriculture and Industries,Wilcox,Stan McDonald,STAN MCDONALD,R,1255.0,Gen.90
HSR-E4B99B31E6CBB2349B9A,SRC-3CD2E67F28A559AC21FF,1990,Commissioner of Agriculture and Industries,Winston,A.W. Todd,AW TODD,D,4060.0,Gen.90
HSR-944CCEB9230A6E65A3A5,SRC-3CD2E67F28A559AC21FF,1990,Commissioner of Agriculture and Industries,Winston,Stan McDonald,STAN MCDONALD,R,4478.0,Gen.90
