chamber,district,environment_baseline_margin,incumbency_balance,scenario,predicted_dem_margin,dem_win_probability,selected_model
house,2,-63.49062890537633,-1,headline,-63.49062890537633,5.3044204737408046e-05,baseline
house,4,-29.219723622884857,-1,headline,-29.219723622884857,0.0019144786138204765,baseline
house,5,-41.902324370500615,-1,headline,-41.902324370500615,0.00038068381153269867,baseline
house,8,-26.11246426375141,0,headline,-26.11246426375141,0.0030806841157774833,baseline
house,10,4.086021331415267,1,headline,4.086021331415267,0.745456425827846,baseline
house,15,-12.70290140191546,-1,headline,-12.70290140191546,0.03909156195471561,baseline
house,16,-73.64992533328218,-1,headline,-73.64992533328218,2.5810693977167756e-05,baseline
house,19,34.79746144883655,1,headline,34.79746144883655,0.9991117525584292,baseline
house,20,-19.793763940644155,-1,headline,-19.793763940644155,0.009193911313622278,baseline
house,21,-15.561935208509794,-1,headline,-15.561935208509794,0.02122852931183657,baseline
house,25,-1.0596962261872145,-1,headline,-1.0596962261872145,0.43051177459512513,baseline
house,28,-24.903459959047392,-1,headline,-24.903459959047392,0.003746013363956051,baseline
house,32,3.158354962154016,0,headline,3.158354962154016,0.6967781301794638,baseline
house,37,-43.14496715711068,0,headline,-43.14496715711068,0.0003324104478090643,baseline
house,38,-41.249322256764,-1,headline,-41.249322256764,0.00040936565267925566,baseline
house,40,-60.03455656406872,-1,headline,-60.03455656406872,6.947702750794713e-05,baseline
house,41,-43.86971945352963,-1,headline,-43.86971945352963,0.0003076085320455555,baseline
house,43,-38.35271371649463,-1,headline,-38.35271371649463,0.000571932340724035,baseline
house,45,-39.790495057162886,-1,headline,-39.790495057162886,0.00048322192417936627,baseline
house,47,-11.72279270162599,-1,headline,-11.72279270162599,0.048511795879937196,baseline
house,50,-57.46951227503262,0,headline,-57.46951227503262,8.569145424339163e-05,baseline
house,63,-12.7994009190402,-1,headline,-12.7994009190402,0.03827521303192118,baseline
house,68,1.87470732275784,1,headline,1.87470732275784,0.6211996964110382,baseline
house,69,10.027280860094296,1,headline,10.027280860094296,0.9291820472083059,baseline
house,70,41.10259210062137,1,headline,41.10259210062137,0.9995838418273728,baseline
house,74,31.41726124826928,0,headline,31.41726124826928,0.9986026474836309,baseline
house,75,-24.254849893243744,-1,headline,-24.254849893243744,0.004170968940878766,baseline
house,80,-31.74434886958659,-1,headline,-31.74434886958659,0.001335273066228484,baseline
house,82,33.5587923161323,0,headline,33.5587923161323,0.9989556708347083,baseline
house,85,-24.28153771213197,-1,headline,-24.28153771213197,0.004152419218956098,baseline
house,96,-41.48003399067956,0,headline,-41.48003399067956,0.00039894892672245945,baseline
house,99,30.270041575425907,1,headline,30.270041575425907,0.9983564801518701,baseline
house,101,-25.79463257058688,-1,headline,-25.79463257058688,0.003241275373471647,baseline
senate,2,3.3585116519646285,0,headline,3.3585116519646285,0.7077409314234338,baseline
senate,3,-37.27274283857304,0,headline,-37.27274283857304,0.0006513851199350214,baseline
senate,6,-51.51363947519474,0,headline,-51.51363947519474,0.0001444465491732543,baseline
senate,7,-8.504259381625046,0,headline,-8.504259381625046,0.09960081521832434,baseline
senate,8,-51.80794354819332,0,headline,-51.80794354819332,0.00014059058842398926,baseline
senate,11,-48.11538720757936,0,headline,-48.11538720757936,0.0001994963013529767,baseline
senate,13,-46.348257981685606,0,headline,-46.348257981685606,0.00023788626046971451,baseline
senate,14,-41.03088423799503,0,headline,-41.03088423799503,0.00041952621018997446,baseline
senate,16,-20.90080129098672,0,headline,-20.90080129098672,0.007491505782598417,baseline
senate,22,-57.92312584977384,0,headline,-57.92312584977384,8.251986820854493e-05,baseline
senate,23,6.94180229173997,0,headline,6.94180229173997,0.8593408028262168,baseline
senate,25,-26.27479978564177,-1,headline,-26.27479978564177,0.0030022355220254717,baseline
senate,28,5.449745986205526,0,headline,5.449745986205526,0.8066188900084581,baseline
senate,29,-56.61468695548132,0,headline,-56.61468695548132,9.207222765461038e-05,baseline
senate,32,-50.76054222095612,0,headline,-50.76054222095612,0.0001549008948439261,baseline
house,2,-63.49062890537633,-1,historical_cmo,-55.95176122220588,9.741285246377002e-05,baseline
house,4,-29.219723622884857,-1,historical_cmo,-27.15538373041596,0.0026150663590093154,baseline
house,5,-41.902324370500615,-1,historical_cmo,-35.77630921967207,0.0007841002541924572,baseline
house,8,-26.11246426375141,0,historical_cmo,-17.787380451929852,0.013526557399620828,baseline
house,10,4.086021331415267,1,historical_cmo,5.444129567532011,0.8063929144467195,baseline
house,15,-12.70290140191546,-1,historical_cmo,-9.193151915341062,0.0853785064275506,baseline
house,16,-73.64992533328218,-1,historical_cmo,-62.67675220873654,5.645398673116972e-05,baseline
house,19,34.79746144883655,1,historical_cmo,40.019450396713054,0.9995293530036138,baseline
house,20,-19.793763940644155,-1,historical_cmo,-20.99745308502688,0.007360796797876681,baseline
house,21,-15.561935208509794,-1,historical_cmo,-12.605072401436296,0.03993813369675323,baseline
house,25,-1.0596962261872145,-1,historical_cmo,-1.7041841591884372,0.38942796874389474,baseline
house,28,-24.903459959047392,-1,historical_cmo,-15.284104255058692,0.022493083711359906,baseline
house,32,3.158354962154016,0,historical_cmo,12.37782072599726,0.9580191374488836,baseline
house,37,-43.14496715711068,0,historical_cmo,-35.44610078853424,0.0008175394045894996,baseline
house,38,-41.249322256764,-1,historical_cmo,-30.481361463946374,0.0015945794321815838,baseline
house,40,-60.03455656406872,-1,historical_cmo,-51.46734153864037,0.00014506453363521607,baseline
house,41,-43.86971945352963,-1,historical_cmo,-36.666038628326746,0.000701723909608662,baseline
house,43,-38.35271371649463,-1,historical_cmo,-40.44379936237031,0.00044834898477720314,baseline
house,45,-39.790495057162886,-1,historical_cmo,-36.76191013542389,0.0006934718334934948,baseline
house,47,-11.72279270162599,-1,historical_cmo,-10.049861535502608,0.07046046826391973,baseline
house,50,-57.46951227503262,0,historical_cmo,-49.58392873051284,0.00017309498794271434,baseline
house,63,-12.7994009190402,-1,historical_cmo,-14.958185630321108,0.0240832314940398,baseline
house,68,1.87470732275784,1,historical_cmo,13.133036956812496,0.9644097056724181,baseline
house,69,10.027280860094296,1,historical_cmo,19.679298089972644,0.9906062129076144,baseline
house,70,41.10259210062137,1,historical_cmo,45.22521357958117,0.9997331375193919,baseline
house,74,31.41726124826928,0,historical_cmo,37.847531596935696,0.9993924174683056,baseline
house,75,-24.254849893243744,-1,historical_cmo,-21.89706931571976,0.00626162234535726,baseline
house,80,-31.74434886958659,-1,historical_cmo,-22.543831638826084,0.005587257071709325,baseline
house,82,33.5587923161323,0,historical_cmo,38.48254742300124,0.9994368270041553,baseline
house,85,-24.28153771213197,-1,historical_cmo,-15.10650526732594,0.023344769961054702,baseline
house,96,-41.48003399067956,0,historical_cmo,-38.92412926819112,0.0005345449206071196,baseline
house,99,30.270041575425907,1,historical_cmo,37.44384957030164,0.9993620330022063,baseline
house,101,-25.79463257058688,-1,historical_cmo,-22.268388642433223,0.005863711184052652,baseline
senate,2,3.3585116519646285,0,historical_cmo,4.383048647727447,0.7598537026864958,baseline
senate,3,-37.27274283857304,0,historical_cmo,-31.865731570035983,0.0013130625329443666,baseline
senate,6,-51.51363947519474,0,historical_cmo,-42.546537995323774,0.00035469128533739523,baseline
senate,7,-8.504259381625046,0,historical_cmo,-6.369357892820007,0.15920314482905093,baseline
senate,8,-51.80794354819332,0,historical_cmo,-44.29787118335528,0.0002939877964276035,baseline
senate,11,-48.11538720757936,0,historical_cmo,-39.50826946760518,0.0004992736441213998,baseline
senate,13,-46.348257981685606,0,historical_cmo,-37.08933564513257,0.00066613940282944,baseline
senate,14,-41.03088423799503,0,historical_cmo,-36.10104792537544,0.0007527764285210116,baseline
senate,16,-20.90080129098672,0,historical_cmo,-22.272779021239717,0.005859183183510002,baseline
senate,22,-57.92312584977384,0,historical_cmo,-48.29323938087544,0.0001960560269093916,baseline
senate,23,6.94180229173997,0,historical_cmo,17.840053820697428,0.9866131772666178,baseline
senate,25,-26.27479978564177,-1,historical_cmo,-20.412281173718007,0.008194088698372,baseline
senate,28,5.449745986205526,0,historical_cmo,15.534307620386045,0.9786493012733453,baseline
senate,29,-56.61468695548132,0,historical_cmo,-48.4106502443231,0.00019382350058353212,baseline
senate,32,-50.76054222095612,0,historical_cmo,-47.61180396858302,0.00020963346287489684,baseline
house,2,-63.49062890537633,-1,environment_dem_favorable,-61.28677937760094,6.290256101696643e-05,baseline
house,4,-29.219723622884857,-1,environment_dem_favorable,-27.015874095109467,0.0026723463154359702,baseline
house,5,-41.902324370500615,-1,environment_dem_favorable,-39.698474842725226,0.0004883876420061858,baseline
house,8,-26.11246426375141,0,environment_dem_favorable,-23.90861473597602,0.004420516296333262,baseline
house,10,4.086021331415267,1,environment_dem_favorable,6.289870859190658,0.8380601444350239,baseline
house,15,-12.70290140191546,-1,environment_dem_favorable,-10.499051874140068,0.06371722977117264,baseline
house,16,-73.64992533328218,-1,environment_dem_favorable,-71.4460758055068,2.9925751073587356e-05,baseline
house,19,34.79746144883655,1,environment_dem_favorable,37.00131097661194,0.9993266395078682,baseline
house,20,-19.793763940644155,-1,environment_dem_favorable,-17.589914412868765,0.014065177111155373,baseline
house,21,-15.561935208509794,-1,environment_dem_favorable,-13.358085680734405,0.03389371523479763,baseline
house,25,-1.0596962261872145,-1,environment_dem_favorable,1.144153301588176,0.5749428243812718,baseline
house,28,-24.903459959047392,-1,environment_dem_favorable,-22.699610431272003,0.005437550910650073,baseline
house,32,3.158354962154016,0,environment_dem_favorable,5.362204489929407,0.8030724646606398,baseline
house,37,-43.14496715711068,0,environment_dem_favorable,-40.94111762933529,0.0004237880333726385,baseline
house,38,-41.249322256764,-1,environment_dem_favorable,-39.045472728988614,0.0005269816908380933,baseline
house,40,-60.03455656406872,-1,environment_dem_favorable,-57.83070703629333,8.315454223384947e-05,baseline
house,41,-43.86971945352963,-1,environment_dem_favorable,-41.665869925754244,0.00039078602020106197,baseline
house,43,-38.35271371649463,-1,environment_dem_favorable,-36.14886418871924,0.0007482898034601261,baseline
house,45,-39.790495057162886,-1,environment_dem_favorable,-37.586645529387496,0.0006270182411405149,baseline
house,47,-11.72279270162599,-1,environment_dem_favorable,-9.518943173850598,0.07936643760461286,baseline
house,50,-57.46951227503262,0,environment_dem_favorable,-55.26566274725723,0.00010333341802937721,baseline
house,63,-12.7994009190402,-1,environment_dem_favorable,-10.59555139126481,0.06235654561715656,baseline
house,68,1.87470732275784,1,environment_dem_favorable,4.07855685053323,0.7450869985083264,baseline
house,69,10.027280860094296,1,environment_dem_favorable,12.231130387869687,0.9566418983761064,baseline
house,70,41.10259210062137,1,environment_dem_favorable,43.30644162839676,0.9996733147133708,baseline
house,74,31.41726124826928,0,environment_dem_favorable,33.621110776044674,0.9989642571020753,baseline
house,75,-24.254849893243744,-1,environment_dem_favorable,-22.051000365468354,0.00609302108769492,baseline
house,80,-31.74434886958659,-1,environment_dem_favorable,-29.540499341811202,0.0018265299208098653,baseline
house,82,33.5587923161323,0,environment_dem_favorable,35.76264184390769,0.9992145480652073,baseline
house,85,-24.28153771213197,-1,environment_dem_favorable,-22.07768818435658,0.0060643226213875304,baseline
house,96,-41.48003399067956,0,environment_dem_favorable,-39.27618446290417,0.0005129476242714277,baseline
house,99,30.270041575425907,1,environment_dem_favorable,32.4738911032013,0.9987918982420266,baseline
house,101,-25.79463257058688,-1,environment_dem_favorable,-23.59078304281149,0.004664876916896102,baseline
senate,2,3.3585116519646285,0,environment_dem_favorable,5.562361179740019,0.8111051167978802,baseline
senate,3,-37.27274283857304,0,environment_dem_favorable,-35.06889331079765,0.0008578156047941105,baseline
senate,6,-51.51363947519474,0,environment_dem_favorable,-49.309789947419354,0.00017769226213049948,baseline
senate,7,-8.504259381625046,0,environment_dem_favorable,-6.300409853849655,0.1615746865664621,baseline
senate,8,-51.80794354819332,0,environment_dem_favorable,-49.60409402041793,0.00017276243555231676,baseline
senate,11,-48.11538720757936,0,environment_dem_favorable,-45.91153767980397,0.00024868749112318264,baseline
senate,13,-46.348257981685606,0,environment_dem_favorable,-44.144408453910216,0.0002987860281809135,baseline
senate,14,-41.03088423799503,0,environment_dem_favorable,-38.82703471021964,0.000540689260395962,baseline
senate,16,-20.90080129098672,0,environment_dem_favorable,-18.69695176321133,0.011327269900713786,baseline
senate,22,-57.92312584977384,0,environment_dem_favorable,-55.71927632199845,9.937264305461801e-05,baseline
senate,23,6.94180229173997,0,environment_dem_favorable,9.145651819515361,0.9137081379819956,baseline
senate,25,-26.27479978564177,-1,environment_dem_favorable,-24.07095025786638,0.004301426406280842,baseline
senate,28,5.449745986205526,0,environment_dem_favorable,7.653595513980917,0.8796835860183536,baseline
senate,29,-56.61468695548132,0,environment_dem_favorable,-54.41083742770593,0.00011132074098638398,baseline
senate,32,-50.76054222095612,0,environment_dem_favorable,-48.55669269318073,0.00019108856453191062,baseline
house,2,-63.49062890537633,-1,environment_rep_favorable,-65.69447843315173,4.4974504809938256e-05,baseline
house,4,-29.219723622884857,-1,environment_rep_favorable,-31.423573150660246,0.0013961229321505604,baseline
house,5,-41.902324370500615,-1,environment_rep_favorable,-44.106173898276005,0.0002999959007375459,baseline
house,8,-26.11246426375141,0,environment_rep_favorable,-28.3163137915268,0.002190055146981878,baseline
house,10,4.086021331415267,1,environment_rep_favorable,1.882171803639877,0.621662235728742,baseline
house,15,-12.70290140191546,-1,environment_rep_favorable,-14.906750929690851,0.024345272724645355,baseline
house,16,-73.64992533328218,-1,environment_rep_favorable,-75.85377486105757,2.2353942651312806e-05,baseline
house,19,34.79746144883655,1,environment_rep_favorable,32.59361192106116,0.9988113820665772,baseline
house,20,-19.793763940644155,-1,environment_rep_favorable,-21.997613468419544,0.0061508990729235696,baseline
house,21,-15.561935208509794,-1,environment_rep_favorable,-17.765784736285184,0.013584320576697938,baseline
house,25,-1.0596962261872145,-1,environment_rep_favorable,-3.263545753962605,0.29743004757253333,baseline
house,28,-24.903459959047392,-1,environment_rep_favorable,-27.107309486822782,0.002634641818121886,baseline
house,32,3.158354962154016,0,environment_rep_favorable,0.9545054343786257,0.562670058527711,baseline
house,37,-43.14496715711068,0,environment_rep_favorable,-45.34881668488607,0.0002634757941541966,baseline
house,38,-41.249322256764,-1,environment_rep_favorable,-43.45317178453939,0.00032158399980858067,baseline
house,40,-60.03455656406872,-1,environment_rep_favorable,-62.23840609184411,5.839866843012327e-05,baseline
house,41,-43.86971945352963,-1,environment_rep_favorable,-46.07356898130502,0.00024461343516239876,baseline
house,43,-38.35271371649463,-1,environment_rep_favorable,-40.556563244270016,0.000442635386149578,baseline
house,45,-39.790495057162886,-1,environment_rep_favorable,-41.994344584938275,0.00037683617633098987,baseline
house,47,-11.72279270162599,-1,environment_rep_favorable,-13.92664222940138,0.029983721416471862,baseline
house,50,-57.46951227503262,0,environment_rep_favorable,-59.67336180280801,7.152355382675044e-05,baseline
house,63,-12.7994009190402,-1,environment_rep_favorable,-15.003250446815592,0.02385618412371739,baseline
house,68,1.87470732275784,1,environment_rep_favorable,-0.32914220501755054,0.4782847361618397,baseline
house,69,10.027280860094296,1,environment_rep_favorable,7.823431332318905,0.8841190569357869,baseline
house,70,41.10259210062137,1,environment_rep_favorable,38.89874257284598,0.9994638565615074,baseline
house,74,31.41726124826928,0,environment_rep_favorable,29.21341172049389,0.998083741784881,baseline
house,75,-24.254849893243744,-1,environment_rep_favorable,-26.458699421019134,0.0029161544991272844,baseline
house,80,-31.74434886958659,-1,environment_rep_favorable,-33.948198397361985,0.000992015119143849,baseline
house,82,33.5587923161323,0,environment_rep_favorable,31.354942788356908,0.9985904391765583,baseline
house,85,-24.28153771213197,-1,environment_rep_favorable,-26.48538723990736,0.0029039021246766022,baseline
house,96,-41.48003399067956,0,environment_rep_favorable,-43.68388351845495,0.00031375261089018684,baseline
house,99,30.270041575425907,1,environment_rep_favorable,28.066192047650517,0.9977256346327465,baseline
house,101,-25.79463257058688,-1,environment_rep_favorable,-27.99848209836227,0.0022978360930062695,baseline
senate,2,3.3585116519646285,0,environment_rep_favorable,1.154662124189238,0.5756202304113874,baseline
senate,3,-37.27274283857304,0,environment_rep_favorable,-39.47659236634843,0.0005011143667873091,baseline
senate,6,-51.51363947519474,0,environment_rep_favorable,-53.71748900297013,0.00011834353501819724,baseline
senate,7,-8.504259381625046,0,environment_rep_favorable,-10.708108909400437,0.060806972756361606,baseline
senate,8,-51.80794354819332,0,environment_rep_favorable,-54.01179307596871,0.00011529998454248901,baseline
senate,11,-48.11538720757936,0,environment_rep_favorable,-50.31923673535475,0.0001614451670302282,baseline
senate,13,-46.348257981685606,0,environment_rep_favorable,-48.552107509460996,0.00019117373117803847,baseline
senate,14,-41.03088423799503,0,environment_rep_favorable,-43.23473376577042,0.00032921318053425743,baseline
senate,16,-20.90080129098672,0,environment_rep_favorable,-23.10465081876211,0.005069417564854037,baseline
senate,22,-57.92312584977384,0,environment_rep_favorable,-60.12697537754923,6.89646495100307e-05,baseline
senate,23,6.94180229173997,0,environment_rep_favorable,4.7379527639645795,0.7762736793895675,baseline
senate,25,-26.27479978564177,-1,environment_rep_favorable,-28.478649313417158,0.002137286354911698,baseline
senate,28,5.449745986205526,0,environment_rep_favorable,3.2458964584301357,0.7016028542563548,baseline
senate,29,-56.61468695548132,0,environment_rep_favorable,-58.81853648325671,7.666034309974592e-05,baseline
senate,32,-50.76054222095612,0,environment_rep_favorable,-52.96439174873151,0.00012657776221011954,baseline
