cycle,chamber,district,dem_fundraising,rep_fundraising,dem_finance_status,rep_finance_status,dem_finance_source,rep_finance_source,canonical_finance_complete,canonical_log_fundraising_ratio_d_to_r,finance_smoothing_dollars
1994,house,1,,,unknown_unmatched,unknown_unmatched,none,none,0,,500.0
1994,house,3,,,unknown_unmatched,unknown_unmatched,none,none,0,,500.0
1994,house,4,,,unknown_unmatched,unknown_unmatched,none,none,0,,500.0
1994,house,6,,,unknown_unmatched,unknown_unmatched,none,none,0,,500.0
1994,house,7,,,unknown_unmatched,unknown_unmatched,none,none,0,,500.0
1994,house,8,,,unknown_unmatched,unknown_unmatched,none,none,0,,500.0
1994,house,12,,,unknown_unmatched,unknown_unmatched,none,none,0,,500.0
1994,house,15,,,unknown_unmatched,unknown_unmatched,none,none,0,,500.0
1994,house,17,,,unknown_unmatched,unknown_unmatched,none,none,0,,500.0
1994,house,19,,,unknown_unmatched,unknown_unmatched,none,none,0,,500.0
1994,house,26,,,unknown_unmatched,unknown_unmatched,none,none,0,,500.0
1994,house,27,,,unknown_unmatched,unknown_unmatched,none,none,0,,500.0
1994,house,28,,,unknown_unmatched,unknown_unmatched,none,none,0,,500.0
1994,house,29,,,unknown_unmatched,unknown_unmatched,none,none,0,,500.0
1994,house,30,,,unknown_unmatched,unknown_unmatched,none,none,0,,500.0
1994,house,32,,,unknown_unmatched,unknown_unmatched,none,none,0,,500.0
1994,house,33,,,unknown_unmatched,unknown_unmatched,none,none,0,,500.0
1994,house,35,,,unknown_unmatched,unknown_unmatched,none,none,0,,500.0
1994,house,36,,,unknown_unmatched,unknown_unmatched,none,none,0,,500.0
1994,house,40,,,unknown_unmatched,unknown_unmatched,none,none,0,,500.0
1994,house,42,,,unknown_unmatched,unknown_unmatched,none,none,0,,500.0
1994,house,43,,,unknown_unmatched,unknown_unmatched,none,none,0,,500.0
1994,house,46,,,unknown_unmatched,unknown_unmatched,none,none,0,,500.0
1994,house,48,,,unknown_unmatched,unknown_unmatched,none,none,0,,500.0
1994,house,49,,,unknown_unmatched,unknown_unmatched,none,none,0,,500.0
1994,house,50,,,unknown_unmatched,unknown_unmatched,none,none,0,,500.0
1994,house,53,,,unknown_unmatched,unknown_unmatched,none,none,0,,500.0
1994,house,54,,,unknown_unmatched,unknown_unmatched,none,none,0,,500.0
1994,house,55,,,unknown_unmatched,unknown_unmatched,none,none,0,,500.0
1994,house,58,,,unknown_unmatched,unknown_unmatched,none,none,0,,500.0
1994,house,60,,,unknown_unmatched,unknown_unmatched,none,none,0,,500.0
1994,house,62,,,unknown_unmatched,unknown_unmatched,none,none,0,,500.0
1994,house,64,,,unknown_unmatched,unknown_unmatched,none,none,0,,500.0
1994,house,65,,,unknown_unmatched,unknown_unmatched,none,none,0,,500.0
1994,house,66,,,unknown_unmatched,unknown_unmatched,none,none,0,,500.0
1994,house,67,,,unknown_unmatched,unknown_unmatched,none,none,0,,500.0
1994,house,69,,,unknown_unmatched,unknown_unmatched,none,none,0,,500.0
1994,house,72,,,unknown_unmatched,unknown_unmatched,none,none,0,,500.0
1994,house,73,,,unknown_unmatched,unknown_unmatched,none,none,0,,500.0
1994,house,75,,,unknown_unmatched,unknown_unmatched,none,none,0,,500.0
1994,house,76,,,unknown_unmatched,unknown_unmatched,none,none,0,,500.0
1994,house,79,,,unknown_unmatched,unknown_unmatched,none,none,0,,500.0
1994,house,80,,,unknown_unmatched,unknown_unmatched,none,none,0,,500.0
1994,house,85,,,unknown_unmatched,unknown_unmatched,none,none,0,,500.0
1994,house,86,,,unknown_unmatched,unknown_unmatched,none,none,0,,500.0
1994,house,87,,,unknown_unmatched,unknown_unmatched,none,none,0,,500.0
1994,house,88,,,unknown_unmatched,unknown_unmatched,none,none,0,,500.0
1994,house,93,,,unknown_unmatched,unknown_unmatched,none,none,0,,500.0
1994,house,95,,,unknown_unmatched,unknown_unmatched,none,none,0,,500.0
1994,house,96,,,unknown_unmatched,unknown_unmatched,none,none,0,,500.0
1994,house,97,,,unknown_unmatched,unknown_unmatched,none,none,0,,500.0
1994,house,103,,,unknown_unmatched,unknown_unmatched,none,none,0,,500.0
1994,house,104,,,unknown_unmatched,unknown_unmatched,none,none,0,,500.0
1994,house,105,,,unknown_unmatched,unknown_unmatched,none,none,0,,500.0
1994,senate,2,,,unknown_unmatched,unknown_unmatched,none,none,0,,500.0
1994,senate,3,,,unknown_unmatched,unknown_unmatched,none,none,0,,500.0
1994,senate,4,,,unknown_unmatched,unknown_unmatched,none,none,0,,500.0
1994,senate,5,,,unknown_unmatched,unknown_unmatched,none,none,0,,500.0
1994,senate,7,,,unknown_unmatched,unknown_unmatched,none,none,0,,500.0
1994,senate,9,,,unknown_unmatched,unknown_unmatched,none,none,0,,500.0
1994,senate,10,,,unknown_unmatched,unknown_unmatched,none,none,0,,500.0
1994,senate,12,,,unknown_unmatched,unknown_unmatched,none,none,0,,500.0
1994,senate,14,,,unknown_unmatched,unknown_unmatched,none,none,0,,500.0
1994,senate,18,,,unknown_unmatched,unknown_unmatched,none,none,0,,500.0
1994,senate,22,,,unknown_unmatched,unknown_unmatched,none,none,0,,500.0
1994,senate,23,,,unknown_unmatched,unknown_unmatched,none,none,0,,500.0
1994,senate,25,,,unknown_unmatched,unknown_unmatched,none,none,0,,500.0
1994,senate,27,,,unknown_unmatched,unknown_unmatched,none,none,0,,500.0
1994,senate,28,,,unknown_unmatched,unknown_unmatched,none,none,0,,500.0
1994,senate,32,,,unknown_unmatched,unknown_unmatched,none,none,0,,500.0
1994,senate,34,,,unknown_unmatched,unknown_unmatched,none,none,0,,500.0
1994,senate,35,,,unknown_unmatched,unknown_unmatched,none,none,0,,500.0
1998,house,1,57878.0,71708.0,observed_positive,observed_positive,DIME/FollowTheMoney recipient totals,DIME/FollowTheMoney recipient totals,1,-0.21261173655314547,500.0
1998,house,2,78255.0,,observed_positive,unknown_unmatched,DIME/FollowTheMoney recipient totals,none,0,,500.0
1998,house,3,40624.0,,observed_positive,unknown_unmatched,DIME/FollowTheMoney recipient totals,none,0,,500.0
1998,house,4,80478.0,69229.0,observed_positive,observed_positive,DIME/FollowTheMoney recipient totals,DIME/FollowTheMoney recipient totals,1,0.149561212742466,500.0
1998,house,5,103956.0,25112.0,observed_positive,observed_positive,DIME/FollowTheMoney recipient totals,DIME/FollowTheMoney recipient totals,1,1.4057049384491818,500.0
1998,house,6,32424.0,62705.0,observed_positive,observed_positive,DIME/FollowTheMoney recipient totals,DIME/FollowTheMoney recipient totals,1,-0.6521815368371233,500.0
1998,house,8,47079.0,11660.0,observed_positive,observed_positive,DIME/FollowTheMoney recipient totals,DIME/FollowTheMoney recipient totals,1,1.3642396108817936,500.0
1998,house,9,53819.0,59158.0,observed_positive,observed_positive,DIME/FollowTheMoney recipient totals,DIME/FollowTheMoney recipient totals,1,-0.09375418157063235,500.0
1998,house,10,13685.0,48055.0,observed_positive,observed_positive,DIME/FollowTheMoney recipient totals,DIME/FollowTheMoney recipient totals,1,-1.2305121077855026,500.0
1998,house,11,33600.0,62646.0,observed_positive,observed_positive,DIME/FollowTheMoney recipient totals,DIME/FollowTheMoney recipient totals,1,-0.6161521212498976,500.0
1998,house,12,89281.0,,observed_positive,unknown_unmatched,DIME/FollowTheMoney recipient totals,none,0,,500.0
1998,house,13,42989.0,,observed_positive,unknown_unmatched,DIME/FollowTheMoney recipient totals,none,0,,500.0
1998,house,14,130673.0,32108.0,observed_positive,observed_positive,DIME/FollowTheMoney recipient totals,DIME/FollowTheMoney recipient totals,1,1.3919594056085278,500.0
1998,house,16,41166.0,19631.0,observed_positive,observed_positive,DIME/FollowTheMoney recipient totals,DIME/FollowTheMoney recipient totals,1,0.7274245329894988,500.0
1998,house,17,140686.0,2761.0,observed_positive,observed_positive,DIME/FollowTheMoney recipient totals,DIME/FollowTheMoney recipient totals,1,3.7680442731946164,500.0
1998,house,18,70747.0,29455.0,observed_positive,observed_positive,DIME/FollowTheMoney recipient totals,DIME/FollowTheMoney recipient totals,1,0.8664564574632623,500.0
1998,house,20,,67951.0,unknown_unmatched,observed_positive,none,DIME/FollowTheMoney recipient totals,0,,500.0
1998,house,21,72886.0,47593.0,observed_positive,observed_positive,DIME/FollowTheMoney recipient totals,DIME/FollowTheMoney recipient totals,1,0.42259654535763486,500.0
1998,house,22,27973.0,3250.0,observed_positive,observed_positive,DIME/FollowTheMoney recipient totals,DIME/FollowTheMoney recipient totals,1,2.0272004298341453,500.0
1998,house,23,50508.0,,observed_positive,unknown_unmatched,DIME/FollowTheMoney recipient totals,none,0,,500.0
1998,house,24,76462.0,44112.0,observed_positive,observed_positive,DIME/FollowTheMoney recipient totals,DIME/FollowTheMoney recipient totals,1,0.5453089124134781,500.0
1998,house,25,108009.0,28628.0,observed_positive,observed_positive,DIME/FollowTheMoney recipient totals,DIME/FollowTheMoney recipient totals,1,1.315133207976034,500.0
1998,house,26,74205.0,5229.0,observed_positive,observed_positive,DIME/FollowTheMoney recipient totals,DIME/FollowTheMoney recipient totals,1,2.5680060288766073,500.0
1998,house,27,62765.0,36472.0,observed_positive,observed_positive,DIME/FollowTheMoney recipient totals,DIME/FollowTheMoney recipient totals,1,0.5371713842386959,500.0
1998,house,28,111998.0,11456.0,observed_positive,observed_positive,DIME/FollowTheMoney recipient totals,DIME/FollowTheMoney recipient totals,1,2.241702199286979,500.0
1998,house,29,85908.0,,observed_positive,unknown_unmatched,DIME/FollowTheMoney recipient totals,none,0,,500.0
1998,house,30,62825.0,31500.0,observed_positive,observed_positive,DIME/FollowTheMoney recipient totals,DIME/FollowTheMoney recipient totals,1,0.6825442930880125,500.0
1998,house,31,6831.0,30729.0,observed_positive,observed_positive,DIME/FollowTheMoney recipient totals,DIME/FollowTheMoney recipient totals,1,-1.4492352180477552,500.0
1998,house,32,45454.0,,observed_positive,unknown_unmatched,DIME/FollowTheMoney recipient totals,none,0,,500.0
1998,house,35,50871.0,72088.0,observed_positive,observed_positive,DIME/FollowTheMoney recipient totals,DIME/FollowTheMoney recipient totals,1,-0.34572580800831737,500.0
1998,house,38,121736.0,26142.0,observed_positive,observed_positive,DIME/FollowTheMoney recipient totals,DIME/FollowTheMoney recipient totals,1,1.5234646844404574,500.0
1998,house,42,48939.0,79361.0,observed_positive,observed_positive,DIME/FollowTheMoney recipient totals,DIME/FollowTheMoney recipient totals,1,-0.4795480370623658,500.0
1998,house,49,46452.0,135252.0,observed_positive,observed_positive,DIME/FollowTheMoney recipient totals,DIME/FollowTheMoney recipient totals,1,-1.0617038884144916,500.0
1998,house,51,29987.0,41700.0,observed_positive,observed_positive,DIME/FollowTheMoney recipient totals,DIME/FollowTheMoney recipient totals,1,-0.3251198577984132,500.0
1998,house,54,68473.0,2036.0,observed_positive,observed_positive,DIME/FollowTheMoney recipient totals,DIME/FollowTheMoney recipient totals,1,3.3031270870949294,500.0
1998,house,55,121495.0,3500.0,observed_positive,observed_positive,DIME/FollowTheMoney recipient totals,DIME/FollowTheMoney recipient totals,1,3.4176856991669577,500.0
1998,house,60,30400.0,,observed_positive,unknown_unmatched,DIME/FollowTheMoney recipient totals,none,0,,500.0
1998,house,62,61282.0,103758.0,observed_positive,observed_positive,DIME/FollowTheMoney recipient totals,DIME/FollowTheMoney recipient totals,1,-0.5232565364410983,500.0
1998,house,63,28012.0,81724.0,observed_positive,observed_positive,DIME/FollowTheMoney recipient totals,DIME/FollowTheMoney recipient totals,1,-1.059122178961475,500.0
1998,house,64,100825.0,24138.0,observed_positive,observed_positive,DIME/FollowTheMoney recipient totals,DIME/FollowTheMoney recipient totals,1,1.41404320597459,500.0
1998,house,65,41542.0,,observed_positive,unknown_unmatched,DIME/FollowTheMoney recipient totals,none,0,,500.0
1998,house,66,76097.0,,observed_positive,unknown_unmatched,DIME/FollowTheMoney recipient totals,none,0,,500.0
1998,house,67,60764.0,,observed_positive,unknown_unmatched,DIME/FollowTheMoney recipient totals,none,0,,500.0
1998,house,72,26630.0,,observed_positive,unknown_unmatched,DIME/FollowTheMoney recipient totals,none,0,,500.0
1998,house,79,68037.0,132549.0,observed_positive,observed_positive,DIME/FollowTheMoney recipient totals,DIME/FollowTheMoney recipient totals,1,-0.6633437359967661,500.0
1998,house,80,117785.0,14450.0,observed_positive,observed_positive,DIME/FollowTheMoney recipient totals,DIME/FollowTheMoney recipient totals,1,2.0683856668276754,500.0
1998,house,81,75242.0,10889.0,observed_positive,observed_positive,DIME/FollowTheMoney recipient totals,DIME/FollowTheMoney recipient totals,1,1.8946848509590204,500.0
1998,house,84,116031.0,56813.0,observed_positive,observed_positive,DIME/FollowTheMoney recipient totals,DIME/FollowTheMoney recipient totals,1,0.7096298579505589,500.0
1998,house,86,150441.0,124503.0,observed_positive,observed_positive,DIME/FollowTheMoney recipient totals,DIME/FollowTheMoney recipient totals,1,0.18855129496953624,500.0
1998,house,87,,41750.0,unknown_unmatched,observed_positive,none,DIME/FollowTheMoney recipient totals,0,,500.0
1998,house,89,102767.0,22850.0,observed_positive,observed_positive,DIME/FollowTheMoney recipient totals,DIME/FollowTheMoney recipient totals,1,1.4867208830835033,500.0
1998,house,91,37148.0,85218.0,observed_positive,observed_positive,DIME/FollowTheMoney recipient totals,DIME/FollowTheMoney recipient totals,1,-0.822783006570298,500.0
1998,house,95,2457.0,63824.0,observed_positive,observed_positive,DIME/FollowTheMoney recipient totals,DIME/FollowTheMoney recipient totals,1,-3.079757571121438,500.0
1998,house,96,33870.0,51491.0,observed_positive,observed_positive,DIME/FollowTheMoney recipient totals,DIME/FollowTheMoney recipient totals,1,-0.4138865358170688,500.0
1998,house,102,8857.0,79871.0,observed_positive,observed_positive,DIME/FollowTheMoney recipient totals,DIME/FollowTheMoney recipient totals,1,-2.150528688307096,500.0
1998,house,104,11350.0,92675.0,observed_positive,observed_positive,DIME/FollowTheMoney recipient totals,DIME/FollowTheMoney recipient totals,1,-2.062151577784182,500.0
1998,house,105,38824.0,66462.0,observed_positive,observed_positive,DIME/FollowTheMoney recipient totals,DIME/FollowTheMoney recipient totals,1,-0.5322902748087407,500.0
1998,senate,1,164009.0,20833.0,observed_positive,observed_positive,DIME/FollowTheMoney recipient totals,DIME/FollowTheMoney recipient totals,1,2.042710110385531,500.0
1998,senate,2,202639.0,139155.0,observed_positive,observed_positive,DIME/FollowTheMoney recipient totals,DIME/FollowTheMoney recipient totals,1,0.3747153782403913,500.0
1998,senate,3,171645.0,,observed_positive,unknown_unmatched,DIME/FollowTheMoney recipient totals,none,0,,500.0
1998,senate,4,192073.0,220756.0,observed_positive,observed_positive,DIME/FollowTheMoney recipient totals,DIME/FollowTheMoney recipient totals,1,-0.13884509954336977,500.0
1998,senate,5,156999.0,277293.0,observed_positive,observed_positive,DIME/FollowTheMoney recipient totals,DIME/FollowTheMoney recipient totals,1,-0.5674571229794253,500.0
1998,senate,6,427544.0,18870.0,observed_positive,observed_positive,DIME/FollowTheMoney recipient totals,DIME/FollowTheMoney recipient totals,1,3.095500516617268,500.0
1998,senate,7,39727.0,402458.0,observed_positive,observed_positive,DIME/FollowTheMoney recipient totals,DIME/FollowTheMoney recipient totals,1,-2.3042939261876745,500.0
1998,senate,8,211791.0,,observed_positive,unknown_unmatched,DIME/FollowTheMoney recipient totals,none,0,,500.0
1998,senate,9,256626.0,39360.0,observed_positive,observed_positive,DIME/FollowTheMoney recipient totals,DIME/FollowTheMoney recipient totals,1,1.8641929223398792,500.0
1998,senate,10,182723.0,277834.0,observed_positive,observed_positive,DIME/FollowTheMoney recipient totals,DIME/FollowTheMoney recipient totals,1,-0.4181178411781208,500.0
1998,senate,11,239105.0,296844.0,observed_positive,observed_positive,DIME/FollowTheMoney recipient totals,DIME/FollowTheMoney recipient totals,1,-0.21589798357080853,500.0
1998,senate,12,,239718.0,unknown_unmatched,observed_positive,none,DIME/FollowTheMoney recipient totals,0,,500.0
1998,senate,13,230951.0,3885.0,observed_positive,observed_positive,DIME/FollowTheMoney recipient totals,DIME/FollowTheMoney recipient totals,1,3.9661785622313994,500.0
1998,senate,14,6575.0,263536.0,observed_positive,observed_positive,DIME/FollowTheMoney recipient totals,DIME/FollowTheMoney recipient totals,1,-3.619518013956703,500.0
1998,senate,16,6111.0,155923.0,observed_positive,observed_positive,DIME/FollowTheMoney recipient totals,DIME/FollowTheMoney recipient totals,1,-3.16382894777121,500.0
1998,senate,18,,,unknown_unmatched,unknown_unmatched,none,none,0,,500.0
1998,senate,20,132648.0,1200.0,observed_positive,observed_positive,DIME/FollowTheMoney recipient totals,DIME/FollowTheMoney recipient totals,1,4.360833040431562,500.0
1998,senate,21,277966.0,446760.0,observed_positive,observed_positive,DIME/FollowTheMoney recipient totals,DIME/FollowTheMoney recipient totals,1,-0.47384411166919604,500.0
1998,senate,22,223725.0,91681.0,observed_positive,observed_positive,DIME/FollowTheMoney recipient totals,DIME/FollowTheMoney recipient totals,1,0.8888959764303436,500.0
1998,senate,24,112430.0,,observed_positive,unknown_unmatched,DIME/FollowTheMoney recipient totals,none,0,,500.0
1998,senate,25,14600.0,255900.0,observed_positive,observed_positive,DIME/FollowTheMoney recipient totals,DIME/FollowTheMoney recipient totals,1,-2.8320439812256364,500.0
1998,senate,26,144277.0,3445.0,observed_positive,observed_positive,DIME/FollowTheMoney recipient totals,DIME/FollowTheMoney recipient totals,1,3.6027456732583993,500.0
1998,senate,27,331240.0,163908.0,observed_positive,observed_positive,DIME/FollowTheMoney recipient totals,DIME/FollowTheMoney recipient totals,1,0.7020003863392774,500.0
1998,senate,29,28950.0,499131.0,observed_positive,observed_positive,DIME/FollowTheMoney recipient totals,DIME/FollowTheMoney recipient totals,1,-2.8311759158685392,500.0
1998,senate,30,225778.0,,observed_positive,unknown_unmatched,DIME/FollowTheMoney recipient totals,none,0,,500.0
1998,senate,31,204180.0,225992.0,observed_positive,observed_positive,DIME/FollowTheMoney recipient totals,DIME/FollowTheMoney recipient totals,1,-0.10126184027412842,500.0
1998,senate,32,7245.0,125843.0,observed_positive,observed_positive,DIME/FollowTheMoney recipient totals,DIME/FollowTheMoney recipient totals,1,-2.7919529567685926,500.0
1998,senate,35,,160361.0,unknown_unmatched,observed_positive,none,DIME/FollowTheMoney recipient totals,0,,500.0
2002,house,1,,9588.0,unknown_unmatched,observed_positive,none,DIME/FollowTheMoney recipient totals,0,,500.0
2002,house,2,33829.0,65909.0,observed_positive,observed_positive,DIME/FollowTheMoney recipient totals,DIME/FollowTheMoney recipient totals,1,-0.6598421114623656,500.0
2002,house,3,86077.0,,observed_positive,unknown_unmatched,DIME/FollowTheMoney recipient totals,none,0,,500.0
2002,house,4,100505.0,89276.0,observed_positive,observed_positive,DIME/FollowTheMoney recipient totals,DIME/FollowTheMoney recipient totals,1,0.11785234155780878,500.0
2002,house,5,56791.0,12210.0,observed_positive,observed_positive,DIME/FollowTheMoney recipient totals,DIME/FollowTheMoney recipient totals,1,1.505754458120024,500.0
2002,house,6,86960.0,41220.0,observed_positive,observed_positive,DIME/FollowTheMoney recipient totals,DIME/FollowTheMoney recipient totals,1,0.7402009158522029,500.0
2002,house,7,55871.0,,observed_positive,unknown_unmatched,DIME/FollowTheMoney recipient totals,none,0,,500.0
2002,house,8,52362.0,10685.0,observed_positive,observed_positive,DIME/FollowTheMoney recipient totals,DIME/FollowTheMoney recipient totals,1,1.5531111493109546,500.0
2002,house,9,73384.0,32408.0,observed_positive,observed_positive,DIME/FollowTheMoney recipient totals,DIME/FollowTheMoney recipient totals,1,0.8087805064103895,500.0
2002,house,10,15165.0,95438.0,observed_positive,observed_positive,DIME/FollowTheMoney recipient totals,DIME/FollowTheMoney recipient totals,1,-1.8122732250901645,500.0
2002,house,11,25344.0,113419.0,observed_positive,observed_positive,DIME/FollowTheMoney recipient totals,DIME/FollowTheMoney recipient totals,1,-1.4834092038393312,500.0
2002,house,12,83230.0,11505.0,observed_positive,observed_positive,DIME/FollowTheMoney recipient totals,DIME/FollowTheMoney recipient totals,1,1.942274106543124,500.0
2002,house,13,37291.0,29131.0,observed_positive,observed_positive,DIME/FollowTheMoney recipient totals,DIME/FollowTheMoney recipient totals,1,0.24324986844417568,500.0
2002,house,14,183430.0,29350.0,observed_positive,observed_positive,DIME/FollowTheMoney recipient totals,DIME/FollowTheMoney recipient totals,1,1.818370410604095,500.0
2002,house,16,86704.0,,observed_positive,unknown_unmatched,DIME/FollowTheMoney recipient totals,none,0,,500.0
2002,house,17,202817.0,19920.0,observed_positive,observed_positive,DIME/FollowTheMoney recipient totals,DIME/FollowTheMoney recipient totals,1,2.2982515246674193,500.0
2002,house,20,51595.0,68221.0,observed_positive,observed_positive,DIME/FollowTheMoney recipient totals,DIME/FollowTheMoney recipient totals,1,-0.27698585451040014,500.0
2002,house,21,114770.0,35495.0,observed_positive,observed_positive,DIME/FollowTheMoney recipient totals,DIME/FollowTheMoney recipient totals,1,1.163897162691655,500.0
2002,house,22,83408.0,5226.0,observed_positive,observed_positive,DIME/FollowTheMoney recipient totals,DIME/FollowTheMoney recipient totals,1,2.68470375386062,500.0
2002,house,24,43480.0,128408.0,observed_positive,observed_positive,DIME/FollowTheMoney recipient totals,DIME/FollowTheMoney recipient totals,1,-1.0753639865078657,500.0
2002,house,25,30943.0,,observed_positive,unknown_unmatched,DIME/FollowTheMoney recipient totals,none,0,,500.0
2002,house,26,84448.0,6100.0,observed_positive,observed_positive,DIME/FollowTheMoney recipient totals,DIME/FollowTheMoney recipient totals,1,2.554969655547673,500.0
2002,house,28,153313.0,,observed_positive,unknown_unmatched,DIME/FollowTheMoney recipient totals,none,0,,500.0
2002,house,29,,20308.0,unknown_unmatched,observed_positive,none,DIME/FollowTheMoney recipient totals,0,,500.0
2002,house,31,13525.0,5610.0,observed_positive,observed_positive,DIME/FollowTheMoney recipient totals,DIME/FollowTheMoney recipient totals,1,0.830914678225256,500.0
2002,house,32,64554.0,,observed_positive,unknown_unmatched,DIME/FollowTheMoney recipient totals,none,0,,500.0
2002,house,33,,,unknown_unmatched,unknown_unmatched,none,none,0,,500.0
2002,house,35,108119.0,37100.0,observed_positive,observed_positive,DIME/FollowTheMoney recipient totals,DIME/FollowTheMoney recipient totals,1,1.0608422957608115,500.0
2002,house,36,18584.0,71380.0,observed_positive,observed_positive,DIME/FollowTheMoney recipient totals,DIME/FollowTheMoney recipient totals,1,-1.3261477742614978,500.0
2002,house,37,62278.0,,observed_positive,unknown_unmatched,DIME/FollowTheMoney recipient totals,none,0,,500.0
2002,house,38,19928.0,69938.0,observed_positive,observed_positive,DIME/FollowTheMoney recipient totals,DIME/FollowTheMoney recipient totals,1,-1.237826381480974,500.0
2002,house,40,,30265.0,unknown_unmatched,observed_positive,none,DIME/FollowTheMoney recipient totals,0,,500.0
2002,house,41,,139112.0,unknown_unmatched,observed_positive,none,DIME/FollowTheMoney recipient totals,0,,500.0
2002,house,42,,31845.0,unknown_unmatched,observed_positive,none,DIME/FollowTheMoney recipient totals,0,,500.0
2002,house,50,5000.0,,observed_positive,unknown_unmatched,DIME/FollowTheMoney recipient totals,none,0,,500.0
2002,house,59,66939.0,,observed_positive,unknown_unmatched,DIME/FollowTheMoney recipient totals,none,0,,500.0
2002,house,62,122845.0,135606.0,observed_positive,observed_positive,DIME/FollowTheMoney recipient totals,DIME/FollowTheMoney recipient totals,1,-0.0984486868261741,500.0
2002,house,63,60376.0,,observed_positive,unknown_unmatched,DIME/FollowTheMoney recipient totals,none,0,,500.0
2002,house,64,93317.0,22751.0,observed_positive,observed_positive,DIME/FollowTheMoney recipient totals,DIME/FollowTheMoney recipient totals,1,1.3949979344034535,500.0
2002,house,65,66800.0,23969.0,observed_positive,observed_positive,DIME/FollowTheMoney recipient totals,DIME/FollowTheMoney recipient totals,1,1.0117532263981346,500.0
2002,house,67,,11835.0,unknown_unmatched,observed_positive,none,DIME/FollowTheMoney recipient totals,0,,500.0
2002,house,70,41995.0,6017.0,observed_positive,observed_positive,DIME/FollowTheMoney recipient totals,DIME/FollowTheMoney recipient totals,1,1.8749722746003463,500.0
2002,house,74,39912.0,143361.0,observed_positive,observed_positive,DIME/FollowTheMoney recipient totals,DIME/FollowTheMoney recipient totals,1,-1.2697207850521228,500.0
2002,house,76,118030.0,4033.0,observed_positive,observed_positive,DIME/FollowTheMoney recipient totals,DIME/FollowTheMoney recipient totals,1,3.2637821211326967,500.0
2002,house,81,119470.0,,observed_positive,unknown_unmatched,DIME/FollowTheMoney recipient totals,none,0,,500.0
2002,house,85,,9100.0,unknown_unmatched,observed_positive,none,DIME/FollowTheMoney recipient totals,0,,500.0
2002,house,87,9450.0,95575.0,observed_positive,observed_positive,DIME/FollowTheMoney recipient totals,DIME/FollowTheMoney recipient totals,1,-2.2675565852804063,500.0
2002,house,91,200257.0,18506.0,observed_positive,observed_positive,DIME/FollowTheMoney recipient totals,DIME/FollowTheMoney recipient totals,1,2.3573405026701786,500.0
2002,house,92,914130.0,20628.0,observed_positive,observed_positive,DIME/FollowTheMoney recipient totals,DIME/FollowTheMoney recipient totals,1,3.7679204369157544,500.0
2002,house,102,,75942.0,unknown_unmatched,observed_positive,none,DIME/FollowTheMoney recipient totals,0,,500.0
2002,house,104,9775.0,100339.0,observed_positive,observed_positive,DIME/FollowTheMoney recipient totals,DIME/FollowTheMoney recipient totals,1,-2.2838114251885275,500.0
2002,senate,1,222888.0,29365.0,observed_positive,observed_positive,DIME/FollowTheMoney recipient totals,DIME/FollowTheMoney recipient totals,1,2.0122229436992494,500.0
2002,senate,2,330735.0,,observed_positive,unknown_unmatched,DIME/FollowTheMoney recipient totals,none,0,,500.0
2002,senate,3,272219.0,9850.0,observed_positive,observed_positive,DIME/FollowTheMoney recipient totals,DIME/FollowTheMoney recipient totals,1,3.2714554413471,500.0
2002,senate,4,517950.0,84337.0,observed_positive,observed_positive,DIME/FollowTheMoney recipient totals,DIME/FollowTheMoney recipient totals,1,1.8101118226119342,500.0
2002,senate,5,256953.0,447549.0,observed_positive,observed_positive,DIME/FollowTheMoney recipient totals,DIME/FollowTheMoney recipient totals,1,-0.5540654222616119,500.0
2002,senate,6,893292.0,25307.0,observed_positive,observed_positive,DIME/FollowTheMoney recipient totals,DIME/FollowTheMoney recipient totals,1,3.5448273129540704,500.0
2002,senate,7,293075.0,30303.0,observed_positive,observed_positive,DIME/FollowTheMoney recipient totals,DIME/FollowTheMoney recipient totals,1,2.2545210554175386,500.0
2002,senate,8,,22490.0,unknown_unmatched,observed_positive,none,DIME/FollowTheMoney recipient totals,0,,500.0
2002,senate,9,286775.0,,observed_positive,unknown_unmatched,DIME/FollowTheMoney recipient totals,none,0,,500.0
2002,senate,10,425536.0,,observed_positive,unknown_unmatched,DIME/FollowTheMoney recipient totals,none,0,,500.0
2002,senate,11,,,unknown_unmatched,unknown_unmatched,none,none,0,,500.0
2002,senate,12,,319000.0,unknown_unmatched,observed_positive,none,DIME/FollowTheMoney recipient totals,0,,500.0
2002,senate,15,,640494.0,unknown_unmatched,observed_positive,none,DIME/FollowTheMoney recipient totals,0,,500.0
2002,senate,17,,181314.0,unknown_unmatched,observed_positive,none,DIME/FollowTheMoney recipient totals,0,,500.0
2002,senate,19,288284.0,21790.0,observed_positive,observed_positive,DIME/FollowTheMoney recipient totals,DIME/FollowTheMoney recipient totals,1,2.561540856424115,500.0
2002,senate,21,341206.0,185161.0,observed_positive,observed_positive,DIME/FollowTheMoney recipient totals,DIME/FollowTheMoney recipient totals,1,0.6100282880825048,500.0
2002,senate,22,604377.0,265385.0,observed_positive,observed_positive,DIME/FollowTheMoney recipient totals,DIME/FollowTheMoney recipient totals,1,0.8219612471035799,500.0
2002,senate,23,316856.0,,observed_positive,unknown_unmatched,DIME/FollowTheMoney recipient totals,none,0,,500.0
2002,senate,25,,277370.0,unknown_unmatched,observed_positive,none,DIME/FollowTheMoney recipient totals,0,,500.0
2002,senate,26,224013.0,168650.0,observed_positive,observed_positive,DIME/FollowTheMoney recipient totals,DIME/FollowTheMoney recipient totals,1,0.2831477167378746,500.0
2002,senate,27,326866.0,46057.0,observed_positive,observed_positive,DIME/FollowTheMoney recipient totals,DIME/FollowTheMoney recipient totals,1,1.9504014426834482,500.0
2002,senate,31,337748.0,14964.0,observed_positive,observed_positive,DIME/FollowTheMoney recipient totals,DIME/FollowTheMoney recipient totals,1,3.0852646123409864,500.0
2002,senate,35,561229.0,,observed_positive,unknown_unmatched,DIME/FollowTheMoney recipient totals,none,0,,500.0
2006,house,4,34576.0,79448.0,observed_positive,observed_positive,DIME/FollowTheMoney recipient totals,DIME/FollowTheMoney recipient totals,1,-0.8238592874151861,500.0
2006,house,6,177341.0,,observed_positive,unknown_unmatched,DIME/FollowTheMoney recipient totals,none,0,,500.0
2006,house,7,83329.0,,observed_positive,unknown_unmatched,DIME/FollowTheMoney recipient totals,none,0,,500.0
2006,house,9,129262.0,85303.0,observed_positive,observed_positive,DIME/FollowTheMoney recipient totals,DIME/FollowTheMoney recipient totals,1,0.4136480324009872,500.0
2006,house,11,119895.0,155251.0,observed_positive,observed_positive,DIME/FollowTheMoney recipient totals,DIME/FollowTheMoney recipient totals,1,-0.25748057441950045,500.0
2006,house,12,135614.0,17153.0,observed_positive,observed_positive,DIME/FollowTheMoney recipient totals,DIME/FollowTheMoney recipient totals,1,2.0425870293000217,500.0
2006,house,13,54561.0,,observed_positive,unknown_unmatched,DIME/FollowTheMoney recipient totals,none,0,,500.0
2006,house,17,190866.0,10786.0,observed_positive,observed_positive,DIME/FollowTheMoney recipient totals,DIME/FollowTheMoney recipient totals,1,2.830624805238826,500.0
2006,house,21,146387.0,40329.0,observed_positive,observed_positive,DIME/FollowTheMoney recipient totals,DIME/FollowTheMoney recipient totals,1,1.280270970452339,500.0
2006,house,26,121086.0,5840.0,observed_positive,observed_positive,DIME/FollowTheMoney recipient totals,DIME/FollowTheMoney recipient totals,1,2.953743062875836,500.0
2006,house,28,224552.0,35857.0,observed_positive,observed_positive,DIME/FollowTheMoney recipient totals,DIME/FollowTheMoney recipient totals,1,1.8229447289590124,500.0
2006,house,29,185108.0,73028.0,observed_positive,observed_positive,DIME/FollowTheMoney recipient totals,DIME/FollowTheMoney recipient totals,1,0.9259706368156407,500.0
2006,house,32,54214.0,10275.0,observed_positive,observed_positive,DIME/FollowTheMoney recipient totals,DIME/FollowTheMoney recipient totals,1,1.624890982189772,500.0
2006,house,33,6890.0,117363.0,observed_positive,observed_positive,DIME/FollowTheMoney recipient totals,DIME/FollowTheMoney recipient totals,1,-2.769395198054101,500.0
2006,house,34,10421.0,75666.0,observed_positive,observed_positive,DIME/FollowTheMoney recipient totals,DIME/FollowTheMoney recipient totals,1,-1.9422276276770232,500.0
2006,house,35,106009.0,,observed_positive,unknown_unmatched,DIME/FollowTheMoney recipient totals,none,0,,500.0
2006,house,37,125611.0,11095.0,observed_positive,observed_positive,DIME/FollowTheMoney recipient totals,DIME/FollowTheMoney recipient totals,1,2.386588500814132,500.0
2006,house,38,139827.0,139715.0,observed_positive,observed_positive,DIME/FollowTheMoney recipient totals,DIME/FollowTheMoney recipient totals,1,0.00079845446279184,500.0
2006,house,40,134427.0,74434.0,observed_positive,observed_positive,DIME/FollowTheMoney recipient totals,DIME/FollowTheMoney recipient totals,1,0.5881261653356855,500.0
2006,house,42,142262.0,35223.0,observed_positive,observed_positive,DIME/FollowTheMoney recipient totals,DIME/FollowTheMoney recipient totals,1,1.3853841690065305,500.0
2006,house,44,14375.0,91780.0,observed_positive,observed_positive,DIME/FollowTheMoney recipient totals,DIME/FollowTheMoney recipient totals,1,-1.8251454818738595,500.0
2006,house,45,97493.0,71056.0,observed_positive,observed_positive,DIME/FollowTheMoney recipient totals,DIME/FollowTheMoney recipient totals,1,0.3144156876190322,500.0
2006,house,58,175163.0,2400.0,observed_positive,observed_positive,DIME/FollowTheMoney recipient totals,DIME/FollowTheMoney recipient totals,1,4.103856649797708,500.0
2006,house,61,148106.0,12990.0,observed_positive,observed_positive,DIME/FollowTheMoney recipient totals,DIME/FollowTheMoney recipient totals,1,2.399349838099477,500.0
2006,house,62,9497.0,80186.0,observed_positive,observed_positive,DIME/FollowTheMoney recipient totals,DIME/FollowTheMoney recipient totals,1,-2.088280030208893,500.0
2006,house,64,24892.0,35608.0,observed_positive,observed_positive,DIME/FollowTheMoney recipient totals,DIME/FollowTheMoney recipient totals,1,-0.3520802836518553,500.0
2006,house,65,246740.0,117767.0,observed_positive,observed_positive,DIME/FollowTheMoney recipient totals,DIME/FollowTheMoney recipient totals,1,0.73741474453844,500.0
2006,house,66,108393.0,126517.0,observed_positive,observed_positive,DIME/FollowTheMoney recipient totals,DIME/FollowTheMoney recipient totals,1,-0.15395518705035616,500.0
2006,house,73,29640.0,125052.0,observed_positive,observed_positive,DIME/FollowTheMoney recipient totals,DIME/FollowTheMoney recipient totals,1,-1.426866822186768,500.0
2006,house,79,517195.0,748446.0,observed_positive,observed_positive,DIME/FollowTheMoney recipient totals,DIME/FollowTheMoney recipient totals,1,-0.36928061903193043,500.0
2006,house,80,182967.0,13419.0,observed_positive,observed_positive,DIME/FollowTheMoney recipient totals,DIME/FollowTheMoney recipient totals,1,2.578780001564575,500.0
2006,house,85,,,unknown_unmatched,unknown_unmatched,none,none,0,,500.0
2006,house,88,,106450.0,unknown_unmatched,observed_positive,none,DIME/FollowTheMoney recipient totals,0,,500.0
2006,house,91,238572.0,201116.0,observed_positive,observed_positive,DIME/FollowTheMoney recipient totals,DIME/FollowTheMoney recipient totals,1,0.1703998636660534,500.0
2006,house,92,1130671.0,15548.0,observed_positive,observed_positive,DIME/FollowTheMoney recipient totals,DIME/FollowTheMoney recipient totals,1,4.255424427101888,500.0
2006,house,93,28949.0,128619.0,observed_positive,observed_positive,DIME/FollowTheMoney recipient totals,DIME/FollowTheMoney recipient totals,1,-1.4780745060943696,500.0
2006,house,94,,67190.0,unknown_unmatched,observed_positive,none,DIME/FollowTheMoney recipient totals,0,,500.0
2006,house,95,14660.0,68850.0,observed_positive,observed_positive,DIME/FollowTheMoney recipient totals,DIME/FollowTheMoney recipient totals,1,-1.520505766546615,500.0
2006,house,101,5286.0,150765.0,observed_positive,observed_positive,DIME/FollowTheMoney recipient totals,DIME/FollowTheMoney recipient totals,1,-3.2635920589933547,500.0
2006,house,102,43407.0,104551.0,observed_positive,observed_positive,DIME/FollowTheMoney recipient totals,DIME/FollowTheMoney recipient totals,1,-0.8723721858494761,500.0
2006,senate,2,405062.0,11504.0,observed_positive,observed_positive,DIME/FollowTheMoney recipient totals,DIME/FollowTheMoney recipient totals,1,3.520033831946905,500.0
2006,senate,3,462965.0,752634.0,observed_positive,observed_positive,DIME/FollowTheMoney recipient totals,DIME/FollowTheMoney recipient totals,1,-0.4855122970659905,500.0
2006,senate,4,768319.0,150703.0,observed_positive,observed_positive,DIME/FollowTheMoney recipient totals,DIME/FollowTheMoney recipient totals,1,1.6262322663720126,500.0
2006,senate,5,161771.0,233074.0,observed_positive,observed_positive,DIME/FollowTheMoney recipient totals,DIME/FollowTheMoney recipient totals,1,-0.36423116628873653,500.0
2006,senate,7,802634.0,293776.0,observed_positive,observed_positive,DIME/FollowTheMoney recipient totals,DIME/FollowTheMoney recipient totals,1,1.0040034717717332,500.0
2006,senate,8,1254794.0,277609.0,observed_positive,observed_positive,DIME/FollowTheMoney recipient totals,DIME/FollowTheMoney recipient totals,1,1.5071119639029986,500.0
2006,senate,9,,225554.0,unknown_unmatched,observed_positive,none,DIME/FollowTheMoney recipient totals,0,,500.0
2006,senate,11,897248.0,,observed_positive,unknown_unmatched,DIME/FollowTheMoney recipient totals,none,0,,500.0
2006,senate,13,456013.0,197523.0,observed_positive,observed_positive,DIME/FollowTheMoney recipient totals,DIME/FollowTheMoney recipient totals,1,0.8352339916116366,500.0
2006,senate,16,4408.0,318100.0,observed_positive,observed_positive,DIME/FollowTheMoney recipient totals,DIME/FollowTheMoney recipient totals,1,-4.173069870627283,500.0
2006,senate,18,452242.0,,observed_positive,unknown_unmatched,DIME/FollowTheMoney recipient totals,none,0,,500.0
2006,senate,20,201043.0,9432.0,observed_positive,observed_positive,DIME/FollowTheMoney recipient totals,DIME/FollowTheMoney recipient totals,1,3.010240890478104,500.0
2006,senate,21,221127.0,,observed_positive,unknown_unmatched,DIME/FollowTheMoney recipient totals,none,0,,500.0
2006,senate,22,693988.0,649928.0,observed_positive,observed_positive,DIME/FollowTheMoney recipient totals,DIME/FollowTheMoney recipient totals,1,0.06554427568994887,500.0
2006,senate,23,497900.0,5950.0,observed_positive,observed_positive,DIME/FollowTheMoney recipient totals,DIME/FollowTheMoney recipient totals,1,4.347322836665562,500.0
2006,senate,25,20000.0,389795.0,observed_positive,observed_positive,DIME/FollowTheMoney recipient totals,DIME/FollowTheMoney recipient totals,1,-2.9464779773016816,500.0
2006,senate,27,274263.0,254707.0,observed_positive,observed_positive,DIME/FollowTheMoney recipient totals,DIME/FollowTheMoney recipient totals,1,0.07383392734442112,500.0
2006,senate,29,12750.0,245590.0,observed_positive,observed_positive,DIME/FollowTheMoney recipient totals,DIME/FollowTheMoney recipient totals,1,-2.921699770250537,500.0
2006,senate,30,514349.0,960314.0,observed_positive,observed_positive,DIME/FollowTheMoney recipient totals,DIME/FollowTheMoney recipient totals,1,-0.6239071880627111,500.0
2006,senate,31,713709.0,83288.0,observed_positive,observed_positive,DIME/FollowTheMoney recipient totals,DIME/FollowTheMoney recipient totals,1,2.1428858374496116,500.0
2006,senate,33,132500.0,6986.0,observed_positive,observed_positive,DIME/FollowTheMoney recipient totals,DIME/FollowTheMoney recipient totals,1,2.877314518739517,500.0
2006,senate,35,956140.0,637859.0,observed_positive,observed_positive,DIME/FollowTheMoney recipient totals,DIME/FollowTheMoney recipient totals,1,0.4045263241170282,500.0
2010,house,1,129004.0,193055.0,observed_positive,observed_positive,DIME/FollowTheMoney recipient totals,DIME/FollowTheMoney recipient totals,1,-0.4018499411145901,500.0
2010,house,2,146150.0,252690.0,observed_positive,observed_positive,DIME/FollowTheMoney recipient totals,DIME/FollowTheMoney recipient totals,1,-0.54609139959586,500.0
2010,house,4,62438.0,78743.0,observed_positive,observed_positive,DIME/FollowTheMoney recipient totals,DIME/FollowTheMoney recipient totals,1,-0.2303689659440263,500.0
2010,house,5,64700.0,124202.0,observed_positive,observed_positive,DIME/FollowTheMoney recipient totals,DIME/FollowTheMoney recipient totals,1,-0.6484674221171499,500.0
2010,house,7,60760.0,50888.0,observed_positive,observed_positive,DIME/FollowTheMoney recipient totals,DIME/FollowTheMoney recipient totals,1,0.17572241923526588,500.0
2010,house,8,134254.0,208786.0,observed_positive,observed_positive,DIME/FollowTheMoney recipient totals,DIME/FollowTheMoney recipient totals,1,-0.44025084363299516,500.0
2010,house,9,86523.0,151258.0,observed_positive,observed_positive,DIME/FollowTheMoney recipient totals,DIME/FollowTheMoney recipient totals,1,-0.5561146953050411,500.0
2010,house,12,118980.0,19590.0,observed_positive,observed_positive,DIME/FollowTheMoney recipient totals,DIME/FollowTheMoney recipient totals,1,1.782926814521066,500.0
2010,house,13,39547.0,132805.0,observed_positive,observed_positive,DIME/FollowTheMoney recipient totals,DIME/FollowTheMoney recipient totals,1,-1.2025859715168432,500.0
2010,house,14,270687.0,261266.0,observed_positive,observed_positive,DIME/FollowTheMoney recipient totals,DIME/FollowTheMoney recipient totals,1,0.03535764490199789,500.0
2010,house,16,128869.0,104375.0,observed_positive,observed_positive,DIME/FollowTheMoney recipient totals,DIME/FollowTheMoney recipient totals,1,0.2098996213452315,500.0
2010,house,21,242190.0,135091.0,observed_positive,observed_positive,DIME/FollowTheMoney recipient totals,DIME/FollowTheMoney recipient totals,1,0.5821419071300636,500.0
2010,house,22,199204.0,150433.0,observed_positive,observed_positive,DIME/FollowTheMoney recipient totals,DIME/FollowTheMoney recipient totals,1,0.28000024052837913,500.0
2010,house,24,132075.0,187984.0,observed_positive,observed_positive,DIME/FollowTheMoney recipient totals,DIME/FollowTheMoney recipient totals,1,-0.3518645996257018,500.0
2010,house,26,90386.0,165786.0,observed_positive,observed_positive,DIME/FollowTheMoney recipient totals,DIME/FollowTheMoney recipient totals,1,-0.6041032235273489,500.0
2010,house,27,,255516.0,unknown_unmatched,observed_positive,none,DIME/FollowTheMoney recipient totals,0,,500.0
2010,house,29,144971.0,49139.0,observed_positive,observed_positive,DIME/FollowTheMoney recipient totals,DIME/FollowTheMoney recipient totals,1,1.0751999389421785,500.0
2010,house,30,44460.0,253373.0,observed_positive,observed_positive,DIME/FollowTheMoney recipient totals,DIME/FollowTheMoney recipient totals,1,-1.7310609363914187,500.0
2010,house,32,57525.0,,observed_positive,unknown_unmatched,DIME/FollowTheMoney recipient totals,none,0,,500.0
2010,house,35,172662.0,151108.0,observed_positive,observed_positive,DIME/FollowTheMoney recipient totals,DIME/FollowTheMoney recipient totals,1,0.1329293302541199,500.0
2010,house,36,36650.0,138450.0,observed_positive,observed_positive,DIME/FollowTheMoney recipient totals,DIME/FollowTheMoney recipient totals,1,-1.3191503850247446,500.0
2010,house,37,116291.0,28925.0,observed_positive,observed_positive,DIME/FollowTheMoney recipient totals,DIME/FollowTheMoney recipient totals,1,1.3785413594843925,500.0
2010,house,38,17962.0,185465.0,observed_positive,observed_positive,DIME/FollowTheMoney recipient totals,DIME/FollowTheMoney recipient totals,1,-2.3098439183956505,500.0
2010,house,39,313579.0,10193.0,observed_positive,observed_positive,DIME/FollowTheMoney recipient totals,DIME/FollowTheMoney recipient totals,1,3.380055224846372,500.0
2010,house,40,44312.0,182010.0,observed_positive,observed_positive,DIME/FollowTheMoney recipient totals,DIME/FollowTheMoney recipient totals,1,-1.4043290053454525,500.0
2010,house,42,159166.0,153042.0,observed_positive,observed_positive,DIME/FollowTheMoney recipient totals,DIME/FollowTheMoney recipient totals,1,0.03910998813224444,500.0
2010,house,43,64227.0,116448.0,observed_positive,observed_positive,DIME/FollowTheMoney recipient totals,DIME/FollowTheMoney recipient totals,1,-0.5915509664370237,500.0
2010,house,45,35010.0,136100.0,observed_positive,observed_positive,DIME/FollowTheMoney recipient totals,DIME/FollowTheMoney recipient totals,1,-1.3472426001816933,500.0
2010,house,61,130646.0,7811.0,observed_positive,observed_positive,DIME/FollowTheMoney recipient totals,DIME/FollowTheMoney recipient totals,1,2.7587312678487406,500.0
2010,house,63,266229.0,88184.0,observed_positive,observed_positive,DIME/FollowTheMoney recipient totals,DIME/FollowTheMoney recipient totals,1,1.1011536719545794,500.0
2010,house,73,247289.0,213121.0,observed_positive,observed_positive,DIME/FollowTheMoney recipient totals,DIME/FollowTheMoney recipient totals,1,0.14837416071192044,500.0
2010,house,75,,85275.0,unknown_unmatched,observed_positive,none,DIME/FollowTheMoney recipient totals,0,,500.0
2010,house,80,256990.0,11500.0,observed_positive,observed_positive,DIME/FollowTheMoney recipient totals,DIME/FollowTheMoney recipient totals,1,3.066074234610238,500.0
2010,house,81,288579.0,225828.0,observed_positive,observed_positive,DIME/FollowTheMoney recipient totals,DIME/FollowTheMoney recipient totals,1,0.2447147326106141,500.0
2010,house,84,49691.0,4908.0,observed_positive,observed_positive,DIME/FollowTheMoney recipient totals,DIME/FollowTheMoney recipient totals,1,2.2279563890154,500.0
2010,house,85,91695.0,155163.0,observed_positive,observed_positive,DIME/FollowTheMoney recipient totals,DIME/FollowTheMoney recipient totals,1,-0.5237875149623913,500.0
2010,house,86,151322.0,267653.0,observed_positive,observed_positive,DIME/FollowTheMoney recipient totals,DIME/FollowTheMoney recipient totals,1,-0.5688489311376113,500.0
2010,house,90,23198.0,6296.0,observed_positive,observed_positive,DIME/FollowTheMoney recipient totals,DIME/FollowTheMoney recipient totals,1,1.2490564525848626,500.0
2010,house,91,331170.0,320544.0,observed_positive,observed_positive,DIME/FollowTheMoney recipient totals,DIME/FollowTheMoney recipient totals,1,0.032562313303590155,500.0
2010,house,92,37580.0,188734.0,observed_positive,observed_positive,DIME/FollowTheMoney recipient totals,DIME/FollowTheMoney recipient totals,1,-1.603295134566694,500.0
2010,house,93,,125061.0,unknown_unmatched,observed_positive,none,DIME/FollowTheMoney recipient totals,0,,500.0
2010,house,98,100075.0,,observed_positive,unknown_unmatched,DIME/FollowTheMoney recipient totals,none,0,,500.0
2010,senate,1,283031.0,31873.0,observed_positive,observed_positive,DIME/FollowTheMoney recipient totals,DIME/FollowTheMoney recipient totals,1,2.1699967225827854,500.0
2010,senate,2,540189.0,343161.0,observed_positive,observed_positive,DIME/FollowTheMoney recipient totals,DIME/FollowTheMoney recipient totals,1,0.4531885458153699,500.0
2010,senate,4,1159190.0,431599.0,observed_positive,observed_positive,DIME/FollowTheMoney recipient totals,DIME/FollowTheMoney recipient totals,1,0.9872532783496518,500.0
2010,senate,5,78476.0,502717.0,observed_positive,observed_positive,DIME/FollowTheMoney recipient totals,DIME/FollowTheMoney recipient totals,1,-1.8518774797564874,500.0
2010,senate,6,1086969.0,48321.0,observed_positive,observed_positive,DIME/FollowTheMoney recipient totals,DIME/FollowTheMoney recipient totals,1,3.103447708645945,500.0
2010,senate,7,549367.0,415353.0,observed_positive,observed_positive,DIME/FollowTheMoney recipient totals,DIME/FollowTheMoney recipient totals,1,0.2793445983735789,500.0
2010,senate,8,1463978.0,221861.0,observed_positive,observed_positive,DIME/FollowTheMoney recipient totals,DIME/FollowTheMoney recipient totals,1,1.8849519566761945,500.0
2010,senate,9,104527.0,305203.0,observed_positive,observed_positive,DIME/FollowTheMoney recipient totals,DIME/FollowTheMoney recipient totals,1,-1.068396582432217,500.0
2010,senate,10,588936.0,230067.0,observed_positive,observed_positive,DIME/FollowTheMoney recipient totals,DIME/FollowTheMoney recipient totals,1,0.9386246548509548,500.0
2010,senate,11,621876.0,405910.0,observed_positive,observed_positive,DIME/FollowTheMoney recipient totals,DIME/FollowTheMoney recipient totals,1,0.4261819094486443,500.0
2010,senate,12,116645.0,702124.0,observed_positive,observed_positive,DIME/FollowTheMoney recipient totals,DIME/FollowTheMoney recipient totals,1,-1.791409414368323,500.0
2010,senate,13,1138885.0,404209.0,observed_positive,observed_positive,DIME/FollowTheMoney recipient totals,DIME/FollowTheMoney recipient totals,1,1.0350756318061731,500.0
2010,senate,17,27300.0,268494.0,observed_positive,observed_positive,DIME/FollowTheMoney recipient totals,DIME/FollowTheMoney recipient totals,1,-2.2696530538237774,500.0
2010,senate,21,275984.0,434019.0,observed_positive,observed_positive,DIME/FollowTheMoney recipient totals,DIME/FollowTheMoney recipient totals,1,-0.45208671906923353,500.0
2010,senate,22,636439.0,52811.0,observed_positive,observed_positive,DIME/FollowTheMoney recipient totals,DIME/FollowTheMoney recipient totals,1,2.4805312007398217,500.0
2010,senate,25,,185013.0,unknown_unmatched,observed_positive,none,DIME/FollowTheMoney recipient totals,0,,500.0
2010,senate,27,429507.0,746919.0,observed_positive,observed_positive,DIME/FollowTheMoney recipient totals,DIME/FollowTheMoney recipient totals,1,-0.5528244505644558,500.0
2010,senate,28,858539.0,12681.0,observed_positive,observed_positive,DIME/FollowTheMoney recipient totals,DIME/FollowTheMoney recipient totals,1,4.177037923853106,500.0
2010,senate,30,375420.0,492395.0,observed_positive,observed_positive,DIME/FollowTheMoney recipient totals,DIME/FollowTheMoney recipient totals,1,-0.2709198148198753,500.0
2010,senate,33,242533.0,,observed_positive,unknown_unmatched,DIME/FollowTheMoney recipient totals,none,0,,500.0
2010,senate,35,79722.0,280704.0,observed_positive,observed_positive,DIME/FollowTheMoney recipient totals,DIME/FollowTheMoney recipient totals,1,-1.2542825931167383,500.0
2014,house,1,105027.84,36261.99,observed_positive,observed_positive,Alabama FCPA principal campaign committee summaries,Alabama FCPA principal campaign committee summaries,1,1.0545103734086767,500.0
2014,house,2,28237.52,173874.9,observed_positive,observed_positive,Alabama FCPA principal campaign committee summaries,Alabama FCPA principal campaign committee summaries,1,-1.8030039930549424,500.0
2014,house,3,110679.33,22353.0,observed_positive,observed_positive,Alabama FCPA principal campaign committee summaries,Alabama FCPA principal campaign committee summaries,1,1.5820620834927017,500.0
2014,house,5,7500.0,183314.9,observed_positive,observed_positive,Alabama FCPA principal campaign committee summaries,Alabama FCPA principal campaign committee summaries,1,-3.1344877313325457,500.0
2014,house,7,22201.2,266651.8,observed_positive,observed_positive,Alabama FCPA principal campaign committee summaries,Alabama FCPA principal campaign committee summaries,1,-2.465399249642583,500.0
2014,house,8,107731.52,243709.0,observed_positive,observed_positive,Alabama FCPA principal campaign committee summaries,Alabama FCPA principal campaign committee summaries,1,-0.8137517796606888,500.0
2014,house,10,,56099.0,unknown_unmatched,observed_positive,none,Alabama FCPA principal campaign committee summaries,0,,500.0
2014,house,16,106750.0,254234.12,observed_positive,observed_positive,Alabama FCPA principal campaign committee summaries,Alabama FCPA principal campaign committee summaries,1,-0.8650577767286022,500.0
2014,house,17,26264.7,0.0,observed_positive,observed_zero,Alabama FCPA principal campaign committee summaries,Alabama FCPA principal campaign committee summaries,1,3.9802310356744357,500.0
2014,house,18,261979.0,14002.15,observed_positive,observed_positive,Alabama FCPA principal campaign committee summaries,Alabama FCPA principal campaign committee summaries,1,2.895874164534689,500.0
2014,house,21,83330.51000000001,224554.05,observed_positive,observed_positive,Alabama FCPA principal campaign committee summaries,Alabama FCPA principal campaign committee summaries,1,-0.9875435732057398,500.0
2014,house,22,8091.52,134292.52,observed_positive,observed_positive,Alabama FCPA principal campaign committee summaries,Alabama FCPA principal campaign committee summaries,1,-2.7529610370401953,500.0
2014,house,23,59138.6,102242.0,observed_positive,observed_positive,Alabama FCPA principal campaign committee summaries,Alabama FCPA principal campaign committee summaries,1,-0.5439179760217944,500.0
2014,house,24,75606.0,258672.29,observed_positive,observed_positive,Alabama FCPA principal campaign committee summaries,Alabama FCPA principal campaign committee summaries,1,-1.2253659475126313,500.0
2014,house,27,40150.4,364628.2,observed_positive,observed_positive,Alabama FCPA principal campaign committee summaries,Alabama FCPA principal campaign committee summaries,1,-2.1952398487475695,500.0
2014,house,28,436578.97,64816.77,observed_positive,observed_positive,Alabama FCPA principal campaign committee summaries,Alabama FCPA principal campaign committee summaries,1,1.9008650701392547,500.0
2014,house,29,48972.08,179358.65,observed_positive,observed_positive,Alabama FCPA principal campaign committee summaries,Alabama FCPA principal campaign committee summaries,1,-1.2907627945803513,500.0
2014,house,33,476.02,0.0,observed_positive,observed_zero,Alabama FCPA principal campaign committee summaries,Alabama FCPA principal campaign committee summaries,1,0.6688749795842253,500.0
2014,house,37,49550.0,125550.07,observed_positive,observed_positive,Alabama FCPA principal campaign committee summaries,Alabama FCPA principal campaign committee summaries,1,-0.9236567032077296,500.0
2014,house,39,209740.0,2480.0,observed_positive,observed_positive,Alabama FCPA principal campaign committee summaries,Alabama FCPA principal campaign committee summaries,1,4.2563264347789325,500.0
2014,house,40,,63225.0,unknown_unmatched,observed_positive,none,Alabama FCPA principal campaign committee summaries,0,,500.0
2014,house,47,,546615.0,unknown_unmatched,observed_positive,none,Alabama FCPA principal campaign committee summaries,0,,500.0
2014,house,52,0.0,12200.0,observed_zero,observed_positive,Alabama FCPA principal campaign committee summaries,Alabama FCPA principal campaign committee summaries,1,-3.2347491740244907,500.0
2014,house,53,76489.41,1950.0,observed_positive,observed_positive,Alabama FCPA principal campaign committee summaries,Alabama FCPA principal campaign committee summaries,1,3.4475798553710586,500.0
2014,house,56,49250.0,149897.34,observed_positive,observed_positive,Alabama FCPA principal campaign committee summaries,Alabama FCPA principal campaign committee summaries,1,-1.1062702615845228,500.0
2014,house,69,38100.0,5415.0,observed_positive,observed_positive,Alabama FCPA principal campaign committee summaries,Alabama FCPA principal campaign committee summaries,1,1.875760779040435,500.0
2014,house,74,1825.0,154530.12,observed_positive,observed_positive,Alabama FCPA principal campaign committee summaries,Alabama FCPA principal campaign committee summaries,1,-4.199899381582385,500.0
2014,house,77,94122.04,0.0,observed_positive,observed_zero,Alabama FCPA principal campaign committee summaries,Alabama FCPA principal campaign committee summaries,1,5.243037610454442,500.0
2014,house,78,0.0,,observed_zero,unknown_unmatched,Alabama FCPA principal campaign committee summaries,none,0,,500.0
2014,house,79,13338.05,1602130.24,observed_positive,observed_positive,Alabama FCPA principal campaign committee summaries,Alabama FCPA principal campaign committee summaries,1,-4.751979414194275,500.0
2014,house,80,11907.6,231700.0,observed_positive,observed_positive,Alabama FCPA principal campaign committee summaries,Alabama FCPA principal campaign committee summaries,1,-2.929289881175465,500.0
2014,house,81,4644.05,167642.94,observed_positive,observed_positive,Alabama FCPA principal campaign committee summaries,Alabama FCPA principal campaign committee summaries,1,-3.4869737440328046,500.0
2014,house,83,50070.0,20126.52,observed_positive,observed_positive,Alabama FCPA principal campaign committee summaries,Alabama FCPA principal campaign committee summaries,1,0.8967808886169383,500.0
2014,house,84,46600.0,7239.43,observed_positive,observed_positive,Alabama FCPA principal campaign committee summaries,Alabama FCPA principal campaign committee summaries,1,1.8059449595433983,500.0
2014,house,85,84000.0,24258.0,observed_positive,observed_positive,Alabama FCPA principal campaign committee summaries,Alabama FCPA principal campaign committee summaries,1,1.2276028652535096,500.0
2014,house,89,51571.52,275882.77,observed_positive,observed_positive,Alabama FCPA principal campaign committee summaries,Alabama FCPA principal campaign committee summaries,1,-1.6691685945362347,500.0
2014,house,90,31050.0,302527.52,observed_positive,observed_positive,Alabama FCPA principal campaign committee summaries,Alabama FCPA principal campaign committee summaries,1,-2.262250037480307,500.0
2014,house,93,38023.42,257055.0,observed_positive,observed_positive,Alabama FCPA principal campaign committee summaries,Alabama FCPA principal campaign committee summaries,1,-1.8999669214937323,500.0
2014,house,98,145200.0,28627.43,observed_positive,observed_positive,Alabama FCPA principal campaign committee summaries,Alabama FCPA principal campaign committee summaries,1,1.6098693713192787,500.0
2014,house,103,83571.33,0.0,observed_positive,observed_zero,Alabama FCPA principal campaign committee summaries,Alabama FCPA principal campaign committee summaries,1,5.124812785731889,500.0
2014,senate,1,53600.0,587796.67,observed_positive,observed_positive,Alabama FCPA principal campaign committee summaries,Alabama FCPA principal campaign committee summaries,1,-2.3863971756245963,500.0
2014,senate,4,129986.86,490948.32,observed_positive,observed_positive,Alabama FCPA principal campaign committee summaries,Alabama FCPA principal campaign committee summaries,1,-1.3260842545131728,500.0
2014,senate,6,0.0,464529.52,observed_zero,observed_positive,Alabama FCPA principal campaign committee summaries,Alabama FCPA principal campaign committee summaries,1,-6.835248068003254,500.0
2014,senate,7,8062.52,301056.0,observed_positive,observed_positive,Alabama FCPA principal campaign committee summaries,Alabama FCPA principal campaign committee summaries,1,-3.561561197544821,500.0
2014,senate,8,197616.0,437987.5,observed_positive,observed_positive,Alabama FCPA principal campaign committee summaries,Alabama FCPA principal campaign committee summaries,1,-0.7944785874022954,500.0
2014,senate,10,377860.37,702901.25,observed_positive,observed_positive,Alabama FCPA principal campaign committee summaries,Alabama FCPA principal campaign committee summaries,1,-0.6200803958719114,500.0
2014,senate,11,0.0,0.0,observed_zero,observed_zero,Alabama FCPA principal campaign committee summaries,Alabama FCPA principal campaign committee summaries,1,0.0,500.0
2014,senate,12,0.0,1536909.25,observed_zero,observed_positive,Alabama FCPA principal campaign committee summaries,Alabama FCPA principal campaign committee summaries,1,-8.031001154108367,500.0
2014,senate,13,190643.94,884876.0,observed_positive,observed_positive,Alabama FCPA principal campaign committee summaries,Alabama FCPA principal campaign committee summaries,1,-1.5329856567493532,500.0
2014,senate,16,,388519.89,unknown_unmatched,observed_positive,none,Alabama FCPA principal campaign committee summaries,0,,500.0
2014,senate,21,224585.0,541428.3,observed_positive,observed_positive,Alabama FCPA principal campaign committee summaries,Alabama FCPA principal campaign committee summaries,1,-0.8786555962238225,500.0
2014,senate,22,158435.0,334424.05,observed_positive,observed_positive,Alabama FCPA principal campaign committee summaries,Alabama FCPA principal campaign committee summaries,1,-0.745408476097876,500.0
2014,senate,27,,739055.2200000001,unknown_unmatched,observed_positive,none,Alabama FCPA principal campaign committee summaries,0,,500.0
2014,senate,28,,17179.65,unknown_unmatched,observed_positive,none,Alabama FCPA principal campaign committee summaries,0,,500.0
2014,senate,31,,463189.0,unknown_unmatched,observed_positive,none,Alabama FCPA principal campaign committee summaries,0,,500.0
2014,senate,35,42750.8,306682.81,observed_positive,observed_positive,Alabama FCPA principal campaign committee summaries,Alabama FCPA principal campaign committee summaries,1,-1.9604273123599685,500.0
2018,house,2,13748.97,176800.0,observed_positive,observed_positive,Alabama FCPA principal campaign committee summaries,Alabama FCPA principal campaign committee summaries,1,-2.521158589679633,500.0
2018,house,3,90321.42,370787.48,observed_positive,observed_positive,Alabama FCPA principal campaign committee summaries,Alabama FCPA principal campaign committee summaries,1,-1.4080814803799375,500.0
2018,house,4,15697.18,170422.22,observed_positive,observed_positive,Alabama FCPA principal campaign committee summaries,Alabama FCPA principal campaign committee summaries,1,-2.3563714462125067,500.0
2018,house,5,9050.23,115701.0,observed_positive,observed_positive,Alabama FCPA principal campaign committee summaries,Alabama FCPA principal campaign committee summaries,1,-2.498756212260497,500.0
2018,house,7,22654.66,88301.71,observed_positive,observed_positive,Alabama FCPA principal campaign committee summaries,Alabama FCPA principal campaign committee summaries,1,-1.3442098503982014,500.0
2018,house,8,13436.0,170856.82,observed_positive,observed_positive,Alabama FCPA principal campaign committee summaries,Alabama FCPA principal campaign committee summaries,1,-2.509272628994131,500.0
2018,house,10,10021.64,163879.56,observed_positive,observed_positive,Alabama FCPA principal campaign committee summaries,Alabama FCPA principal campaign committee summaries,1,-2.7487440552965583,500.0
2018,house,15,14119.55,86182.84,observed_positive,observed_positive,Alabama FCPA principal campaign committee summaries,Alabama FCPA principal campaign committee summaries,1,-1.7798962662273845,500.0
2018,house,18,48045.0,195017.68,observed_positive,observed_positive,Alabama FCPA principal campaign committee summaries,Alabama FCPA principal campaign committee summaries,1,-1.3931596072969425,500.0
2018,house,20,57521.98,115100.0,observed_positive,observed_positive,Alabama FCPA principal campaign committee summaries,Alabama FCPA principal campaign committee summaries,1,-0.6893140519639114,500.0
2018,house,21,0.0,156920.7,observed_zero,observed_positive,Alabama FCPA principal campaign committee summaries,Alabama FCPA principal campaign committee summaries,1,-5.7520690199674505,500.0
2018,house,27,,136009.0,unknown_unmatched,observed_positive,none,Alabama FCPA principal campaign committee summaries,0,,500.0
2018,house,28,35642.04,86759.75,observed_positive,observed_positive,Alabama FCPA principal campaign committee summaries,Alabama FCPA principal campaign committee summaries,1,-0.8814325719692391,500.0
2018,house,29,15458.67,124344.0,observed_positive,observed_positive,Alabama FCPA principal campaign committee summaries,Alabama FCPA principal campaign committee summaries,1,-2.057062702685858,500.0
2018,house,30,9265.48,163810.37,observed_positive,observed_positive,Alabama FCPA principal campaign committee summaries,Alabama FCPA principal campaign committee summaries,1,-2.8229034210357393,500.0
2018,house,32,80405.0,0.0,observed_positive,observed_zero,Alabama FCPA principal campaign committee summaries,Alabama FCPA principal campaign committee summaries,1,5.086422807411717,500.0
2018,house,33,215.0,0.0,observed_positive,observed_zero,Alabama FCPA principal campaign committee summaries,Alabama FCPA principal campaign committee summaries,1,0.3576744442718159,500.0
2018,house,36,8083.56,107020.0,observed_positive,observed_positive,Alabama FCPA principal campaign committee summaries,Alabama FCPA principal campaign committee summaries,1,-2.5278281309148927,500.0
2018,house,37,17173.66,88434.0,observed_positive,observed_positive,Alabama FCPA principal campaign committee summaries,Alabama FCPA principal campaign committee summaries,1,-1.6158191259840882,500.0
2018,house,38,32054.57,212236.32,observed_positive,observed_positive,Alabama FCPA principal campaign committee summaries,Alabama FCPA principal campaign committee summaries,1,-1.8771357063784677,500.0
2018,house,40,7105.14,71500.0,observed_positive,observed_positive,Alabama FCPA principal campaign committee summaries,Alabama FCPA principal campaign committee summaries,1,-2.247841784532756,500.0
2018,house,41,6528.21,105570.0,observed_positive,observed_positive,Alabama FCPA principal campaign committee summaries,Alabama FCPA principal campaign committee summaries,1,-2.714167203160853,500.0
2018,house,43,10784.93,256760.0,observed_positive,observed_positive,Alabama FCPA principal campaign committee summaries,Alabama FCPA principal campaign committee summaries,1,-3.1266190393245443,500.0
2018,house,45,37133.05,235700.0,observed_positive,observed_positive,Alabama FCPA principal campaign committee summaries,Alabama FCPA principal campaign committee summaries,1,-1.8367962500906334,500.0
2018,house,46,121142.03,270930.0,observed_positive,observed_positive,Alabama FCPA principal campaign committee summaries,Alabama FCPA principal campaign committee summaries,1,-0.8026217279840722,500.0
2018,house,47,41531.1,167235.02000000002,observed_positive,observed_positive,Alabama FCPA principal campaign committee summaries,Alabama FCPA principal campaign committee summaries,1,-1.383975651854832,500.0
2018,house,48,,160275.0,unknown_unmatched,observed_positive,none,Alabama FCPA principal campaign committee summaries,0,,500.0
2018,house,51,3720.83,54200.0,observed_positive,observed_positive,Alabama FCPA principal campaign committee summaries,Alabama FCPA principal campaign committee summaries,1,-2.56183191825502,500.0
2018,house,61,22823.0,116749.73,observed_positive,observed_positive,Alabama FCPA principal campaign committee summaries,Alabama FCPA principal campaign committee summaries,1,-1.6148661064036756,500.0
2018,house,62,14515.02,55000.0,observed_positive,observed_positive,Alabama FCPA principal campaign committee summaries,Alabama FCPA principal campaign committee summaries,1,-1.3073319873166505,500.0
2018,house,64,11548.96,125652.14,observed_positive,observed_positive,Alabama FCPA principal campaign committee summaries,Alabama FCPA principal campaign committee summaries,1,-2.348510289716954,500.0
2018,house,65,213704.69,125226.33,observed_positive,observed_positive,Alabama FCPA principal campaign committee summaries,Alabama FCPA principal campaign committee summaries,1,0.532824492552843,500.0
2018,house,66,,113095.0,unknown_unmatched,observed_positive,none,Alabama FCPA principal campaign committee summaries,0,,500.0
2018,house,73,28668.63,204908.64,observed_positive,observed_positive,Alabama FCPA principal campaign committee summaries,Alabama FCPA principal campaign committee summaries,1,-1.9519075441589622,500.0
2018,house,74,8485.0,102250.0,observed_positive,observed_positive,Alabama FCPA principal campaign committee summaries,Alabama FCPA principal campaign committee summaries,1,-2.436742333140822,500.0
2018,house,79,22489.5,211575.0,observed_positive,observed_positive,Alabama FCPA principal campaign committee summaries,Alabama FCPA principal campaign committee summaries,1,-2.2219023957415542,500.0
2018,house,80,545.0,112950.0,observed_positive,observed_positive,Alabama FCPA principal campaign committee summaries,Alabama FCPA principal campaign committee summaries,1,-4.687345325809076,500.0
2018,house,81,15170.14,107225.0,observed_positive,observed_positive,Alabama FCPA principal campaign committee summaries,Alabama FCPA principal campaign committee summaries,1,-1.9278246929045781,500.0
2018,house,83,79121.02,2745.0,observed_positive,observed_positive,Alabama FCPA principal campaign committee summaries,Alabama FCPA principal campaign committee summaries,1,3.2001627781856046,500.0
2018,house,85,127844.0,,observed_positive,unknown_unmatched,Alabama FCPA principal campaign committee summaries,none,0,,500.0
2018,house,86,0.0,167943.9,observed_zero,observed_positive,Alabama FCPA principal campaign committee summaries,Alabama FCPA principal campaign committee summaries,1,-5.819749937230846,500.0
2018,house,88,5046.92,0.0,observed_positive,observed_zero,Alabama FCPA principal campaign committee summaries,Alabama FCPA principal campaign committee summaries,1,2.4063899993188382,500.0
2018,house,89,47450.0,211653.55,observed_positive,observed_positive,Alabama FCPA principal campaign committee summaries,Alabama FCPA principal campaign committee summaries,1,-1.4871515036222025,500.0
2018,house,90,20788.18,261820.0,observed_positive,observed_positive,Alabama FCPA principal campaign committee summaries,Alabama FCPA principal campaign committee summaries,1,-2.5114131434288827,500.0
2018,house,94,58758.51,0.0,observed_positive,observed_zero,Alabama FCPA principal campaign committee summaries,Alabama FCPA principal campaign committee summaries,1,4.775056578953556,500.0
2018,house,96,12701.68,99035.0,observed_positive,observed_positive,Alabama FCPA principal campaign committee summaries,Alabama FCPA principal campaign committee summaries,1,-2.0201652468847855,500.0
2018,house,97,137163.0,114284.0,observed_positive,observed_positive,Alabama FCPA principal campaign committee summaries,Alabama FCPA principal campaign committee summaries,1,0.181756568205783,500.0
2018,house,99,114850.92,1268.14,observed_positive,observed_positive,Alabama FCPA principal campaign committee summaries,Alabama FCPA principal campaign committee summaries,1,4.1780508137132015,500.0
2018,house,104,6155.02,104401.05,observed_positive,observed_positive,Alabama FCPA principal campaign committee summaries,Alabama FCPA principal campaign committee summaries,1,-2.757646067783282,500.0
2018,senate,1,96008.42,561740.0,observed_positive,observed_positive,Alabama FCPA principal campaign committee summaries,Alabama FCPA principal campaign committee summaries,1,-1.7622985465741807,500.0
2018,senate,2,46834.43,436358.8,observed_positive,observed_positive,Alabama FCPA principal campaign committee summaries,Alabama FCPA principal campaign committee summaries,1,-2.222372093076635,500.0
2018,senate,6,896963.94,386876.58,observed_positive,observed_positive,Alabama FCPA principal campaign committee summaries,Alabama FCPA principal campaign committee summaries,1,0.8401756464476148,500.0
2018,senate,7,9349.08,648767.22,observed_positive,observed_positive,Alabama FCPA principal campaign committee summaries,Alabama FCPA principal campaign committee summaries,1,-4.18846632329556,500.0
2018,senate,11,20827.99,0.0,observed_positive,observed_zero,Alabama FCPA principal campaign committee summaries,Alabama FCPA principal campaign committee summaries,1,3.7531674751289716,500.0
2018,senate,12,40358.7,1037926.6,observed_positive,observed_positive,Alabama FCPA principal campaign committee summaries,Alabama FCPA principal campaign committee summaries,1,-3.235342189028141,500.0
2018,senate,13,49358.66,585970.9199999999,observed_positive,observed_positive,Alabama FCPA principal campaign committee summaries,Alabama FCPA principal campaign committee summaries,1,-2.4649308821130353,500.0
2018,senate,14,4012.0,371970.0,observed_positive,observed_positive,Alabama FCPA principal campaign committee summaries,Alabama FCPA principal campaign committee summaries,1,-4.413415983467833,500.0
2018,senate,16,0.0,409725.0,observed_zero,observed_positive,Alabama FCPA principal campaign committee summaries,Alabama FCPA principal campaign committee summaries,1,-6.709852970221159,500.0
2018,senate,21,18930.1,338268.47,observed_positive,observed_positive,Alabama FCPA principal campaign committee summaries,Alabama FCPA principal campaign committee summaries,1,-2.858493484636276,500.0
2018,senate,25,12235.0,509228.0500000001,observed_positive,observed_positive,Alabama FCPA principal campaign committee summaries,Alabama FCPA principal campaign committee summaries,1,-3.689523239772334,500.0
2018,senate,26,,0.0,unknown_unmatched,observed_zero,none,Alabama FCPA principal campaign committee summaries,0,,500.0
2018,senate,27,42329.7,1068459.95,observed_positive,observed_positive,Alabama FCPA principal campaign committee summaries,Alabama FCPA principal campaign committee summaries,1,-3.2172096582361256,500.0
2018,senate,32,44298.85,710546.57,observed_positive,observed_positive,Alabama FCPA principal campaign committee summaries,Alabama FCPA principal campaign committee summaries,1,-2.7645554575064093,500.0
2018,senate,35,22903.02,381011.07,observed_positive,observed_positive,Alabama FCPA principal campaign committee summaries,Alabama FCPA principal campaign committee summaries,1,-2.791274793476321,500.0
2022,house,3,67291.76000000001,197493.13,observed_positive,observed_positive,Alabama FCPA principal campaign committee summaries,Alabama FCPA principal campaign committee summaries,1,-1.071791679485684,500.0
2022,house,7,0.0,142483.4,observed_zero,observed_positive,Alabama FCPA principal campaign committee summaries,Alabama FCPA principal campaign committee summaries,1,-5.655875720165509,500.0
2022,house,10,202138.58,0.0,observed_positive,observed_zero,Alabama FCPA principal campaign committee summaries,Alabama FCPA principal campaign committee summaries,1,6.004571178727826,500.0
2022,house,12,3288.66,130450.0,observed_positive,observed_positive,Alabama FCPA principal campaign committee summaries,Alabama FCPA principal campaign committee summaries,1,-3.5428031763824452,500.0
2022,house,15,85350.63,236270.54000000004,observed_positive,observed_positive,Alabama FCPA principal campaign committee summaries,Alabama FCPA principal campaign committee summaries,1,-1.0144825607891965,500.0
2022,house,25,0.0,222751.0,observed_zero,observed_positive,Alabama FCPA principal campaign committee summaries,Alabama FCPA principal campaign committee summaries,1,-6.101443879589836,500.0
2022,house,26,17762.16,160393.0,observed_positive,observed_positive,Alabama FCPA principal campaign committee summaries,Alabama FCPA principal campaign committee summaries,1,-2.175908388251011,500.0
2022,house,27,4635.9800000000005,143317.5,observed_positive,observed_positive,Alabama FCPA principal campaign committee summaries,Alabama FCPA principal campaign committee summaries,1,-3.3322744623845226,500.0
2022,house,32,0.0,0.0,observed_zero,observed_zero,Alabama FCPA principal campaign committee summaries,Alabama FCPA principal campaign committee summaries,1,0.0,500.0
2022,house,33,6992.92,162250.81,observed_positive,observed_positive,Alabama FCPA principal campaign committee summaries,Alabama FCPA principal campaign committee summaries,1,-3.0782616833411636,500.0
2022,house,40,,126345.0,unknown_unmatched,observed_positive,none,Alabama FCPA principal campaign committee summaries,0,,500.0
2022,house,41,0.0,136852.0,observed_zero,observed_positive,Alabama FCPA principal campaign committee summaries,Alabama FCPA principal campaign committee summaries,1,-5.615694154334856,500.0
2022,house,43,21286.33,219348.87,observed_positive,observed_positive,Alabama FCPA principal campaign committee summaries,Alabama FCPA principal campaign committee summaries,1,-2.311657646857654,500.0
2022,house,47,12454.2,175202.89,observed_positive,observed_positive,Alabama FCPA principal campaign committee summaries,Alabama FCPA principal campaign committee summaries,1,-2.607374383661418,500.0
2022,house,57,104529.19,11350.0,observed_positive,observed_positive,Alabama FCPA principal campaign committee summaries,Alabama FCPA principal campaign committee summaries,1,2.1819104439415433,500.0
2022,house,62,7947.5,111900.0,observed_positive,observed_positive,Alabama FCPA principal campaign committee summaries,Alabama FCPA principal campaign committee summaries,1,-2.5881933978532827,500.0
2022,house,63,15667.32,199907.17,observed_positive,observed_positive,Alabama FCPA principal campaign committee summaries,Alabama FCPA principal campaign committee summaries,1,-2.517359226183886,500.0
2022,house,65,,151250.0,unknown_unmatched,observed_positive,none,Alabama FCPA principal campaign committee summaries,0,,500.0
2022,house,68,159841.93,38460.65,observed_positive,observed_positive,Alabama FCPA principal campaign committee summaries,Alabama FCPA principal campaign committee summaries,1,1.4147564350505082,500.0
2022,house,69,252297.32,0.0,observed_positive,observed_zero,Alabama FCPA principal campaign committee summaries,Alabama FCPA principal campaign committee summaries,1,6.225735241510631,500.0
2022,house,74,331822.12,138146.0,observed_positive,observed_positive,Alabama FCPA principal campaign committee summaries,Alabama FCPA principal campaign committee summaries,1,0.8741808174765296,500.0
2022,house,82,215003.65,0.0,observed_positive,observed_zero,Alabama FCPA principal campaign committee summaries,Alabama FCPA principal campaign committee summaries,1,6.066125027315301,500.0
2022,house,85,161499.0,31275.0,observed_positive,observed_positive,Alabama FCPA principal campaign committee summaries,Alabama FCPA principal campaign committee summaries,1,1.6289103452983082,500.0
2022,house,92,16030.62,119522.0,observed_positive,observed_positive,Alabama FCPA principal campaign committee summaries,Alabama FCPA principal campaign committee summaries,1,-1.9824606406203271,500.0
2022,house,95,17194.42,418901.0,observed_positive,observed_positive,Alabama FCPA principal campaign committee summaries,Alabama FCPA principal campaign committee summaries,1,-3.1655781671841527,500.0
2022,senate,2,166547.96000000002,902494.27,observed_positive,observed_positive,Alabama FCPA principal campaign committee summaries,Alabama FCPA principal campaign committee summaries,1,-1.6874352510663038,500.0
2022,senate,7,14602.88,504809.42,observed_positive,observed_positive,Alabama FCPA principal campaign committee summaries,Alabama FCPA principal campaign committee summaries,1,-3.5102855004034184,500.0
2022,senate,12,0.0,455242.11,observed_zero,observed_positive,Alabama FCPA principal campaign committee summaries,Alabama FCPA principal campaign committee summaries,1,-6.815074281845987,500.0
2022,senate,21,87605.90000000001,330852.31,observed_positive,observed_positive,Alabama FCPA principal campaign committee summaries,Alabama FCPA principal campaign committee summaries,1,-1.3246426899374482,500.0
2022,senate,23,292419.61,4217.88,observed_positive,observed_positive,Alabama FCPA principal campaign committee summaries,Alabama FCPA principal campaign committee summaries,1,4.12853865661456,500.0
2022,senate,27,11596.22,757638.01,observed_positive,observed_positive,Alabama FCPA principal campaign committee summaries,Alabama FCPA principal campaign committee summaries,1,-4.137972433207052,500.0
2022,senate,29,0.0,428850.0,observed_zero,observed_positive,Alabama FCPA principal campaign committee summaries,Alabama FCPA principal campaign committee summaries,1,-6.755419617678439,500.0
2022,senate,33,300583.44,0.0,observed_positive,observed_zero,Alabama FCPA principal campaign committee summaries,Alabama FCPA principal campaign committee summaries,1,6.400534616195747,500.0
