cycle,chamber,district,canonical_party,canonical_votes,canonical_name,canonical_source,person_id,canonical_candidate_id,incumbent,winner,normalized_candidate_name,identity_collision_split,candidate_effect_id,identity_status,context_cmo,within_cycle_cmo,raw_ticket_overperformance,winner_i,incumbent_i,candidate_context_cmo,candidate_within_cycle_cmo,candidate_raw_ticket_overperformance,prior_candidate_context_cmo,prior_cycle,seat_party,prior_seat_candidate,prior_seat_identity_status,prior_seat_cycle,prior_seat_cmo,prior_seat_incumbent
2006,house,21,R,3861.0,AL WIGGINS,alabama_sos,ALPERSON-AL-WIGGINS,AL-2006-house-21-R-AL-WIGGINS,0,0,AL WIGGINS,False,ALNAME-AL-WIGGINS,normalized_full_name,26.105571777653104,17.041767001903168,37.4224792196766,0,0,-26.105571777653104,-17.041767001903168,-37.4224792196766,,,house:21:R,ALNAME-DUGAN-JERRY,normalized_full_name,2002.0,-0.20070410443276554,0.0
2006,house,42,R,5061.0,ALLEN CATON,alabama_sos,ALPERSON-ALLEN-CATON,AL-2006-house-42-R-ALLEN-CATON,0,0,ALLEN CATON,False,ALNAME-ALLEN-CATON,normalized_full_name,34.58314219371591,25.51933741796597,49.80676819449036,0,0,-34.58314219371591,-25.51933741796597,-49.80676819449036,,,house:42:R,ALNAME-CATON-ALLEN,normalized_full_name,2002.0,-30.72205095219683,0.0
2018,house,3,R,9448.0,Andrew Sorrell,official_consolidated_candidate_results,ALPERSON-ANDREW-SORRELL,AL-2018-house-3-R-ANDREW-SORRELL,0,1,ANDREW SORRELL,False,ALNAME-ANDREW-SORRELL,normalized_full_name,-4.068637882901541,9.20254250245052,7.637761202612211,1,0,4.068637882901541,-9.20254250245052,-7.637761202612211,,,house:3:R,ALNAME-FRED-JOLY,normalized_full_name,2014.0,-11.355713265001341,0.0
2006,house,62,D,4645.0,ANN SKELTON,alabama_sos,ALPERSON-ANN-SKELTON,AL-2006-house-62-D-ANN-SKELTON,0,0,ANN SKELTON,False,ALNAME-ANN-SKELTON,normalized_full_name,-19.171797638602143,-28.23560241435208,-7.5239126787124135,0,0,-19.171797638602143,-28.23560241435208,-7.5239126787124135,,,house:62:D,ALNAME-MERRILL-JOHN-H,normalized_full_name,2002.0,-2.8726412915783204,0.0
2006,senate,3,R,24274.0,ARTHUR ORR,alabama_sos,ALPERSON-ARTHUR-ORR,AL-2006-senate-3-R-ARTHUR-ORR,0,1,ARTHUR ORR,False,ALNAME-ARTHUR-ORR,normalized_full_name,-11.990737033311017,-22.038965335110102,-0.9932489500866062,1,0,11.990737033311017,22.038965335110102,0.9932489500866062,,,senate:3:R,ALNAME-SMITH-TERRY,normalized_full_name,2002.0,-32.26203062161758,0.0
2006,house,32,D,6103.0,BARBARA BIGSBY BOYD,alabama_sos,ALPERSON-BARBARA-BIGSBY-BOYD,AL-2006-house-32-D-BARBARA-BIGSBY-BOYD,0,1,BARBARA BIGSBY BOYD,False,ALNAME-BARBARA-BIGSBY-BOYD,normalized_full_name,-5.690638143998008,-14.754442919747945,12.602572420921753,1,0,-5.690638143998008,-14.754442919747945,12.602572420921753,,,house:32:D,ALNAME-BOYD-BARBARA-BIGSBY,normalized_full_name,2002.0,8.886605750013253,0.0
2010,house,91,R,9754.0,BARRY MOORE,alabama_sos,ALPERSON-BARRY-MOORE,AL-2010-house-91-R-BARRY-MOORE,0,1,BARRY MOORE,False,ALNAME-BARRY-MOORE,normalized_full_name,-9.049934456111508,-6.303237807565962,-0.1930649456092155,1,0,9.049934456111508,6.303237807565962,0.1930649456092155,,,house:91:R,ALNAME-RICKY-E-SNELLGROVE,normalized_full_name,2006.0,-35.86652927646096,0.0
2010,house,29,R,5845.0,BECKY NORDGREN,alabama_sos,ALPERSON-BECKY-NORDGREN,AL-2010-house-29-R-BECKY-NORDGREN,0,1,BECKY NORDGREN,False,ALNAME-BECKY-NORDGREN,normalized_full_name,-4.2113260149219425,-1.4646293663763967,7.519731475347568,1,0,4.2113260149219425,1.4646293663763967,-7.519731475347568,,,house:29:R,ALNAME-CODY-ROBINSON,normalized_full_name,2006.0,-4.1366828781538185,0.0
2006,senate,35,R,13945.0,BEN BROOKS,alabama_sos,ALPERSON-BEN-BROOKS,AL-2006-senate-35-R-BEN-BROOKS,0,1,BEN BROOKS,False,ALNAME-BEN-BROOKS,normalized_full_name,0.4547542087136305,-9.593474093085455,2.5692124383323476,1,0,-0.4547542087136305,9.593474093085455,-2.5692124383323476,,,senate:35:R,ALNAME-CALLAHAN-GEORGE-M,normalized_full_name,2002.0,-4.803920669509995,0.0
2006,house,32,R,2189.0,BEN LITTLE,alabama_sos,ALPERSON-BEN-LITTLE,AL-2006-house-32-R-BEN-LITTLE,0,0,BEN LITTLE,False,ALNAME-BEN-LITTLE,normalized_full_name,-5.690638143998008,-14.754442919747945,12.602572420921753,0,0,5.690638143998008,14.754442919747945,-12.602572420921753,,,house:32:R,ALNAME-LITTLE-BENJAMIN-L,normalized_full_name,2002.0,-8.886605750013253,0.0
2010,senate,2,R,33050.0,BILL HOLTZCLAW,alabama_sos,ALPERSON-BILL-HOLTZCLAW,AL-2010-senate-2-R-BILL-HOLTZCLAW,0,1,BILL HOLTZCLAW,False,ALNAME-BILL-HOLTZCLAW,normalized_full_name,7.657161847311663,6.160780836856227,14.516209308670557,1,0,-7.657161847311663,-6.160780836856227,-14.516209308670557,,,senate:2:R,ALNAME-JIM-BURDEN,normalized_full_name,2006.0,-38.16278777072005,0.0
2006,senate,9,R,17375.0,BILL INGRAM,alabama_sos,ALPERSON-BILL-INGRAM,AL-2006-senate-9-R-BILL-INGRAM,0,0,BILL INGRAM,False,ALNAME-BILL-INGRAM,normalized_full_name,31.73373250804102,21.685504206241934,37.227912170284434,0,0,-31.73373250804102,-21.685504206241934,-37.227912170284434,,,senate:9:R,ALNAME-EDMONDS-DORIS,normalized_full_name,2002.0,-12.762534341957494,0.0
2018,house,27,D,2456.0,Bill Jones,official_consolidated_candidate_results,ALPERSON-BILL-JONES,AL-2018-house-27-D-BILL-JONES,0,0,BILL JONES,False,ALNAME-BILL-JONES,normalized_full_name,-17.60741893567797,-4.336238550325909,-3.3449341180233887,0,0,-17.60741893567797,-4.336238550325909,-3.3449341180233887,,,house:27:D,ALNAME-JEFF-MCLAUGHLIN,normalized_full_name,2014.0,23.225678293719216,0.0
2010,house,13,R,7990.0,BILL ROBERTS,alabama_sos,ALPERSON-BILL-ROBERTS,AL-2010-house-13-R-BILL-ROBERTS,0,1,BILL ROBERTS,False,ALNAME-BILL-ROBERTS,normalized_full_name,-5.861970935070596,-3.1152742865250507,7.411259835023575,1,0,5.861970935070596,3.1152742865250507,-7.411259835023575,,,house:13:R,ALNAME-JAMES-BROOKS,normalized_full_name,2006.0,-36.386128427717225,0.0
2006,house,17,R,4582.0,BILLY DIXON,alabama_sos,ALPERSON-BILLY-DIXON,AL-2006-house-17-R-BILLY-DIXON,0,0,BILLY DIXON,False,ALNAME-BILLY-DIXON,normalized_full_name,27.79412779333171,18.730323017581775,36.17420728015223,0,0,-27.79412779333171,-18.730323017581775,-36.17420728015223,,,house:17:R,ALNAME-WESTBROOKS-MIKE,normalized_full_name,2002.0,0.5330334636745362,0.0
2018,house,8,D,5469.0,Billy Jackson,official_consolidated_candidate_results,ALPERSON-BILLY-JACKSON,AL-2018-house-8-D-BILLY-JACKSON,0,0,BILLY JACKSON,False,ALNAME-BILLY-JACKSON,normalized_full_name,-12.872063604274153,0.3991167810779075,-0.35511866502884004,0,0,-12.872063604274153,0.3991167810779075,-0.35511866502884004,,,house:8:D,ALNAME-REX-CHEATHAM,normalized_full_name,2014.0,-0.9687746687985026,0.0
2006,senate,23,R,11734.0,BOB DUKE,alabama_sos,ALPERSON-BOB-DUKE,AL-2006-senate-23-R-BOB-DUKE,0,0,BOB DUKE,False,ALNAME-BOB-DUKE,normalized_full_name,-8.278516441622497,-18.32674474342158,5.099269227320239,0,0,8.278516441622497,18.32674474342158,-5.099269227320239,,,senate:23:R,ALNAME-MOTES-RICHARD,normalized_full_name,2002.0,-13.13050220071278,0.0
2010,house,37,R,7011.0,BOB FINCHER,alabama_sos,ALPERSON-BOB-FINCHER,AL-2010-house-37-R-BOB-FINCHER,0,0,BOB FINCHER,False,ALNAME-BOB-FINCHER,normalized_full_name,13.962948996147997,16.70964564469354,26.752633548174195,0,0,-13.962948996147997,-16.70964564469354,-26.752633548174195,,,house:37:R,ALNAME-PETE-WARD,normalized_full_name,2006.0,-44.403341006888134,0.0
2006,senate,3,D,14522.0,BOBBY DAY,alabama_sos,ALPERSON-BOBBY-DAY,AL-2006-senate-3-D-BOBBY-DAY,0,0,BOBBY DAY,False,ALNAME-BOBBY-DAY,normalized_full_name,-11.990737033311017,-22.038965335110102,-0.9932489500866062,0,0,-11.990737033311017,-22.038965335110102,-0.9932489500866062,,,senate:3:D,ALNAME-ROBERTS-TOMMY-ED,normalized_full_name,2002.0,32.26203062161758,0.0
2010,senate,33,R,8419.0,BRAD MOSER,alabama_sos,ALPERSON-BRAD-MOSER,AL-2010-senate-33-R-BRAD-MOSER,0,0,BRAD MOSER,False,ALNAME-BRAD-MOSER,normalized_full_name,3.261720833999135,1.765339823543699,4.11190114714131,0,0,-3.261720833999135,-1.765339823543699,-4.11190114714131,,,senate:33:R,ALNAME-JEFFERY-JONES,normalized_full_name,2006.0,-11.835522422707974,0.0
2010,senate,5,D,12213.0,BRETT WADSWORTH,alabama_sos,ALPERSON-BRETT-WADSWORTH,AL-2010-senate-5-D-BRETT-WADSWORTH,0,0,BRETT WADSWORTH,False,ALNAME-BRETT-WADSWORTH,normalized_full_name,-30.888430997229648,-32.384812007685085,-10.283109300837921,0,0,-30.888430997229648,-32.384812007685085,-10.283109300837921,,,senate:5:D,ALNAME-LARRY-B-CAGLE,normalized_full_name,2006.0,-5.264653679059121,0.0
2018,house,5,D,4725.0,Brian D Williams,official_consolidated_candidate_results,ALPERSON-BRIAN-D-WILLIAMS,AL-2018-house-5-D-BRIAN-D-WILLIAMS,0,0,BRIAN D WILLIAMS,False,ALNAME-BRIAN-D-WILLIAMS,normalized_full_name,-17.639073305218577,-4.367892919866517,-4.861509787380356,0,0,-17.639073305218577,-4.367892919866517,-4.861509787380356,,,house:5:D,ALNAME-HENRY-A-WHITE,normalized_full_name,2014.0,18.023202533878255,0.0
2010,senate,30,R,25772.0,BRYAN TAYLOR,alabama_sos,ALPERSON-BRYAN-TAYLOR,AL-2010-senate-30-R-BRYAN-TAYLOR,0,1,BRYAN TAYLOR,False,ALNAME-BRYAN-TAYLOR,normalized_full_name,-9.497578263033965,-10.993959273489402,1.6543216326127599,1,0,9.497578263033965,10.993959273489402,-1.6543216326127599,,,senate:30:R,ALNAME-JOAN-REYNOLDS,normalized_full_name,2006.0,-39.9340968403794,0.0
2018,senate,11,D,11411.0,Carl Carter,official_consolidated_candidate_results,ALPERSON-CARL-CARTER,AL-2018-senate-11-D-CARL-CARTER,0,0,CARL CARTER,False,ALNAME-CARL-CARTER,normalized_full_name,-19.42252171875068,-10.160917716364153,-4.090228133466574,0,0,-19.42252171875068,-10.160917716364153,-4.090228133466574,,,senate:11:D,ALNAME-RON-CRUMPTON,normalized_full_name,2014.0,-19.56702041397824,0.0
2018,senate,1,D,15830.0,Caroline Self,official_consolidated_candidate_results,ALPERSON-CAROLINE-SELF,AL-2018-senate-1-D-CAROLINE-SELF,0,0,CAROLINE SELF,False,ALNAME-CAROLINE-SELF,normalized_full_name,-13.528680199904397,-4.26707619751787,-0.1231814757595302,0,0,-13.528680199904397,-4.26707619751787,-0.1231814757595302,,,senate:1:D,ALNAME-MIKE-CURTIS,normalized_full_name,2014.0,-6.6205094906918625,0.0
2006,house,102,R,7043.0,CHAD FINCHER,alabama_sos,ALPERSON-CHAD-FINCHER,AL-2006-house-102-R-CHAD-FINCHER,0,1,CHAD FINCHER,False,ALNAME-CHAD-FINCHER,normalized_full_name,-31.09615636371307,-40.15996113946301,-24.910208957959142,1,0,31.09615636371307,40.15996113946301,24.910208957959142,,,house:102:R,ALNAME-TURNER-J-E,normalized_full_name,2002.0,46.31614681105614,0.0
2018,house,3,D,8540.0,Chad Young,official_consolidated_candidate_results,ALPERSON-CHAD-YOUNG,AL-2018-house-3-D-CHAD-YOUNG,0,0,CHAD YOUNG,False,ALNAME-CHAD-YOUNG,normalized_full_name,-4.068637882901541,9.20254250245052,7.637761202612211,0,0,-4.068637882901541,9.20254250245052,7.637761202612211,,,house:3:D,ALNAME-MARCEL-BLACK,normalized_full_name,2014.0,11.355713265001341,1.0
2010,house,45,D,5103.0,CHARLENE CANNON,alabama_sos,ALPERSON-CHARLENE-CANNON,AL-2010-house-45-D-CHARLENE-CANNON,0,0,CHARLENE CANNON,False,ALNAME-CHARLENE-CANNON,normalized_full_name,-18.294795921549735,-15.548099273004189,-7.991607433166841,0,0,-18.294795921549735,-15.548099273004189,-7.991607433166841,,,house:45:D,ALNAME-PAT-SEWELL,normalized_full_name,2006.0,2.623339704786936,0.0
2006,senate,5,R,20322.0,CHARLES BISHOP,alabama_sos,ALPERSON-CHARLES-BISHOP,AL-2006-senate-5-R-CHARLES-BISHOP,0,1,CHARLES BISHOP,False,ALNAME-CHARLES-BISHOP,normalized_full_name,-5.264653679059121,-15.312881980858206,3.9696684273336054,1,0,5.264653679059121,15.312881980858206,-3.9696684273336054,,,senate:5:R,ALNAME-LEE-CURT,normalized_full_name,2002.0,14.167961290855034,0.0
2018,house,37,D,4505.0,Charlotte A. Clark-Frieson,official_consolidated_candidate_results,ALPERSON-CHARLOTTE-A-CLARK-FRIESON,AL-2018-house-37-D-CHARLOTTE-A-CLARK-FRIESON,0,0,CHARLOTTE A CLARK FRIESON,False,ALNAME-CHARLOTTE-A-CLARK-FRIESON,normalized_full_name,-20.99729822281895,-7.726117837466891,-4.795741153833916,0,0,-20.99729822281895,-7.726117837466891,-4.795741153833916,,,house:37:D,ALNAME-JOSH-BURNS,normalized_full_name,2014.0,5.38067685139826,0.0
2006,senate,7,R,12414.0,CHERYL BASWELL-GUTHRIE,alabama_sos,ALPERSON-CHERYL-BASWELL-GUTHRIE,AL-2006-senate-7-R-CHERYL-BASWELL-GUTHRIE,0,0,CHERYL BASWELL GUTHRIE,False,ALNAME-CHERYL-BASWELL-GUTHRIE,normalized_full_name,31.703588505529154,21.65536020373007,40.16066560382352,0,0,-31.703588505529154,-21.65536020373007,-40.16066560382352,,,senate:7:R,ALNAME-PETERS-ELBERT,normalized_full_name,2002.0,-23.295959379333063,0.0
2018,house,80,R,8506.0,Chris E. Blackshear,official_consolidated_candidate_results,ALPERSON-CHRIS-E-BLACKSHEAR,AL-2018-house-80-R-CHRIS-E-BLACKSHEAR,1,1,CHRIS E BLACKSHEAR,False,ALNAME-CHRIS-E-BLACKSHEAR,normalized_full_name,-25.440050984523012,-12.168870599170951,-10.282358227767489,1,1,25.440050984523012,12.168870599170951,10.282358227767489,,,house:80:R,ALNAME-LESLEY-VANCE,normalized_full_name,2014.0,14.30477464316408,1.0
2018,house,80,D,3407.0,"Christopher F. ""Apostle"" Davis",official_consolidated_candidate_results,ALPERSON-CHRISTOPHER-F-APOSTLE-DAVIS,AL-2018-house-80-D-CHRISTOPHER-F-APOSTLE-DAVIS,0,0,CHRISTOPHER F APOSTLE DAVIS,False,ALNAME-CHRISTOPHER-F-APOSTLE-DAVIS,normalized_full_name,-25.440050984523012,-12.168870599170951,-10.282358227767489,0,0,-25.440050984523012,-12.168870599170951,-10.282358227767489,,,house:80:D,ALNAME-TILLMAN-PUGH,normalized_full_name,2014.0,-14.30477464316408,0.0
2006,house,28,R,3694.0,CHRISTOPHER P. WORD,alabama_sos,ALPERSON-CHRISTOPHER-P-WORD,AL-2006-house-28-R-CHRISTOPHER-P-WORD,0,0,CHRISTOPHER P WORD,False,ALNAME-CHRISTOPHER-P-WORD,normalized_full_name,20.548701990871105,11.484897215121169,31.570890988452774,0,0,-20.548701990871105,-11.484897215121169,-31.570890988452774,,,house:28:R,ALNAME-ABEL-DAVID-C,normalized_full_name,2002.0,-7.4538070844441435,0.0
2006,house,33,D,4404.0,CLARA L. CURTIS,alabama_sos,ALPERSON-CLARA-L-CURTIS,AL-2006-house-33-D-CLARA-L-CURTIS,0,0,CLARA L CURTIS,False,ALNAME-CLARA-L-CURTIS,normalized_full_name,-41.295815355492664,-50.3596201312426,-25.663625831450304,0,0,-41.295815355492664,-50.3596201312426,-25.663625831450304,,,house:33:D,ALNAME-CURTIS-CLARA,normalized_full_name,2002.0,-29.853753280415155,0.0
2010,senate,9,R,30834.0,CLAY SCOFIELD,alabama_sos,ALPERSON-CLAY-SCOFIELD,AL-2010-senate-9-R-CLAY-SCOFIELD,0,1,CLAY SCOFIELD,False,ALNAME-CLAY-SCOFIELD,normalized_full_name,-1.3675154423579343,-2.8638964528133704,9.502400577923147,1,0,1.3675154423579343,2.8638964528133704,-9.502400577923147,,,senate:9:R,ALNAME-BILL-INGRAM,normalized_full_name,2006.0,-31.73373250804102,0.0
2006,house,29,R,3554.0,CODY ROBINSON,alabama_sos,ALPERSON-CODY-ROBINSON,AL-2006-house-29-R-CODY-ROBINSON,0,0,CODY ROBINSON,False,ALNAME-CODY-ROBINSON,normalized_full_name,4.1366828781538185,-4.927121897596118,16.994237220119732,0,0,-4.1366828781538185,4.927121897596118,-16.994237220119732,,,house:29:R,ALNAME-NORDGREN-BECKY,normalized_full_name,2002.0,-11.763750758338116,0.0
2006,house,28,D,7335.0,CRAIG FORD,alabama_sos,ALPERSON-CRAIG-FORD,AL-2006-house-28-D-CRAIG-FORD,0,1,CRAIG FORD,False,ALNAME-CRAIG-FORD,normalized_full_name,20.548701990871105,11.484897215121169,31.570890988452774,1,0,20.548701990871105,11.484897215121169,31.570890988452774,,,house:28:D,ALNAME-FORD-CRAIG,normalized_full_name,2002.0,7.4538070844441435,0.0
2010,senate,22,R,19939.0,DANNY B. JOYNER,alabama_sos,ALPERSON-DANNY-B-JOYNER,AL-2010-senate-22-R-DANNY-B-JOYNER,0,0,DANNY B JOYNER,False,ALNAME-DANNY-B-JOYNER,normalized_full_name,22.342910920746345,20.846529910290908,32.492115756244225,0,0,-22.342910920746345,-20.846529910290908,-32.492115756244225,,,senate:22:R,ALNAME-JOHN-MCMILLAN,normalized_full_name,2006.0,-5.128248129533945,0.0
2018,house,5,R,12395.0,Danny F. Crawford,official_consolidated_candidate_results,ALPERSON-DANNY-F-CRAWFORD,AL-2018-house-5-R-DANNY-F-CRAWFORD,1,1,DANNY F CRAWFORD,False,ALNAME-DANNY-F-CRAWFORD,normalized_full_name,-17.639073305218577,-4.367892919866517,-4.861509787380356,1,1,17.639073305218577,4.367892919866517,4.861509787380356,,,house:5:R,ALNAME-DAN-WILLIAMS,normalized_full_name,2014.0,-18.023202533878255,1.0
2010,house,92,D,3080.0,DAVID S. DARBY,alabama_sos,ALPERSON-DAVID-S-DARBY,AL-2010-house-92-D-DAVID-S-DARBY,0,0,DAVID S DARBY,False,ALNAME-DAVID-S-DARBY,normalized_full_name,-20.253211937432642,-17.506515288887098,-6.322510572937233,0,0,-20.253211937432642,-17.506515288887098,-6.322510572937233,,,house:92:D,ALNAME-SETH-HAMMETT,normalized_full_name,2006.0,78.59642278906351,0.0
2018,senate,35,R,29046.0,David Sessions,official_consolidated_candidate_results,ALPERSON-DAVID-SESSIONS,AL-2018-senate-35-R-DAVID-SESSIONS,0,1,DAVID SESSIONS,False,ALNAME-DAVID-SESSIONS,normalized_full_name,-16.81387617372973,-7.552272171343205,-5.334859635014432,1,0,16.81387617372973,7.552272171343205,5.334859635014432,,,senate:35:R,ALNAME-BILL-HIGHTOWER,normalized_full_name,2014.0,16.029024293332625,0.0
2018,house,47,R,9170.0,David Wheeler,official_consolidated_candidate_results,ALPERSON-DAVID-WHEELER,AL-2018-house-47-R-DAVID-WHEELER,0,1,DAVID WHEELER,False,ALNAME-DAVID-WHEELER,normalized_full_name,8.926626360121192,22.19780674547325,0.14572856713048132,1,0,-8.926626360121192,-22.19780674547325,-0.14572856713048132,,,house:47:R,ALNAME-JACK-WILLIAMS-HOUSE-47,same_cycle_name_collision_split,2014.0,5.300663037569841,1.0
2018,senate,7,D,24363.0,Deborah Barros,official_consolidated_candidate_results,ALPERSON-DEBORAH-BARROS,AL-2018-senate-7-D-DEBORAH-BARROS,0,0,DEBORAH BARROS,False,ALNAME-DEBORAH-BARROS,normalized_full_name,-9.261604002386527,0.0,-6.362415024577876,0,0,-9.261604002386527,0.0,-6.362415024577876,,,senate:7:D,ALNAME-BRYAN-BENNETT,normalized_full_name,2014.0,-9.48146629669036,0.0
2010,senate,25,R,38919.0,DICK L. BREWBAKER,alabama_sos,ALPERSON-DICK-L-BREWBAKER,AL-2010-senate-25-R-DICK-L-BREWBAKER,0,1,DICK L BREWBAKER,False,ALNAME-DICK-L-BREWBAKER,normalized_full_name,-26.5066452637162,-28.00302627417164,-23.695643000120228,1,0,26.5066452637162,28.00302627417164,23.695643000120228,,,senate:25:R,ALNAME-LARRY-DIXON,normalized_full_name,2006.0,7.4320528720353565,0.0
2006,senate,8,R,6678.0,DON STOUT,alabama_sos,ALPERSON-DON-STOUT,AL-2006-senate-8-R-DON-STOUT,0,0,DON STOUT,False,ALNAME-DON-STOUT,normalized_full_name,-16.69215956187243,-26.740387863671515,25.624402815315783,0,0,16.69215956187243,26.740387863671515,-25.624402815315783,,,senate:8:R,ALNAME-HAMMONDS-DAVID,normalized_full_name,2002.0,-5.202782848995078,0.0
2010,senate,25,D,14425.0,DOUG 'Smitty' SMITH,alabama_sos,ALPERSON-DOUG-SMITTY-SMITH,AL-2010-senate-25-D-DOUG-SMITTY-SMITH,0,0,DOUG SMITTY SMITH,False,ALNAME-DOUG-SMITTY-SMITH,normalized_full_name,-26.5066452637162,-28.00302627417164,-23.695643000120228,0,0,-26.5066452637162,-28.00302627417164,-23.695643000120228,,,senate:25:D,ALNAME-MIKE-CHAPPELL,normalized_full_name,2006.0,-7.4320528720353565,0.0
2006,house,38,R,1793.0,DUWAYNE BRIDGES,alabama_sos,ALPERSON-DUWAYNE-BRIDGES,AL-2006-house-38-R-DUWAYNE-BRIDGES,0,1,DUWAYNE BRIDGES,False,ALNAME-DUWAYNE-BRIDGES,normalized_full_name,0.4224718733337234,-8.641332902416213,14.839885575176798,1,0,-0.4224718733337234,8.641332902416213,-14.839885575176798,,,house:38:R,ALNAME-BRIDGES-DUWAYNE,normalized_full_name,2002.0,19.676395002654736,0.0
2006,senate,31,R,13685.0,DWIGHT ADAMS,alabama_sos,ALPERSON-DWIGHT-ADAMS,AL-2006-senate-31-R-DWIGHT-ADAMS,0,0,DWIGHT ADAMS,False,ALNAME-DWIGHT-ADAMS,normalized_full_name,39.625938846567905,29.57771054476882,46.07722152635599,0,0,-39.625938846567905,-29.57771054476882,-46.07722152635599,,,senate:31:R,ALNAME-WHITE-GREGORY-B,normalized_full_name,2002.0,-39.4235638597504,0.0
2010,house,9,R,11405.0,ED HENRY,alabama_sos,ALPERSON-ED-HENRY,AL-2010-house-9-R-ED-HENRY,0,1,ED HENRY,False,ALNAME-ED-HENRY,normalized_full_name,-11.415450401565103,-8.668753753019557,2.544326631555357,1,0,11.415450401565103,8.668753753019557,-2.544326631555357,,,house:9:R,ALNAME-SCOTT-STONE,normalized_full_name,2006.0,-26.30347952953249,0.0
2018,house,81,R,12823.0,Ed Oliver,official_consolidated_candidate_results,ALPERSON-ED-OLIVER,AL-2018-house-81-R-ED-OLIVER,0,1,ED OLIVER,False,ALNAME-ED-OLIVER,normalized_full_name,-15.171754786672217,-1.9005744013201564,-1.8399680766364739,1,0,15.171754786672217,1.9005744013201564,1.8399680766364739,,,house:81:R,ALNAME-MARK-M-TUGGLE,normalized_full_name,2014.0,10.000391859370268,1.0
2018,house,18,D,3886.0,Eddie Britton,official_consolidated_candidate_results,ALPERSON-EDDIE-BRITTON,AL-2018-house-18-D-EDDIE-BRITTON,0,0,EDDIE BRITTON,False,ALNAME-EDDIE-BRITTON,normalized_full_name,-16.68892985255662,-3.4177494672045583,-0.23265842955304805,0,0,-16.68892985255662,-3.4177494672045583,-0.23265842955304805,,,house:18:D,ALNAME-JOHNNY-MACK-MORROW,normalized_full_name,2014.0,24.488162843452997,1.0
2006,house,64,D,3615.0,"ELLIOT D. ""DICK"" WEAVER",alabama_sos,ALPERSON-ELLIOT-D-DICK-WEAVER,AL-2006-house-64-D-ELLIOT-D-DICK-WEAVER,0,0,ELLIOT D DICK WEAVER,False,ALNAME-ELLIOT-D-DICK-WEAVER,normalized_full_name,-3.6702800628213446,-12.734084838571281,0.8301564978060014,0,0,-3.6702800628213446,-12.734084838571281,0.8301564978060014,,,house:64:D,ALNAME-WARREN-J-E-JIMMY,normalized_full_name,2002.0,6.183888672527727,0.0
2006,house,26,D,5310.0,FRANK MCDANIEL,alabama_sos,ALPERSON-FRANK-MCDANIEL,AL-2006-house-26-D-FRANK-MCDANIEL,0,1,FRANK MCDANIEL,False,ALNAME-FRANK-MCDANIEL,normalized_full_name,32.71400868002287,23.650203904272935,40.73446661750508,1,0,32.71400868002287,23.650203904272935,40.73446661750508,,,house:26:D,ALNAME-MCDANIEL-FRANK,normalized_full_name,2002.0,20.03139455342474,0.0
2006,house,102,D,2312.0,GARY JOHNSON,alabama_sos,ALPERSON-GARY-JOHNSON,AL-2006-house-102-D-GARY-JOHNSON,0,0,GARY JOHNSON,False,ALNAME-GARY-JOHNSON,normalized_full_name,-31.09615636371307,-40.15996113946301,-24.910208957959142,0,0,-31.09615636371307,-40.15996113946301,-24.910208957959142,,,house:102:D,ALNAME-JOHNSON-GARY,normalized_full_name,2002.0,-46.31614681105614,0.0
2006,senate,35,D,13434.0,GARY TANNER,alabama_sos,ALPERSON-GARY-TANNER,AL-2006-senate-35-D-GARY-TANNER,0,0,GARY TANNER,False,ALNAME-GARY-TANNER,normalized_full_name,0.4547542087136305,-9.593474093085455,2.5692124383323476,0,0,0.4547542087136305,-9.593474093085455,2.5692124383323476,,,senate:35:D,ALNAME-TANNER-GARY,normalized_full_name,2002.0,4.803920669509995,0.0
2006,house,65,D,3010.0,GEORGE M. (MARC) KEAHEY,alabama_sos,ALPERSON-GEORGE-M-MARC-KEAHEY,AL-2006-house-65-D-GEORGE-M-MARC-KEAHEY,0,1,GEORGE M MARC KEAHEY,False,ALNAME-GEORGE-M-MARC-KEAHEY,normalized_full_name,45.39615747303968,36.33235269728974,47.96648251102414,1,0,45.39615747303968,36.33235269728974,47.96648251102414,,,house:65:D,ALNAME-DOLBARE-JEFF,normalized_full_name,2002.0,11.362165452454803,0.0
2006,house,62,R,7667.0,GERALD ALLEN,alabama_sos,ALPERSON-GERALD-ALLEN,AL-2006-house-62-R-GERALD-ALLEN,0,1,GERALD ALLEN,False,ALNAME-GERALD-ALLEN,normalized_full_name,-19.171797638602143,-28.23560241435208,-7.5239126787124135,1,0,19.171797638602143,28.23560241435208,7.5239126787124135,,,house:62:R,ALNAME-ALLEN-GERALD,normalized_full_name,2002.0,2.8726412915783204,0.0
2010,senate,21,R,20528.0,GERALD ALLEN,alabama_sos,ALPERSON-GERALD-ALLEN,AL-2010-senate-21-R-GERALD-ALLEN,0,1,GERALD ALLEN,False,ALNAME-GERALD-ALLEN,normalized_full_name,11.331038882178419,9.834657871722982,24.332616547643322,1,0,-11.331038882178419,-9.834657871722982,-24.332616547643322,19.171797638602143,2006.0,senate:21:R,ALNAME-JOE-NATHAN-SAXTON,normalized_full_name,2006.0,-40.83603960040604,0.0
2010,senate,13,R,18800.0,GERALD DIAL,alabama_sos,ALPERSON-GERALD-DIAL,AL-2010-senate-13-R-GERALD-DIAL,0,1,GERALD DIAL,False,ALNAME-GERALD-DIAL,normalized_full_name,7.615294571239614,6.118913560784178,22.087315901265253,1,0,-7.615294571239614,-6.118913560784178,-22.087315901265253,,,senate:13:R,ALNAME-JIM-C-INGRAM,normalized_full_name,2006.0,-10.253788959397298,0.0
2018,house,28,R,7091.0,Gil F. Isbell,official_consolidated_candidate_results,ALPERSON-GIL-F-ISBELL,AL-2018-house-28-R-GIL-F-ISBELL,0,1,GIL F ISBELL,False,ALNAME-GIL-F-ISBELL,normalized_full_name,-15.910253843416006,-2.6390734580639457,-0.06483624263127119,1,0,15.910253843416006,2.6390734580639457,0.06483624263127119,,,house:28:R,ALNAME-DOUG-SHERROD,normalized_full_name,2014.0,-10.17869521026401,0.0
2010,senate,5,R,33500.0,GREG REED,alabama_sos,ALPERSON-GREG-REED,AL-2010-senate-5-R-GREG-REED,1,1,GREG REED,False,ALNAME-GREG-REED,normalized_full_name,-30.888430997229648,-32.384812007685085,-10.283109300837921,1,1,30.888430997229648,32.384812007685085,10.283109300837921,,,senate:5:R,ALNAME-CHARLES-BISHOP,normalized_full_name,2006.0,5.264653679059121,0.0
2010,senate,13,D,18443.0,GREG VARNER,alabama_sos,ALPERSON-GREG-VARNER,AL-2010-senate-13-D-GREG-VARNER,0,0,GREG VARNER,False,ALNAME-GREG-VARNER,normalized_full_name,7.615294571239614,6.118913560784178,22.087315901265253,0,0,7.615294571239614,6.118913560784178,22.087315901265253,,,senate:13:D,ALNAME-KIM-S-BENEFIELD,normalized_full_name,2006.0,10.253788959397298,0.0
2006,senate,23,D,20493.0,HANK SANDERS,alabama_sos,ALPERSON-HANK-SANDERS,AL-2006-senate-23-D-HANK-SANDERS,0,1,HANK SANDERS,False,ALNAME-HANK-SANDERS,normalized_full_name,-8.278516441622497,-18.32674474342158,5.099269227320239,1,0,-8.278516441622497,-18.32674474342158,5.099269227320239,,,senate:23:D,ALNAME-SANDERS-HANK,normalized_full_name,2002.0,13.13050220071278,0.0
2006,senate,4,R,15648.0,HAROLD SACHS,alabama_sos,ALPERSON-HAROLD-SACHS,AL-2006-senate-4-R-HAROLD-SACHS,0,0,HAROLD SACHS,False,ALNAME-HAROLD-SACHS,normalized_full_name,26.206195324316358,16.157967022517273,33.5788950160061,0,0,-26.206195324316358,-16.157967022517273,-33.5788950160061,,,senate:4:R,ALNAME-HUNT-GUY,normalized_full_name,2002.0,-21.451764097364016,0.0
2006,house,64,R,5441.0,HARRY SHIVER,alabama_sos,ALPERSON-HARRY-SHIVER,AL-2006-house-64-R-HARRY-SHIVER,0,1,HARRY SHIVER,False,ALNAME-HARRY-SHIVER,normalized_full_name,-3.6702800628213446,-12.734084838571281,0.8301564978060014,1,0,3.6702800628213446,12.734084838571281,-0.8301564978060014,,,house:64:R,ALNAME-ALBRITTON-GREG,normalized_full_name,2002.0,-6.183888672527727,0.0
2006,senate,9,D,20001.0,HINTON HITCHEM,alabama_sos,ALPERSON-HINTON-HITCHEM,AL-2006-senate-9-D-HINTON-HITCHEM,0,1,HINTON HITCHEM,False,ALNAME-HINTON-HITCHEM,normalized_full_name,31.73373250804102,21.685504206241934,37.227912170284434,1,0,31.73373250804102,21.685504206241934,37.227912170284434,,,senate:9:D,ALNAME-MITCHEM-HINTON,normalized_full_name,2002.0,12.762534341957494,0.0
2010,house,38,D,5748.0,HUEY P. LONG,alabama_sos,ALPERSON-HUEY-P-LONG,AL-2010-house-38-D-HUEY-P-LONG,0,0,HUEY P LONG,False,ALNAME-HUEY-P-LONG,normalized_full_name,-2.281589669935271,0.4651069786102746,11.646388362339453,0,0,-2.281589669935271,0.4651069786102746,11.646388362339453,,,house:38:D,ALNAME-MARK-CARLTON,normalized_full_name,2006.0,0.4224718733337234,0.0
2018,house,85,R,6266.0,J. Ron Wilson,official_consolidated_candidate_results,ALPERSON-J-RON-WILSON,AL-2018-house-85-R-J-RON-WILSON,0,0,J RON WILSON,False,ALNAME-J-RON-WILSON,normalized_full_name,6.549266796948124,19.820447182300185,20.38678551837982,0,0,-6.549266796948124,-19.820447182300185,-20.38678551837982,,,house:85:R,ALNAME-BOBBY-LEWIS,normalized_full_name,2014.0,-25.176000838999066,0.0
2006,house,13,R,3202.0,JAMES BROOKS,alabama_sos,ALPERSON-JAMES-BROOKS,AL-2006-house-13-R-JAMES-BROOKS,0,0,JAMES BROOKS,False,ALNAME-JAMES-BROOKS,normalized_full_name,36.386128427717225,27.322323651967288,43.319969941098094,0,0,-36.386128427717225,-27.322323651967288,-43.319969941098094,,,house:13:R,ALNAME-COMBS-TOMMY,normalized_full_name,2002.0,-19.473429818171063,0.0
2010,house,12,D,7667.0,"JAMES C. FIELDS, JR.",alabama_sos,ALPERSON-JAMES-C-FIELDS-JR,AL-2010-house-12-D-JAMES-C-FIELDS-JR,1,0,JAMES C FIELDS,False,ALNAME-JAMES-C-FIELDS,normalized_full_name,20.775366153671442,23.522062802216986,34.29574326998933,0,1,20.775366153671442,23.522062802216986,34.29574326998933,,,house:12:D,ALNAME-NEAL-MORRISON,normalized_full_name,2006.0,38.35619337724319,0.0
2006,house,42,D,7950.0,JAMES M. (JIMMY) MARTIN,alabama_sos,ALPERSON-JAMES-M-JIMMY-MARTIN,AL-2006-house-42-D-JAMES-M-JIMMY-MARTIN,0,1,JAMES M JIMMY MARTIN,False,ALNAME-JAMES-M-JIMMY-MARTIN,normalized_full_name,34.58314219371591,25.51933741796597,49.80676819449036,1,0,34.58314219371591,25.51933741796597,49.80676819449036,,,house:42:D,ALNAME-MARTIN-JAMES-M-JIMMY,normalized_full_name,2002.0,30.72205095219683,0.0
2018,house,18,R,9845.0,Jamie Kiel,official_consolidated_candidate_results,ALPERSON-JAMIE-KIEL,AL-2018-house-18-R-JAMIE-KIEL,0,1,JAMIE KIEL,False,ALNAME-JAMIE-KIEL,normalized_full_name,-16.68892985255662,-3.4177494672045583,-0.23265842955304805,1,0,16.68892985255662,3.4177494672045583,0.23265842955304805,,,house:18:R,ALNAME-GERRY-WALLACE,normalized_full_name,2014.0,-24.488162843452997,0.0
2018,house,29,D,3032.0,Jared Millican,official_consolidated_candidate_results,ALPERSON-JARED-MILLICAN,AL-2018-house-29-D-JARED-MILLICAN,0,0,JARED MILLICAN,False,ALNAME-JARED-MILLICAN,normalized_full_name,-13.685925964435384,-0.41474557908332343,2.1868866890307856,0,0,-13.685925964435384,-0.41474557908332343,2.1868866890307856,,,house:29:D,ALNAME-MICHAEL-J-GLADDEN,normalized_full_name,2014.0,-9.00490020365477,1.0
2010,senate,7,D,20819.0,JEFF ENFINGER,alabama_sos,ALPERSON-JEFF-ENFINGER,AL-2010-senate-7-D-JEFF-ENFINGER,0,0,JEFF ENFINGER,False,ALNAME-JEFF-ENFINGER,normalized_full_name,-6.75963786435859,-8.256018874814025,-1.7621509940189934,0,0,-6.75963786435859,-8.256018874814025,-1.7621509940189934,,,senate:7:D,ALNAME-PARKER-GRIFFITH,normalized_full_name,2006.0,31.703588505529154,0.0
2006,house,26,R,3958.0,JEFF STONE,alabama_sos,ALPERSON-JEFF-STONE,AL-2006-house-26-R-JEFF-STONE,0,0,JEFF STONE,False,ALNAME-JEFF-STONE,normalized_full_name,32.71400868002287,23.650203904272935,40.73446661750508,0,0,-32.71400868002287,-23.650203904272935,-40.73446661750508,,,house:26:R,ALNAME-PATTERSON-JEFFREY,normalized_full_name,2002.0,-20.03139455342474,0.0
2006,house,11,R,5981.0,JEREMY H. ODEN,alabama_sos,ALPERSON-JEREMY-H-ODEN,AL-2006-house-11-R-JEREMY-H-ODEN,0,1,JEREMY H ODEN,False,ALNAME-JEREMY-H-ODEN,normalized_full_name,8.037405554415793,-1.0263992213341435,16.374522140525002,1,0,-8.037405554415793,1.0263992213341435,-16.374522140525002,,,house:11:R,ALNAME-ODEN-JEREMY-H,normalized_full_name,2002.0,7.180810747402324,0.0
2018,house,81,D,4696.0,"Jeremy ""J.J."" Jeffcoat",official_consolidated_candidate_results,ALPERSON-JEREMY-J-J-JEFFCOAT,AL-2018-house-81-D-JEREMY-J-J-JEFFCOAT,0,0,JEREMY J J JEFFCOAT,False,ALNAME-JEREMY-J-J-JEFFCOAT,normalized_full_name,-15.171754786672217,-1.9005744013201564,-1.8399680766364739,0,0,-15.171754786672217,-1.9005744013201564,-1.8399680766364739,,,house:81:D,ALNAME-DYLAN-V-OLIVER,normalized_full_name,2014.0,-10.000391859370268,0.0
2018,house,83,D,8940.0,"Jeremy ""Mr. Eyg"" Gray",official_consolidated_candidate_results,ALPERSON-JEREMY-MR-EYG-GRAY,AL-2018-house-83-D-JEREMY-MR-EYG-GRAY,0,1,JEREMY MR EYG GRAY,False,ALNAME-JEREMY-MR-EYG-GRAY,normalized_full_name,-2.7466435305330386,10.524536854819022,10.49591474920556,1,0,-2.7466435305330386,10.524536854819022,10.49591474920556,,,house:83:D,ALNAME-GEORGE-TOOTIE-BANDY,normalized_full_name,2014.0,-3.9384532335875875,1.0
2010,senate,11,D,19928.0,JERRY L. FIELDING,alabama_sos,ALPERSON-JERRY-L-FIELDING,AL-2010-senate-11-D-JERRY-L-FIELDING,0,1,JERRY L FIELDING,False,ALNAME-JERRY-L-FIELDING,normalized_full_name,1.496381010455436,0.0,14.60812916016145,1,0,1.496381010455436,0.0,14.60812916016145,,,senate:11:D,ALNAME-JIM-PREUITT,normalized_full_name,2006.0,28.386398123924245,0.0
2006,house,11,D,5063.0,JIM BOYD,alabama_sos,ALPERSON-JIM-BOYD,AL-2006-house-11-D-JIM-BOYD,0,0,JIM BOYD,False,ALNAME-JIM-BOYD,normalized_full_name,8.037405554415793,-1.0263992213341435,16.374522140525002,0,0,8.037405554415793,-1.0263992213341435,16.374522140525002,,,house:11:D,ALNAME-MAZE-DENNIS-E,normalized_full_name,2002.0,-7.180810747402324,0.0
2006,senate,2,R,9381.0,JIM BURDEN,alabama_sos,ALPERSON-JIM-BURDEN,AL-2006-senate-2-R-JIM-BURDEN,0,0,JIM BURDEN,False,ALNAME-JIM-BURDEN,normalized_full_name,38.16278777072005,28.114559468920966,47.1954136986695,0,0,-38.16278777072005,-28.114559468920966,-47.1954136986695,,,senate:2:R,ALNAME-ANDREWS-STEVE,normalized_full_name,2002.0,-24.655509040226907,0.0
2006,senate,11,R,13557.0,JIM HETHCOX,alabama_sos,ALPERSON-JIM-HETHCOX,AL-2006-senate-11-R-JIM-HETHCOX,0,0,JIM HETHCOX,False,ALNAME-JIM-HETHCOX,normalized_full_name,28.386398123924245,18.33816982212516,29.110916461656505,0,0,-28.386398123924245,-18.33816982212516,-29.110916461656505,,,senate:11:R,ALNAME-BRADFORD-RALPH,normalized_full_name,2002.0,-21.71106438504354,0.0
2010,house,21,R,6654.0,JIM PATTERSON,alabama_sos,ALPERSON-JIM-PATTERSON,AL-2010-house-21-R-JIM-PATTERSON,0,1,JIM PATTERSON,False,ALNAME-JIM-PATTERSON,normalized_full_name,6.890321664846403,9.637018313391948,15.57039666970504,1,0,-6.890321664846403,-9.637018313391948,-15.57039666970504,,,house:21:R,ALNAME-AL-WIGGINS,normalized_full_name,2006.0,-26.105571777653104,0.0
2006,senate,11,D,25766.0,JIM PREUITT,alabama_sos,ALPERSON-JIM-PREUITT,AL-2006-senate-11-D-JIM-PREUITT,0,1,JIM PREUITT,False,ALNAME-JIM-PREUITT,normalized_full_name,28.386398123924245,18.33816982212516,29.110916461656505,1,0,28.386398123924245,18.33816982212516,29.110916461656505,,,senate:11:D,ALNAME-PREIUTT-JIM,normalized_full_name,2002.0,21.71106438504354,0.0
2018,house,47,D,7721.0,Jim Toomey,official_consolidated_candidate_results,ALPERSON-JIM-TOOMEY,AL-2018-house-47-D-JIM-TOOMEY,0,0,JIM TOOMEY,False,ALNAME-JIM-TOOMEY,normalized_full_name,8.926626360121192,22.19780674547325,0.14572856713048132,0,0,8.926626360121192,22.19780674547325,0.14572856713048132,,,house:47:D,ALNAME-SALVATORE-BAMBINELLI,normalized_full_name,2014.0,-5.300663037569841,0.0
2018,senate,12,D,15010.0,Jim Williams,official_consolidated_candidate_results,ALPERSON-JIM-WILLIAMS,AL-2018-senate-12-D-JIM-WILLIAMS,0,0,JIM WILLIAMS,False,ALNAME-JIM-WILLIAMS,normalized_full_name,-12.304564015999834,-3.042960013613307,3.4771513521006803,0,0,-12.304564015999834,-3.042960013613307,3.4771513521006803,,,senate:12:D,ALNAME-TAYLOR-STEWART,normalized_full_name,2014.0,4.106370438976567,0.0
2006,senate,31,D,16900.0,JIMMY W. HOLLEY,alabama_sos,ALPERSON-JIMMY-W-HOLLEY,AL-2006-senate-31-D-JIMMY-W-HOLLEY,0,1,JIMMY W HOLLEY,False,ALNAME-JIMMY-W-HOLLEY,normalized_full_name,39.625938846567905,29.57771054476882,46.07722152635599,1,0,39.625938846567905,29.57771054476882,46.07722152635599,,,senate:31:D,ALNAME-HOLLEY-JIMMY-W,normalized_full_name,2002.0,39.4235638597504,0.0
2018,house,90,D,6051.0,Joanne Whetstone,official_consolidated_candidate_results,ALPERSON-JOANNE-WHETSTONE,AL-2018-house-90-D-JOANNE-WHETSTONE,0,0,JOANNE WHETSTONE,False,ALNAME-JOANNE-WHETSTONE,normalized_full_name,-23.28987692230756,-10.018696536955499,-6.9245362329228755,0,0,-23.28987692230756,-10.018696536955499,-6.9245362329228755,,,house:90:D,ALNAME-WALTON-HICKMAN,normalized_full_name,2014.0,-10.23011746494029,0.0
2018,house,79,R,9717.0,Joe Lovvorn,official_consolidated_candidate_results,ALPERSON-JOE-LOVVORN,AL-2018-house-79-R-JOE-LOVVORN,1,1,JOE LOVVORN,False,ALNAME-JOE-LOVVORN,normalized_full_name,-4.668885618451352,8.602294766900709,-12.01567364385826,1,1,4.668885618451352,-8.602294766900709,12.01567364385826,,,house:79:R,ALNAME-MIKE-HUBBARD,normalized_full_name,2014.0,-10.914960088061722,1.0
2006,senate,21,R,9695.0,"JOE NATHAN SAXTON, SR.",alabama_sos,ALPERSON-JOE-NATHAN-SAXTON-SR,AL-2006-senate-21-R-JOE-NATHAN-SAXTON-SR,0,0,JOE NATHAN SAXTON,False,ALNAME-JOE-NATHAN-SAXTON,normalized_full_name,40.83603960040604,30.787811298606954,50.99383241510107,0,0,-40.83603960040604,-30.787811298606954,-50.99383241510107,,,senate:21:R,ALNAME-TINGLE-JERRY,normalized_full_name,2002.0,-19.045140083071352,0.0
2006,house,29,D,5271.0,"JOHN G. ""JACK"" PAGE, III",alabama_sos,ALPERSON-JOHN-G-JACK-PAGE-III,AL-2006-house-29-D-JOHN-G-JACK-PAGE-III,0,1,JOHN G JACK PAGE,False,ALNAME-JOHN-G-JACK-PAGE,normalized_full_name,4.1366828781538185,-4.927121897596118,16.994237220119732,1,0,4.1366828781538185,-4.927121897596118,16.994237220119732,,,house:29:D,ALNAME-PAGE-JACK,normalized_full_name,2002.0,11.763750758338116,0.0
2006,house,7,D,8470.0,"JOHN ""JODY"" LETSON",alabama_sos,ALPERSON-JOHN-JODY-LETSON,AL-2006-house-7-D-JOHN-JODY-LETSON,0,1,JOHN JODY LETSON,False,ALNAME-JOHN-JODY-LETSON,normalized_full_name,10.529873636213132,1.4660688604631957,30.292371435902098,1,0,10.529873636213132,1.4660688604631957,30.292371435902098,,,house:7:D,ALNAME-LETSON-JOHN-JODY,normalized_full_name,2002.0,36.660221889930284,0.0
2006,senate,22,R,9309.0,JOHN MCMILLAN,alabama_sos,ALPERSON-JOHN-MCMILLAN,AL-2006-senate-22-R-JOHN-MCMILLAN,0,1,JOHN MCMILLAN,False,ALNAME-JOHN-MCMILLAN,normalized_full_name,5.128248129533945,-4.919980172265141,10.265741101977948,1,0,-5.128248129533945,4.919980172265141,-10.265741101977948,,,senate:22:R,ALNAME-DAY-SHELDON-A,normalized_full_name,2002.0,-4.579290768949547,0.0
2006,house,6,R,3960.0,"JOHN ""TONY"" STILES",alabama_sos,ALPERSON-JOHN-TONY-STILES,AL-2006-house-6-R-JOHN-TONY-STILES,0,0,JOHN TONY STILES,False,ALNAME-JOHN-TONY-STILES,normalized_full_name,36.20400734184436,27.140202566094423,45.317757444459474,0,0,-36.20400734184436,-27.140202566094423,-45.317757444459474,,,house:6:R,ALNAME-FARGERSON-SHAWN,normalized_full_name,2002.0,-13.306441971698819,0.0
2018,senate,6,D,21796.0,Johnny Mack Morrow,official_consolidated_candidate_results,ALPERSON-JOHNNY-MACK-MORROW,AL-2018-senate-6-D-JOHNNY-MACK-MORROW,0,0,JOHNNY MACK MORROW,False,ALNAME-JOHNNY-MACK-MORROW,normalized_full_name,10.01720425924966,19.278808261636186,24.91288328719966,0,0,10.01720425924966,19.278808261636186,24.91288328719966,24.488162843452997,2014.0,senate:6:D,ALNAME-ROGER-BEDFORD,normalized_full_name,2014.0,-1.4685593454982218,1.0
2010,house,73,D,8137.0,JOSEPH LISTER 'Joe' HUBBARD,alabama_sos,ALPERSON-JOSEPH-LISTER-JOE-HUBBARD,AL-2010-house-73-D-JOSEPH-LISTER-JOE-HUBBARD,0,1,JOSEPH LISTER JOE HUBBARD,False,ALNAME-JOSEPH-LISTER-JOE-HUBBARD,normalized_full_name,3.436271413497691,6.182968062043237,-3.9132639038509307,1,0,3.436271413497691,6.182968062043237,-3.9132639038509307,,,house:73:D,ALNAME-LARRY-A-GREWELLE,normalized_full_name,2006.0,0.9054094094925951,0.0
2010,house,40,R,8582.0,K.L. (Koven) BROWN,alabama_sos,ALPERSON-K-L-KOVEN-BROWN,AL-2010-house-40-R-K-L-KOVEN-BROWN,0,1,K L KOVEN BROWN,False,ALNAME-K-L-KOVEN-BROWN,normalized_full_name,-0.3616841277955949,2.385012520749951,11.70009553423332,1,0,0.3616841277955949,-2.385012520749951,-11.70009553423332,,,house:40:R,ALNAME-TOM-SHELTON,normalized_full_name,2006.0,-12.765637648794115,0.0
2010,house,9,D,4294.0,KATHY WHITE GOODWIN,alabama_sos,ALPERSON-KATHY-WHITE-GOODWIN,AL-2010-house-9-D-KATHY-WHITE-GOODWIN,0,0,KATHY WHITE GOODWIN,False,ALNAME-KATHY-WHITE-GOODWIN,normalized_full_name,-11.415450401565103,-8.668753753019557,2.544326631555357,0,0,-11.415450401565103,-8.668753753019557,2.544326631555357,,,house:9:D,ALNAME-RONALD-GRANTLAND,normalized_full_name,2006.0,26.30347952953249,0.0
2010,house,7,R,7096.0,KEN JOHNSON,alabama_sos,ALPERSON-KEN-JOHNSON,AL-2010-house-7-R-KEN-JOHNSON,0,1,KEN JOHNSON,False,ALNAME-KEN-JOHNSON,normalized_full_name,-4.755587308559269,-2.0088906600137233,13.747216390295366,1,0,4.755587308559269,2.0088906600137233,-13.747216390295366,,,house:7:R,ALNAME-MICHAEL-ROBINSON,normalized_full_name,2006.0,-10.529873636213132,0.0
2018,house,7,D,3592.0,Kenneth A. Brackins,official_consolidated_candidate_results,ALPERSON-KENNETH-A-BRACKINS,AL-2018-house-7-D-KENNETH-A-BRACKINS,0,0,KENNETH A BRACKINS,False,ALNAME-KENNETH-A-BRACKINS,normalized_full_name,-13.27118038535206,0.0,4.084076860023352,0,0,-13.27118038535206,0.0,4.084076860023352,,,house:7:D,ALNAME-JOHN-JODY-LETSON,normalized_full_name,2014.0,13.368279644349208,0.0
2010,house,26,R,7203.0,KERRY RICH,alabama_sos,ALPERSON-KERRY-RICH,AL-2010-house-26-R-KERRY-RICH,0,1,KERRY RICH,False,ALNAME-KERRY-RICH,normalized_full_name,11.377113534642913,14.123810183188459,23.85371425845766,1,0,-11.377113534642913,-14.123810183188459,-23.85371425845766,,,house:26:R,ALNAME-JEFF-STONE,normalized_full_name,2006.0,-32.71400868002287,0.0
2010,house,42,R,9382.0,KURT WALLACE,alabama_sos,ALPERSON-KURT-WALLACE,AL-2010-house-42-R-KURT-WALLACE,0,1,KURT WALLACE,False,ALNAME-KURT-WALLACE,normalized_full_name,1.5776669478492806,4.324363596394827,13.808347161711445,1,0,-1.5776669478492806,-4.324363596394827,-13.808347161711445,,,house:42:R,ALNAME-ALLEN-CATON,normalized_full_name,2006.0,-34.58314219371591,0.0
2018,house,28,D,5731.0,Kyle Pierce,official_consolidated_candidate_results,ALPERSON-KYLE-PIERCE,AL-2018-house-28-D-KYLE-PIERCE,0,0,KYLE PIERCE,False,ALNAME-KYLE-PIERCE,normalized_full_name,-15.910253843416006,-2.6390734580639457,-0.06483624263127119,0,0,-15.910253843416006,-2.6390734580639457,-0.06483624263127119,,,house:28:D,ALNAME-CRAIG-FORD,normalized_full_name,2014.0,10.17869521026401,1.0
2006,senate,5,D,16088.0,LARRY B. CAGLE,alabama_sos,ALPERSON-LARRY-B-CAGLE,AL-2006-senate-5-D-LARRY-B-CAGLE,0,0,LARRY B CAGLE,False,ALNAME-LARRY-B-CAGLE,normalized_full_name,-5.264653679059121,-15.312881980858206,3.9696684273336054,0,0,-5.264653679059121,-15.312881980858206,3.9696684273336054,,,senate:5:D,ALNAME-DUTTON-JOHN-RANDALL,normalized_full_name,2002.0,-14.167961290855034,0.0
2006,senate,25,R,33197.0,LARRY DIXON,alabama_sos,ALPERSON-LARRY-DIXON,AL-2006-senate-25-R-LARRY-DIXON,0,1,LARRY DIXON,False,ALNAME-LARRY-DIXON,normalized_full_name,-7.4320528720353565,-17.48028117383444,-10.920439220073703,1,0,7.4320528720353565,17.48028117383444,10.920439220073703,,,senate:25:R,ALNAME-DIXON-LARRY,normalized_full_name,2002.0,19.17268601981616,0.0
2006,house,40,D,5946.0,LEA FITE,alabama_sos,ALPERSON-LEA-FITE,AL-2006-house-40-D-LEA-FITE,0,1,LEA FITE,False,ALNAME-LEA-FITE,normalized_full_name,12.765637648794115,3.7018328730441787,26.635349789854256,1,0,12.765637648794115,3.7018328730441787,26.635349789854256,,,house:40:D,ALNAME-FITE-LEA,normalized_full_name,2002.0,9.460307185860911,0.0
2018,senate,16,D,21851.0,Lindsey Deckard,official_consolidated_candidate_results,ALPERSON-LINDSEY-DECKARD,AL-2018-senate-16-D-LINDSEY-DECKARD,0,0,LINDSEY DECKARD,False,ALNAME-LINDSEY-DECKARD,normalized_full_name,5.757224659386466,15.018828661772993,-4.099730770995507,0,0,5.757224659386466,15.018828661772993,-4.099730770995507,,,senate:16:D,ALNAME-CINDY-BELL,normalized_full_name,2014.0,-0.08725650781490657,0.0
2006,house,35,R,3166.0,LONNIE C. ROBINSON,alabama_sos,ALPERSON-LONNIE-C-ROBINSON,AL-2006-house-35-R-LONNIE-C-ROBINSON,0,0,LONNIE C ROBINSON,False,ALNAME-LONNIE-C-ROBINSON,normalized_full_name,49.10238937235758,40.03858459660764,62.696277380851974,0,0,-49.10238937235758,-40.03858459660764,-62.696277380851974,,,house:35:R,ALNAME-SIMS-LARRY-P,normalized_full_name,2002.0,-16.6381140744097,0.0
2018,house,2,D,4798.0,Lora Kay Morrow,official_consolidated_candidate_results,ALPERSON-LORA-KAY-MORROW,AL-2018-house-2-D-LORA-KAY-MORROW,0,0,LORA KAY MORROW,False,ALNAME-LORA-KAY-MORROW,normalized_full_name,-11.5544088636345,1.7167715217175612,-0.37595706246705873,0,0,-11.5544088636345,1.7167715217175612,-0.37595706246705873,,,house:2:D,ALNAME-ANDREW-ANDY-BETTERTON,normalized_full_name,2014.0,4.291190133887657,0.0
2010,senate,8,D,20016.0,LOWELL BARRON,alabama_sos,ALPERSON-LOWELL-BARRON,AL-2010-senate-8-D-LOWELL-BARRON,1,0,LOWELL BARRON,False,ALNAME-LOWELL-BARRON,normalized_full_name,6.136340967718142,4.639959957262706,22.206882245651098,0,1,6.136340967718142,4.639959957262706,22.206882245651098,,,senate:8:D,ALNAME-LOWELL-R-BARRON,normalized_full_name,2006.0,-16.69215956187243,0.0
2006,senate,8,D,9882.0,LOWELL R. BARRON,alabama_sos,ALPERSON-LOWELL-R-BARRON,AL-2006-senate-8-D-LOWELL-R-BARRON,0,1,LOWELL R BARRON,False,ALNAME-LOWELL-R-BARRON,normalized_full_name,-16.69215956187243,-26.740387863671515,25.624402815315783,1,0,-16.69215956187243,-26.740387863671515,25.624402815315783,,,senate:8:D,ALNAME-BARRON-LOWELL,normalized_full_name,2002.0,5.202782848995078,0.0
2010,house,12,R,9062.0,MAC BUTTRAM,alabama_sos,ALPERSON-MAC-BUTTRAM,AL-2010-house-12-R-MAC-BUTTRAM,0,1,MAC BUTTRAM,False,ALNAME-MAC-BUTTRAM,normalized_full_name,20.775366153671442,23.522062802216986,34.29574326998933,1,0,-20.775366153671442,-23.522062802216986,-34.29574326998933,,,house:12:R,ALNAME-RHONDA-D-BRUNER,normalized_full_name,2006.0,-38.35619337724319,0.0
2010,senate,22,D,24785.0,MARC KEAHEY,alabama_sos,ALPERSON-MARC-KEAHEY,AL-2010-senate-22-D-MARC-KEAHEY,0,1,MARC KEAHEY,False,ALNAME-MARC-KEAHEY,normalized_full_name,22.342910920746345,20.846529910290908,32.492115756244225,1,0,22.342910920746345,20.846529910290908,32.492115756244225,,,senate:22:D,ALNAME-PAT-LINDSEY,normalized_full_name,2006.0,5.128248129533945,0.0
2006,house,38,D,1296.0,MARK CARLTON,alabama_sos,ALPERSON-MARK-CARLTON,AL-2006-house-38-D-MARK-CARLTON,0,0,MARK CARLTON,False,ALNAME-MARK-CARLTON,normalized_full_name,0.4224718733337234,-8.641332902416213,14.839885575176798,0,0,0.4224718733337234,-8.641332902416213,14.839885575176798,,,house:38:D,ALNAME-PATTERSON-ARTHUR-FRANK,normalized_full_name,2002.0,-19.676395002654736,0.0
2018,house,79,D,7015.0,Mary Wynne Kling,official_consolidated_candidate_results,ALPERSON-MARY-WYNNE-KLING,AL-2018-house-79-D-MARY-WYNNE-KLING,0,0,MARY WYNNE KLING,False,ALNAME-MARY-WYNNE-KLING,normalized_full_name,-4.668885618451352,8.602294766900709,-12.01567364385826,0,0,-4.668885618451352,8.602294766900709,-12.01567364385826,,,house:79:D,ALNAME-SHIRLEY-SCOTT-HARRIS,normalized_full_name,2014.0,10.914960088061722,0.0
2010,house,80,R,4626.0,MERVIN DUDLEY,alabama_sos,ALPERSON-MERVIN-DUDLEY,AL-2010-house-80-R-MERVIN-DUDLEY,0,0,MERVIN DUDLEY,False,ALNAME-MERVIN-DUDLEY,normalized_full_name,16.879263396359796,19.62596004490534,30.563443226996867,0,0,-16.879263396359796,-19.62596004490534,-30.563443226996867,,,house:80:R,ALNAME-CINDY-DUNN-IRVIN,normalized_full_name,2006.0,-13.764085711765556,0.0
2018,house,83,R,5142.0,Michael J Holden II,official_consolidated_candidate_results,ALPERSON-MICHAEL-J-HOLDEN-II,AL-2018-house-83-R-MICHAEL-J-HOLDEN-II,0,0,MICHAEL J HOLDEN,False,ALNAME-MICHAEL-J-HOLDEN,normalized_full_name,-2.7466435305330386,10.524536854819022,10.49591474920556,0,0,2.7466435305330386,-10.524536854819022,-10.49591474920556,,,house:83:R,ALNAME-GARY-HEAD,normalized_full_name,2014.0,3.9384532335875875,0.0
2006,house,7,R,3999.0,MICHAEL ROBINSON,alabama_sos,ALPERSON-MICHAEL-ROBINSON,AL-2006-house-7-R-MICHAEL-ROBINSON,0,0,MICHAEL ROBINSON,False,ALNAME-MICHAEL-ROBINSON,normalized_full_name,10.529873636213132,1.4660688604631957,30.292371435902098,0,0,-10.529873636213132,-1.4660688604631957,-30.292371435902098,,,house:7:R,ALNAME-RIDDLE-YOLANDA-YOYO,normalized_full_name,2002.0,-36.660221889930284,0.0
2006,house,4,R,6276.0,MICKY HAMMON,alabama_sos,ALPERSON-MICKY-HAMMON,AL-2006-house-4-R-MICKY-HAMMON,0,1,MICKY HAMMON,False,ALNAME-MICKY-HAMMON,normalized_full_name,4.960183390120267,-4.103621385629669,8.334689447590552,1,0,-4.960183390120267,4.103621385629669,-8.334689447590552,,,house:4:R,ALNAME-HAMMON-MICKY,normalized_full_name,2002.0,-5.644958773351247,0.0
2006,senate,25,D,11469.0,MIKE CHAPPELL,alabama_sos,ALPERSON-MIKE-CHAPPELL,AL-2006-senate-25-D-MIKE-CHAPPELL,0,0,MIKE CHAPPELL,False,ALNAME-MIKE-CHAPPELL,normalized_full_name,-7.4320528720353565,-17.48028117383444,-10.920439220073703,0,0,-7.4320528720353565,-17.48028117383444,-10.920439220073703,,,senate:25:D,ALNAME-COX-HOBSON,normalized_full_name,2002.0,-19.17268601981616,0.0
2010,house,92,R,6809.0,"MIKE JONES, JR.",alabama_sos,ALPERSON-MIKE-JONES-JR,AL-2010-house-92-R-MIKE-JONES-JR,0,1,MIKE JONES,False,ALNAME-MIKE-JONES,normalized_full_name,-20.253211937432642,-17.506515288887098,-6.322510572937233,1,0,20.253211937432642,17.506515288887098,6.322510572937233,,,house:92:R,ALNAME-WILLIAM-E-BLOCKER,normalized_full_name,2006.0,-78.59642278906351,0.0
2006,house,17,D,8168.0,MIKE MILLICAN,alabama_sos,ALPERSON-MIKE-MILLICAN,AL-2006-house-17-D-MIKE-MILLICAN,0,1,MIKE MILLICAN,False,ALNAME-MIKE-MILLICAN,normalized_full_name,27.79412779333171,18.730323017581775,36.17420728015223,1,0,27.79412779333171,18.730323017581775,36.17420728015223,,,house:17:D,ALNAME-MILLICAN-MIKE,normalized_full_name,2002.0,-0.5330334636745362,0.0
2018,senate,27,D,20586.0,Nancy Carlton Bendinger,official_consolidated_candidate_results,ALPERSON-NANCY-CARLTON-BENDINGER,AL-2018-senate-27-D-NANCY-CARLTON-BENDINGER,0,0,NANCY CARLTON BENDINGER,False,ALNAME-NANCY-CARLTON-BENDINGER,normalized_full_name,-8.008760770616956,1.252843231769571,-2.1618532443636305,0,0,-8.008760770616956,1.252843231769571,-2.1618532443636305,,,senate:27:D,ALNAME-HAYLEE-MOSS,normalized_full_name,2014.0,-15.69805761946209,0.0
2006,house,12,D,9097.0,NEAL MORRISON,alabama_sos,ALPERSON-NEAL-MORRISON,AL-2006-house-12-D-NEAL-MORRISON,0,1,NEAL MORRISON,False,ALNAME-NEAL-MORRISON,normalized_full_name,38.35619337724319,29.29238860149325,46.80099809247718,1,0,38.35619337724319,29.29238860149325,46.80099809247718,,,house:12:D,ALNAME-MORRISON-NEAL,normalized_full_name,2002.0,38.37192024214289,0.0
2006,house,65,R,1311.0,NICK WILLIAMS,alabama_sos,ALPERSON-NICK-WILLIAMS,AL-2006-house-65-R-NICK-WILLIAMS,0,0,NICK WILLIAMS,False,ALNAME-NICK-WILLIAMS,normalized_full_name,45.39615747303968,36.33235269728974,47.96648251102414,0,0,-45.39615747303968,-36.33235269728974,-47.96648251102414,,,house:65:R,ALNAME-WILLIAMS-NICK,normalized_full_name,2002.0,-11.362165452454803,0.0
2006,senate,7,D,23582.0,PARKER GRIFFITH,alabama_sos,ALPERSON-PARKER-GRIFFITH,AL-2006-senate-7-D-PARKER-GRIFFITH,0,1,PARKER GRIFFITH,False,ALNAME-PARKER-GRIFFITH,normalized_full_name,31.703588505529154,21.65536020373007,40.16066560382352,1,0,31.703588505529154,21.65536020373007,40.16066560382352,,,senate:7:D,ALNAME-ENFINGER-JEFF,normalized_full_name,2002.0,23.295959379333063,0.0
2006,senate,22,D,9258.0,PAT LINDSEY,alabama_sos,ALPERSON-PAT-LINDSEY,AL-2006-senate-22-D-PAT-LINDSEY,0,0,PAT LINDSEY,False,ALNAME-PAT-LINDSEY,normalized_full_name,5.128248129533945,-4.919980172265141,10.265741101977948,0,0,5.128248129533945,-4.919980172265141,10.265741101977948,,,senate:22:D,ALNAME-LINDSEY-PAT,normalized_full_name,2002.0,4.579290768949547,0.0
2010,senate,4,R,25621.0,PAUL BUSSMAN,alabama_sos,ALPERSON-PAUL-BUSSMAN,AL-2010-senate-4-R-PAUL-BUSSMAN,0,1,PAUL BUSSMAN,False,ALNAME-PAUL-BUSSMAN,normalized_full_name,-0.45457882925518334,-1.9509598397106194,19.384248230327273,1,0,0.45457882925518334,1.9509598397106194,-19.384248230327273,,,senate:4:R,ALNAME-HAROLD-SACHS,normalized_full_name,2006.0,-26.206195324316358,0.0
2010,senate,7,R,25333.0,PAUL L. SANFORD,alabama_sos,ALPERSON-PAUL-L-SANFORD,AL-2010-senate-7-R-PAUL-L-SANFORD,1,1,PAUL L SANFORD,False,ALNAME-PAUL-L-SANFORD,normalized_full_name,-6.75963786435859,-8.256018874814025,-1.7621509940189934,1,1,6.75963786435859,8.256018874814025,1.7621509940189934,,,senate:7:R,ALNAME-CHERYL-BASWELL-GUTHRIE,normalized_full_name,2006.0,-31.703588505529154,0.0
2006,senate,27,R,10520.0,PEGGY MARTIN,alabama_sos,ALPERSON-PEGGY-MARTIN,AL-2006-senate-27-R-PEGGY-MARTIN,0,0,PEGGY MARTIN,False,ALNAME-PEGGY-MARTIN,normalized_full_name,30.235887054333244,20.18765875253416,40.85326076318357,0,0,-30.235887054333244,-20.18765875253416,-40.85326076318357,,,senate:27:R,ALNAME-WARD-KEITH-J,normalized_full_name,2002.0,-37.9485580243704,0.0
2006,house,37,R,3510.0,PETE WARD,alabama_sos,ALPERSON-PETE-WARD,AL-2006-house-37-R-PETE-WARD,0,0,PETE WARD,False,ALNAME-PETE-WARD,normalized_full_name,44.403341006888134,35.3395362311382,49.97382957683007,0,0,-44.403341006888134,-35.3395362311382,-49.97382957683007,,,house:37:R,ALNAME-CREED-WAYNE-J,normalized_full_name,2002.0,-50.554054705654536,0.0
2006,senate,21,D,22017.0,PHIL POOLE,alabama_sos,ALPERSON-PHIL-POOLE,AL-2006-senate-21-D-PHIL-POOLE,0,1,PHIL POOLE,False,ALNAME-PHIL-POOLE,normalized_full_name,40.83603960040604,30.787811298606954,50.99383241510107,1,0,40.83603960040604,30.787811298606954,50.99383241510107,,,senate:21:D,ALNAME-POOLE-PHIL,normalized_full_name,2002.0,19.045140083071352,0.0
2018,house,7,R,10892.0,Proncey Robertson,official_consolidated_candidate_results,ALPERSON-PRONCEY-ROBERTSON,AL-2018-house-7-R-PRONCEY-ROBERTSON,0,1,PRONCEY ROBERTSON,False,ALNAME-PRONCEY-ROBERTSON,normalized_full_name,-13.27118038535206,0.0,4.084076860023352,1,0,13.27118038535206,-0.0,-4.084076860023352,,,house:7:R,ALNAME-KEN-JOHNSON,normalized_full_name,2014.0,-13.368279644349208,1.0
2010,house,26,D,4873.0,RANDALL WHITE,alabama_sos,ALPERSON-RANDALL-WHITE,AL-2010-house-26-D-RANDALL-WHITE,0,0,RANDALL WHITE,False,ALNAME-RANDALL-WHITE,normalized_full_name,11.377113534642913,14.123810183188459,23.85371425845766,0,0,11.377113534642913,14.123810183188459,23.85371425845766,,,house:26:D,ALNAME-FRANK-MCDANIEL,normalized_full_name,2006.0,32.71400868002287,0.0
2006,house,21,D,6063.0,RANDY HINSHAW,alabama_sos,ALPERSON-RANDY-HINSHAW,AL-2006-house-21-D-RANDY-HINSHAW,0,1,RANDY HINSHAW,False,ALNAME-RANDY-HINSHAW,normalized_full_name,26.105571777653104,17.041767001903168,37.4224792196766,1,0,26.105571777653104,17.041767001903168,37.4224792196766,,,house:21:D,ALNAME-HINSHAW-RANDY,normalized_full_name,2002.0,0.20070410443276554,0.0
2018,senate,13,R,31614.0,Randy Price,official_consolidated_candidate_results,ALPERSON-RANDY-PRICE,AL-2018-senate-13-R-RANDY-PRICE,0,1,RANDY PRICE,False,ALNAME-RANDY-PRICE,normalized_full_name,-17.607708364311474,-8.346104361924947,-1.3776044131448373,1,0,17.607708364311474,8.346104361924947,1.3776044131448373,,,senate:13:R,ALNAME-GERALD-DIAL,normalized_full_name,2014.0,7.4768696511457335,1.0
2010,senate,11,R,17323.0,RAY ROBBINS,alabama_sos,ALPERSON-RAY-ROBBINS,AL-2010-senate-11-R-RAY-ROBBINS,0,0,RAY ROBBINS,False,ALNAME-RAY-ROBBINS,normalized_full_name,1.496381010455436,0.0,14.60812916016145,0,0,-1.496381010455436,-0.0,-14.60812916016145,,,senate:11:R,ALNAME-JIM-HETHCOX,normalized_full_name,2006.0,-28.386398123924245,0.0
2018,house,74,D,6160.0,Rayford Mack,official_consolidated_candidate_results,ALPERSON-RAYFORD-MACK,AL-2018-house-74-D-RAYFORD-MACK,0,0,RAYFORD MACK,False,ALNAME-RAYFORD-MACK,normalized_full_name,-19.02398839472073,-5.752808009368671,-15.227227600735581,0,0,-19.02398839472073,-5.752808009368671,-15.227227600735581,,,house:74:D,ALNAME-ZACK-BUCKNER,normalized_full_name,2014.0,-19.050934161170375,0.0
2018,house,21,R,13311.0,Rex Reynolds,official_consolidated_candidate_results,ALPERSON-REX-REYNOLDS,AL-2018-house-21-R-REX-REYNOLDS,1,1,REX REYNOLDS,False,ALNAME-REX-REYNOLDS,normalized_full_name,-10.839698910896313,2.4314814744557474,-7.751206305052314,1,1,10.839698910896313,-2.4314814744557474,7.751206305052314,,,house:21:R,ALNAME-JIM-PATTERSON,normalized_full_name,2014.0,2.673183634025577,1.0
2006,house,12,R,5312.0,RHONDA D. BRUNER,alabama_sos,ALPERSON-RHONDA-D-BRUNER,AL-2006-house-12-R-RHONDA-D-BRUNER,0,0,RHONDA D BRUNER,False,ALNAME-RHONDA-D-BRUNER,normalized_full_name,38.35619337724319,29.29238860149325,46.80099809247718,0,0,-38.35619337724319,-29.29238860149325,-46.80099809247718,,,house:12:R,ALNAME-BESHEARS-MITCHELL,normalized_full_name,2002.0,-38.37192024214289,0.0
2006,house,37,D,7752.0,RICHARD LAIRD,alabama_sos,ALPERSON-RICHARD-LAIRD,AL-2006-house-37-D-RICHARD-LAIRD,0,1,RICHARD LAIRD,False,ALNAME-RICHARD-LAIRD,normalized_full_name,44.403341006888134,35.3395362311382,49.97382957683007,1,0,44.403341006888134,35.3395362311382,49.97382957683007,,,house:37:D,ALNAME-LAIRD-RICHARD,normalized_full_name,2002.0,50.554054705654536,0.0
2018,senate,21,D,16005.0,Rick Burnham,official_consolidated_candidate_results,ALPERSON-RICK-BURNHAM,AL-2018-senate-21-D-RICK-BURNHAM,0,0,RICK BURNHAM,False,ALNAME-RICK-BURNHAM,normalized_full_name,-5.647064322798364,3.6145396795881624,-1.6948361893584334,0,0,-5.647064322798364,3.6145396795881624,-1.6948361893584334,,,senate:21:D,ALNAME-PHIL-POOLE,normalized_full_name,2014.0,-2.2048884830550968,0.0
2006,house,91,R,6409.0,RICKY E. SNELLGROVE,alabama_sos,ALPERSON-RICKY-E-SNELLGROVE,AL-2006-house-91-R-RICKY-E-SNELLGROVE,0,0,RICKY E SNELLGROVE,False,ALNAME-RICKY-E-SNELLGROVE,normalized_full_name,35.86652927646096,26.802724500711022,40.57004915138367,0,0,-35.86652927646096,-26.802724500711022,-40.57004915138367,,,house:91:R,ALNAME-HOWELL-WES,normalized_full_name,2002.0,-37.878577912446474,0.0
2010,house,40,D,5148.0,RICKY WHALEY,alabama_sos,ALPERSON-RICKY-WHALEY,AL-2010-house-40-D-RICKY-WHALEY,0,0,RICKY WHALEY,False,ALNAME-RICKY-WHALEY,normalized_full_name,-0.3616841277955949,2.385012520749951,11.70009553423332,0,0,-0.3616841277955949,2.385012520749951,11.70009553423332,,,house:40:D,ALNAME-LEA-FITE,normalized_full_name,2006.0,12.765637648794115,0.0
2006,house,33,R,8161.0,RON JOHNSON,alabama_sos,ALPERSON-RON-JOHNSON,AL-2006-house-33-R-RON-JOHNSON,0,1,RON JOHNSON,False,ALNAME-RON-JOHNSON,normalized_full_name,-41.295815355492664,-50.3596201312426,-25.663625831450304,1,0,41.295815355492664,50.3596201312426,25.663625831450304,,,house:33:R,ALNAME-JOHNSON-RON,normalized_full_name,2002.0,29.853753280415155,0.0
2010,house,32,R,2903.0,RON STRUZIK,alabama_sos,ALPERSON-RON-STRUZIK,AL-2010-house-32-R-RON-STRUZIK,0,0,RON STRUZIK,False,ALNAME-RON-STRUZIK,normalized_full_name,7.76331346236887,10.510010110914417,19.90181679412416,0,0,-7.76331346236887,-10.510010110914417,-19.90181679412416,,,house:32:R,ALNAME-BEN-LITTLE,normalized_full_name,2006.0,5.690638143998008,0.0
2006,house,9,D,7135.0,RONALD GRANTLAND,alabama_sos,ALPERSON-RONALD-GRANTLAND,AL-2006-house-9-D-RONALD-GRANTLAND,0,1,RONALD GRANTLAND,False,ALNAME-RONALD-GRANTLAND,normalized_full_name,26.30347952953249,17.239674753782552,35.69236775846867,1,0,26.30347952953249,17.239674753782552,35.69236775846867,,,house:9:D,ALNAME-GRANTLAND-RONALD,normalized_full_name,2002.0,16.008747644283915,0.0
2010,house,93,D,3270.0,RONNIE HELMS,alabama_sos,ALPERSON-RONNIE-HELMS,AL-2010-house-93-D-RONNIE-HELMS,0,0,RONNIE HELMS,False,ALNAME-RONNIE-HELMS,normalized_full_name,-43.73288262576732,-40.98618597722177,-34.70950920302887,0,0,-43.73288262576732,-40.98618597722177,-34.70950920302887,-12.409450660064792,2006.0,house:93:D,ALNAME-JOHN-WILLIAMS,normalized_full_name,2006.0,-7.778627468415941,0.0
2018,senate,7,R,30080.0,Sam Givhan,official_consolidated_candidate_results,ALPERSON-SAM-GIVHAN,AL-2018-senate-7-R-SAM-GIVHAN,0,1,SAM GIVHAN,False,ALNAME-SAM-GIVHAN,normalized_full_name,-9.261604002386527,0.0,-6.362415024577876,1,0,9.261604002386527,-0.0,6.362415024577876,,,senate:7:R,ALNAME-PAUL-L-SANFORD,normalized_full_name,2014.0,9.48146629669036,1.0
2010,senate,35,D,12653.0,SCOTT A BUZBEE,alabama_sos,ALPERSON-SCOTT-A-BUZBEE,AL-2010-senate-35-D-SCOTT-A-BUZBEE,0,0,SCOTT A BUZBEE,False,ALNAME-SCOTT-A-BUZBEE,normalized_full_name,-13.365379306986235,-14.861760317441671,-4.818134154628623,0,0,-13.365379306986235,-14.861760317441671,-4.818134154628623,,,senate:35:D,ALNAME-GARY-TANNER,normalized_full_name,2006.0,0.4547542087136305,0.0
2018,house,33,D,4928.0,Scott Brewer,official_consolidated_candidate_results,ALPERSON-SCOTT-BREWER,AL-2018-house-33-D-SCOTT-BREWER,0,0,SCOTT BREWER,False,ALNAME-SCOTT-BREWER,normalized_full_name,-21.255472356233955,-7.984291970881895,-4.425738768163811,0,0,-21.255472356233955,-7.984291970881895,-4.425738768163811,,,house:33:D,ALNAME-ANTHONY-ZACHERO,normalized_full_name,2014.0,-37.701084800696194,0.0
2006,house,9,R,5719.0,SCOTT STONE,alabama_sos,ALPERSON-SCOTT-STONE,AL-2006-house-9-R-SCOTT-STONE,0,0,SCOTT STONE,False,ALNAME-SCOTT-STONE,normalized_full_name,26.30347952953249,17.239674753782552,35.69236775846867,0,0,-26.30347952953249,-17.239674753782552,-35.69236775846867,,,house:9:R,ALNAME-COLEY-ROY,normalized_full_name,2002.0,-16.008747644283915,0.0
2006,house,92,D,8703.0,SETH HAMMETT,alabama_sos,ALPERSON-SETH-HAMMETT,AL-2006-house-92-D-SETH-HAMMETT,0,1,SETH HAMMETT,False,ALNAME-SETH-HAMMETT,normalized_full_name,78.59642278906351,69.53261801331357,86.02340627256626,1,0,78.59642278906351,69.53261801331357,86.02340627256626,,,house:92:D,ALNAME-HAMMETT-SETH,normalized_full_name,2002.0,51.70225184822285,0.0
2010,senate,8,R,20603.0,SHADRACK McGILL,alabama_sos,ALPERSON-SHADRACK-MCGILL,AL-2010-senate-8-R-SHADRACK-MCGILL,0,1,SHADRACK MCGILL,False,ALNAME-SHADRACK-MCGILL,normalized_full_name,6.136340967718142,4.639959957262706,22.206882245651098,1,0,-6.136340967718142,-4.639959957262706,-22.206882245651098,,,senate:8:R,ALNAME-DON-STOUT,normalized_full_name,2006.0,16.69215956187243,0.0
2006,house,35,D,7572.0,STEVE HURST,alabama_sos,ALPERSON-STEVE-HURST,AL-2006-house-35-D-STEVE-HURST,0,1,STEVE HURST,False,ALNAME-STEVE-HURST,normalized_full_name,49.10238937235758,40.03858459660764,62.696277380851974,1,0,49.10238937235758,40.03858459660764,62.696277380851974,,,house:35:D,ALNAME-HURST-STEVE,normalized_full_name,2002.0,16.6381140744097,0.0
2010,house,35,R,6292.0,STEVEN M. DEAN,alabama_sos,ALPERSON-STEVEN-M-DEAN,AL-2010-house-35-R-STEVEN-M-DEAN,0,0,STEVEN M DEAN,False,ALNAME-STEVEN-M-DEAN,normalized_full_name,23.21284562191933,25.959542270464876,35.10685978252062,0,0,-23.21284562191933,-25.959542270464876,-35.10685978252062,,,house:35:R,ALNAME-LONNIE-C-ROBINSON,normalized_full_name,2006.0,-49.10238937235758,0.0
2006,house,4,D,3819.0,SUE MITCHELL,alabama_sos,ALPERSON-SUE-MITCHELL,AL-2006-house-4-D-SUE-MITCHELL,0,0,SUE MITCHELL,False,ALNAME-SUE-MITCHELL,normalized_full_name,4.960183390120267,-4.103621385629669,8.334689447590552,0,0,4.960183390120267,-4.103621385629669,8.334689447590552,,,house:4:D,ALNAME-HANSBERRY-CATHY,normalized_full_name,2002.0,5.644958773351247,0.0
2006,house,6,D,7202.0,SUE SCHMITZ,alabama_sos,ALPERSON-SUE-SCHMITZ,AL-2006-house-6-D-SUE-SCHMITZ,0,1,SUE SCHMITZ,False,ALNAME-SUE-SCHMITZ,normalized_full_name,36.20400734184436,27.140202566094423,45.317757444459474,1,0,36.20400734184436,27.140202566094423,45.317757444459474,,,house:6:D,ALNAME-SCHMITZ-SUE,normalized_full_name,2002.0,13.306441971698819,0.0
2006,senate,27,D,16012.0,T. D. (TED) LITTLE,alabama_sos,ALPERSON-T-D-TED-LITTLE,AL-2006-senate-27-D-T-D-TED-LITTLE,0,1,T D TED LITTLE,False,ALNAME-T-D-TED-LITTLE,normalized_full_name,30.235887054333244,20.18765875253416,40.85326076318357,1,0,30.235887054333244,20.18765875253416,40.85326076318357,,,senate:27:D,ALNAME-LITTLE-T-D-TED,normalized_full_name,2002.0,37.9485580243704,0.0
2018,house,21,D,8391.0,Terry Jones,official_consolidated_candidate_results,ALPERSON-TERRY-JONES,AL-2018-house-21-D-TERRY-JONES,0,0,TERRY JONES,False,ALNAME-TERRY-JONES,normalized_full_name,-10.839698910896313,2.4314814744557474,-7.751206305052314,0,0,-10.839698910896313,2.4314814744557474,-7.751206305052314,,,house:21:D,ALNAME-C-TERRY-JONES,normalized_full_name,2014.0,-2.673183634025577,0.0
2006,house,91,D,6787.0,TERRY SPICER,alabama_sos,ALPERSON-TERRY-SPICER,AL-2006-house-91-D-TERRY-SPICER,0,1,TERRY SPICER,False,ALNAME-TERRY-SPICER,normalized_full_name,35.86652927646096,26.802724500711022,40.57004915138367,1,0,35.86652927646096,26.802724500711022,40.57004915138367,,,house:91:D,ALNAME-SPICER-TERRY,normalized_full_name,2002.0,37.878577912446474,0.0
2010,senate,9,D,13933.0,TIM MITCHELL,alabama_sos,ALPERSON-TIM-MITCHELL,AL-2010-senate-9-D-TIM-MITCHELL,0,0,TIM MITCHELL,False,ALNAME-TIM-MITCHELL,normalized_full_name,-1.3675154423579343,-2.8638964528133704,9.502400577923147,0,0,-1.3675154423579343,-2.8638964528133704,9.502400577923147,,,senate:9:D,ALNAME-HINTON-HITCHEM,normalized_full_name,2006.0,31.73373250804102,0.0
2006,senate,2,D,13231.0,TOM BUTLER,alabama_sos,ALPERSON-TOM-BUTLER,AL-2006-senate-2-D-TOM-BUTLER,0,1,TOM BUTLER,False,ALNAME-TOM-BUTLER,normalized_full_name,38.16278777072005,28.114559468920966,47.1954136986695,1,0,38.16278777072005,28.114559468920966,47.1954136986695,,,senate:2:D,ALNAME-BUTLER-TOM,normalized_full_name,2002.0,24.655509040226907,0.0
2018,senate,35,D,13896.0,Tom Holmes,official_consolidated_candidate_results,ALPERSON-TOM-HOLMES,AL-2018-senate-35-D-TOM-HOLMES,0,0,TOM HOLMES,False,ALNAME-TOM-HOLMES,normalized_full_name,-16.81387617372973,-7.552272171343205,-5.334859635014432,0,0,-16.81387617372973,-7.552272171343205,-5.334859635014432,,,senate:35:D,ALNAME-BEAU-DOOLITTLE,normalized_full_name,2014.0,-16.029024293332625,0.0
2006,house,40,R,5553.0,TOM SHELTON,alabama_sos,ALPERSON-TOM-SHELTON,AL-2006-house-40-R-TOM-SHELTON,0,0,TOM SHELTON,False,ALNAME-TOM-SHELTON,normalized_full_name,12.765637648794115,3.7018328730441787,26.635349789854256,0,0,-12.765637648794115,-3.7018328730441787,-26.635349789854256,,,house:40:R,ALNAME-BROOKS-PETE,normalized_full_name,2002.0,-9.460307185860911,0.0
2010,senate,27,R,21243.0,TOM WHATLEY,alabama_sos,ALPERSON-TOM-WHATLEY,AL-2010-senate-27-R-TOM-WHATLEY,0,1,TOM WHATLEY,False,ALNAME-TOM-WHATLEY,normalized_full_name,-2.35321609504447,-3.849597105499906,5.4788922259867885,1,0,2.35321609504447,3.849597105499906,-5.4788922259867885,,,senate:27:R,ALNAME-PEGGY-MARTIN,normalized_full_name,2006.0,-30.235887054333244,0.0
2006,house,13,D,7298.0,TOMMY SHERER,alabama_sos,ALPERSON-TOMMY-SHERER,AL-2006-house-13-D-TOMMY-SHERER,0,1,TOMMY SHERER,False,ALNAME-TOMMY-SHERER,normalized_full_name,36.386128427717225,27.322323651967288,43.319969941098094,1,0,36.386128427717225,27.322323651967288,43.319969941098094,,,house:13:D,ALNAME-SHERER-TOMMY,normalized_full_name,2002.0,19.473429818171063,0.0
2010,house,4,D,5244.0,VAUGHN GOODWIN,alabama_sos,ALPERSON-VAUGHN-GOODWIN,AL-2010-house-4-D-VAUGHN-GOODWIN,0,0,VAUGHN GOODWIN,False,ALNAME-VAUGHN-GOODWIN,normalized_full_name,-9.663495751518695,-6.916799102973149,1.8341839814455696,0,0,-9.663495751518695,-6.916799102973149,1.8341839814455696,,,house:4:D,ALNAME-SUE-MITCHELL,normalized_full_name,2006.0,4.960183390120267,0.0
2018,house,89,R,7804.0,Wes Allen,official_consolidated_candidate_results,ALPERSON-WES-ALLEN,AL-2018-house-89-R-WES-ALLEN,0,1,WES ALLEN,False,ALNAME-WES-ALLEN,normalized_full_name,-6.395436911014439,6.875743474337622,4.682068023542207,1,0,6.395436911014439,-6.875743474337622,-4.682068023542207,,,house:89:R,ALNAME-ALAN-C-BOOTHE,normalized_full_name,2014.0,-9.302394728675322,1.0
2018,house,27,R,13245.0,Wes Kitchens,official_consolidated_candidate_results,ALPERSON-WES-KITCHENS,AL-2018-house-27-R-WES-KITCHENS,0,1,WES KITCHENS,False,ALNAME-WES-KITCHENS,normalized_full_name,-17.60741893567797,-4.336238550325909,-3.3449341180233887,1,0,17.60741893567797,4.336238550325909,3.3449341180233887,,,house:27:R,ALNAME-WILL-AINSWORTH,normalized_full_name,2014.0,-23.225678293719216,0.0
2006,house,92,R,2586.0,WILLIAM E. BLOCKER,alabama_sos,ALPERSON-WILLIAM-E-BLOCKER,AL-2006-house-92-R-WILLIAM-E-BLOCKER,0,0,WILLIAM E BLOCKER,False,ALNAME-WILLIAM-E-BLOCKER,normalized_full_name,78.59642278906351,69.53261801331357,86.02340627256626,0,0,-78.59642278906351,-69.53261801331357,-86.02340627256626,,,house:92:R,ALNAME-BROXTON-ROGER,normalized_full_name,2002.0,-51.70225184822285,0.0
2006,senate,4,D,23389.0,ZEB LITTLE,alabama_sos,ALPERSON-ZEB-LITTLE,AL-2006-senate-4-D-ZEB-LITTLE,0,1,ZEB LITTLE,False,ALNAME-ZEB-LITTLE,normalized_full_name,26.206195324316358,16.157967022517273,33.5788950160061,1,0,26.206195324316358,16.157967022517273,33.5788950160061,,,senate:4:D,ALNAME-LITTLE-ZEB,normalized_full_name,2002.0,21.451764097364016,0.0
