cycle,chamber,district,dem_resources,rep_resources,dem_source,rep_source,finance_complete,log_resource_ratio_d_to_r,smoothing_constant
1994,house,1,,,,,False,,500.0
1994,house,2,,,,,False,,500.0
1994,house,3,,,,,False,,500.0
1994,house,4,,,,,False,,500.0
1994,house,5,,,,,False,,500.0
1994,house,6,,,,,False,,500.0
1994,house,7,,,,,False,,500.0
1994,house,8,,,,,False,,500.0
1994,house,9,,,,,False,,500.0
1994,house,10,,,,,False,,500.0
1994,house,11,,,,,False,,500.0
1994,house,12,,,,,False,,500.0
1994,house,13,,,,,False,,500.0
1994,house,14,,,,,False,,500.0
1994,house,15,,,,,False,,500.0
1994,house,16,,,,,False,,500.0
1994,house,17,,,,,False,,500.0
1994,house,18,,,,,False,,500.0
1994,house,19,,,,,False,,500.0
1994,house,20,,,,,False,,500.0
1994,house,21,,,,,False,,500.0
1994,house,22,,,,,False,,500.0
1994,house,23,,,,,False,,500.0
1994,house,24,,,,,False,,500.0
1994,house,25,,,,,False,,500.0
1994,house,26,,,,,False,,500.0
1994,house,27,,,,,False,,500.0
1994,house,28,,,,,False,,500.0
1994,house,29,,,,,False,,500.0
1994,house,30,,,,,False,,500.0
1994,house,31,,,,,False,,500.0
1994,house,32,,,,,False,,500.0
1994,house,33,,,,,False,,500.0
1994,house,34,,,,,False,,500.0
1994,house,35,,,,,False,,500.0
1994,house,36,,,,,False,,500.0
1994,house,37,,,,,False,,500.0
1994,house,38,,,,,False,,500.0
1994,house,39,,,,,False,,500.0
1994,house,40,,,,,False,,500.0
1994,house,41,,,,,False,,500.0
1994,house,42,,,,,False,,500.0
1994,house,43,,,,,False,,500.0
1994,house,44,,,,,False,,500.0
1994,house,45,,,,,False,,500.0
1994,house,46,,,,,False,,500.0
1994,house,47,,,,,False,,500.0
1994,house,48,,,,,False,,500.0
1994,house,49,,,,,False,,500.0
1994,house,50,,,,,False,,500.0
1994,house,51,,,,,False,,500.0
1994,house,52,,,,,False,,500.0
1994,house,53,,,,,False,,500.0
1994,house,54,,,,,False,,500.0
1994,house,55,,,,,False,,500.0
1994,house,56,,,,,False,,500.0
1994,house,57,,,,,False,,500.0
1994,house,58,,,,,False,,500.0
1994,house,59,,,,,False,,500.0
1994,house,60,,,,,False,,500.0
1994,house,61,,,,,False,,500.0
1994,house,62,,,,,False,,500.0
1994,house,63,,,,,False,,500.0
1994,house,64,,,,,False,,500.0
1994,house,65,,,,,False,,500.0
1994,house,66,,,,,False,,500.0
1994,house,67,,,,,False,,500.0
1994,house,68,,,,,False,,500.0
1994,house,69,,,,,False,,500.0
1994,house,70,,,,,False,,500.0
1994,house,71,,,,,False,,500.0
1994,house,72,,,,,False,,500.0
1994,house,73,,,,,False,,500.0
1994,house,74,,,,,False,,500.0
1994,house,75,,,,,False,,500.0
1994,house,76,,,,,False,,500.0
1994,house,77,,,,,False,,500.0
1994,house,78,,,,,False,,500.0
1994,house,79,,,,,False,,500.0
1994,house,80,,,,,False,,500.0
1994,house,81,,,,,False,,500.0
1994,house,82,,,,,False,,500.0
1994,house,83,,,,,False,,500.0
1994,house,84,,,,,False,,500.0
1994,house,85,,,,,False,,500.0
1994,house,86,,,,,False,,500.0
1994,house,87,,,,,False,,500.0
1994,house,88,,,,,False,,500.0
1994,house,89,,,,,False,,500.0
1994,house,90,,,,,False,,500.0
1994,house,91,,,,,False,,500.0
1994,house,93,,,,,False,,500.0
1994,house,94,,,,,False,,500.0
1994,house,95,,,,,False,,500.0
1994,house,96,,,,,False,,500.0
1994,house,97,,,,,False,,500.0
1994,house,98,,,,,False,,500.0
1994,house,99,,,,,False,,500.0
1994,house,100,,,,,False,,500.0
1994,house,101,,,,,False,,500.0
1994,house,102,,,,,False,,500.0
1994,house,103,,,,,False,,500.0
1994,house,104,,,,,False,,500.0
1994,house,105,,,,,False,,500.0
1994,senate,1,,,,,False,,500.0
1994,senate,2,,,,,False,,500.0
1994,senate,3,,,,,False,,500.0
1994,senate,4,,,,,False,,500.0
1994,senate,5,,,,,False,,500.0
1994,senate,6,,,,,False,,500.0
1994,senate,7,,,,,False,,500.0
1994,senate,8,,,,,False,,500.0
1994,senate,9,,,,,False,,500.0
1994,senate,10,,,,,False,,500.0
1994,senate,11,,,,,False,,500.0
1994,senate,12,,,,,False,,500.0
1994,senate,13,,,,,False,,500.0
1994,senate,14,,,,,False,,500.0
1994,senate,15,,,,,False,,500.0
1994,senate,16,,,,,False,,500.0
1994,senate,17,,,,,False,,500.0
1994,senate,18,,,,,False,,500.0
1994,senate,19,,,,,False,,500.0
1994,senate,20,,,,,False,,500.0
1994,senate,21,,,,,False,,500.0
1994,senate,22,,,,,False,,500.0
1994,senate,23,,,,,False,,500.0
1994,senate,24,,,,,False,,500.0
1994,senate,25,,,,,False,,500.0
1994,senate,26,,,,,False,,500.0
1994,senate,27,,,,,False,,500.0
1994,senate,28,,,,,False,,500.0
1994,senate,29,,,,,False,,500.0
1994,senate,30,,,,,False,,500.0
1994,senate,31,,,,,False,,500.0
1994,senate,32,,,,,False,,500.0
1994,senate,33,,,,,False,,500.0
1994,senate,34,,,,,False,,500.0
1994,senate,35,,,,,False,,500.0
1998,house,1,57878.0,71708.0,DIME,DIME,True,-0.21261173655314547,500.0
1998,house,2,78255.0,,DIME,,False,,500.0
1998,house,3,40624.0,,DIME,,False,,500.0
1998,house,4,80478.0,69229.0,DIME,DIME,True,0.149561212742466,500.0
1998,house,5,103956.0,25112.0,DIME,DIME,True,1.4057049384491818,500.0
1998,house,6,32424.0,62705.0,DIME,DIME,True,-0.6521815368371233,500.0
1998,house,8,47079.0,11660.0,DIME,DIME,True,1.3642396108817936,500.0
1998,house,9,53819.0,59158.0,DIME,DIME,True,-0.09375418157063235,500.0
1998,house,10,13685.0,48055.0,DIME,DIME,True,-1.2305121077855026,500.0
1998,house,11,33600.0,62646.0,DIME,DIME,True,-0.6161521212498976,500.0
1998,house,12,89281.0,,DIME,,False,,500.0
1998,house,13,42989.0,,DIME,,False,,500.0
1998,house,14,130673.0,32108.0,DIME,DIME,True,1.3919594056085278,500.0
1998,house,16,41166.0,19631.0,DIME,DIME,True,0.7274245329894988,500.0
1998,house,17,140686.0,2761.0,DIME,DIME,True,3.7680442731946164,500.0
1998,house,18,70747.0,29455.0,DIME,DIME,True,0.8664564574632623,500.0
1998,house,20,,67951.0,,DIME,False,,500.0
1998,house,21,72886.0,47593.0,DIME,DIME,True,0.42259654535763486,500.0
1998,house,22,27973.0,3250.0,DIME,DIME,True,2.0272004298341453,500.0
1998,house,23,50508.0,,DIME,,False,,500.0
1998,house,24,76462.0,44112.0,DIME,DIME,True,0.5453089124134781,500.0
1998,house,25,108009.0,28628.0,DIME,DIME,True,1.315133207976034,500.0
1998,house,26,74205.0,5229.0,DIME,DIME,True,2.5680060288766073,500.0
1998,house,27,62765.0,36472.0,DIME,DIME,True,0.5371713842386959,500.0
1998,house,28,111998.0,11456.0,DIME,DIME,True,2.241702199286979,500.0
1998,house,29,85908.0,,DIME,,False,,500.0
1998,house,30,62825.0,31500.0,DIME,DIME,True,0.6825442930880125,500.0
1998,house,31,6831.0,30729.0,DIME,DIME,True,-1.4492352180477552,500.0
1998,house,32,45454.0,,DIME,,False,,500.0
1998,house,35,50871.0,72088.0,DIME,DIME,True,-0.34572580800831737,500.0
1998,house,38,121736.0,26142.0,DIME,DIME,True,1.5234646844404574,500.0
1998,house,42,48939.0,79361.0,DIME,DIME,True,-0.4795480370623658,500.0
1998,house,49,46452.0,135252.0,DIME,DIME,True,-1.0617038884144916,500.0
1998,house,51,29987.0,41700.0,DIME,DIME,True,-0.3251198577984132,500.0
1998,house,54,68473.0,2036.0,DIME,DIME,True,3.3031270870949294,500.0
1998,house,55,121495.0,3500.0,DIME,DIME,True,3.4176856991669577,500.0
1998,house,60,30400.0,,DIME,,False,,500.0
1998,house,62,61282.0,103758.0,DIME,DIME,True,-0.5232565364410983,500.0
1998,house,63,28012.0,81724.0,DIME,DIME,True,-1.059122178961475,500.0
1998,house,64,100825.0,24138.0,DIME,DIME,True,1.41404320597459,500.0
1998,house,65,41542.0,,DIME,,False,,500.0
1998,house,66,76097.0,,DIME,,False,,500.0
1998,house,67,60764.0,,DIME,,False,,500.0
1998,house,72,26630.0,,DIME,,False,,500.0
1998,house,79,68037.0,132549.0,DIME,DIME,True,-0.6633437359967661,500.0
1998,house,80,117785.0,14450.0,DIME,DIME,True,2.0683856668276754,500.0
1998,house,81,75242.0,10889.0,DIME,DIME,True,1.8946848509590204,500.0
1998,house,84,116031.0,56813.0,DIME,DIME,True,0.7096298579505589,500.0
1998,house,86,150441.0,124503.0,DIME,DIME,True,0.18855129496953624,500.0
1998,house,87,,41750.0,,DIME,False,,500.0
1998,house,89,102767.0,22850.0,DIME,DIME,True,1.4867208830835033,500.0
1998,house,91,37148.0,85218.0,DIME,DIME,True,-0.822783006570298,500.0
1998,house,95,2457.0,63824.0,DIME,DIME,True,-3.079757571121438,500.0
1998,house,96,33870.0,51491.0,DIME,DIME,True,-0.4138865358170688,500.0
1998,house,102,8857.0,79871.0,DIME,DIME,True,-2.150528688307096,500.0
1998,house,104,11350.0,92675.0,DIME,DIME,True,-2.062151577784182,500.0
1998,house,105,38824.0,66462.0,DIME,DIME,True,-0.5322902748087407,500.0
1998,senate,1,164009.0,20833.0,DIME,DIME,True,2.042710110385531,500.0
1998,senate,2,202639.0,139155.0,DIME,DIME,True,0.3747153782403913,500.0
1998,senate,3,171645.0,,DIME,,False,,500.0
1998,senate,4,192073.0,220756.0,DIME,DIME,True,-0.13884509954336977,500.0
1998,senate,5,156999.0,277293.0,DIME,DIME,True,-0.5674571229794253,500.0
1998,senate,6,427544.0,18870.0,DIME,DIME,True,3.095500516617268,500.0
1998,senate,7,39727.0,402458.0,DIME,DIME,True,-2.3042939261876745,500.0
1998,senate,8,211791.0,,DIME,,False,,500.0
1998,senate,9,256626.0,39360.0,DIME,DIME,True,1.8641929223398792,500.0
1998,senate,10,182723.0,277834.0,DIME,DIME,True,-0.4181178411781208,500.0
1998,senate,11,239105.0,296844.0,DIME,DIME,True,-0.21589798357080853,500.0
1998,senate,12,,239718.0,,DIME,False,,500.0
1998,senate,13,230951.0,3885.0,DIME,DIME,True,3.9661785622313994,500.0
1998,senate,14,6575.0,263536.0,DIME,DIME,True,-3.619518013956703,500.0
1998,senate,16,6111.0,155923.0,DIME,DIME,True,-3.16382894777121,500.0
1998,senate,18,,,,,False,,500.0
1998,senate,20,132648.0,1200.0,DIME,DIME,True,4.360833040431562,500.0
1998,senate,21,277966.0,446760.0,DIME,DIME,True,-0.47384411166919604,500.0
1998,senate,22,223725.0,91681.0,DIME,DIME,True,0.8888959764303436,500.0
1998,senate,24,112430.0,,DIME,,False,,500.0
1998,senate,25,14600.0,255900.0,DIME,DIME,True,-2.8320439812256364,500.0
1998,senate,26,144277.0,3445.0,DIME,DIME,True,3.6027456732583993,500.0
1998,senate,27,331240.0,163908.0,DIME,DIME,True,0.7020003863392774,500.0
1998,senate,29,28950.0,499131.0,DIME,DIME,True,-2.8311759158685392,500.0
1998,senate,30,225778.0,,DIME,,False,,500.0
1998,senate,31,204180.0,225992.0,DIME,DIME,True,-0.10126184027412842,500.0
1998,senate,32,7245.0,125843.0,DIME,DIME,True,-2.7919529567685926,500.0
1998,senate,35,,160361.0,,DIME,False,,500.0
2002,house,1,,9588.0,,DIME,False,,500.0
2002,house,2,33829.0,65909.0,DIME,DIME,True,-0.6598421114623656,500.0
2002,house,3,86077.0,,DIME,,False,,500.0
2002,house,4,100505.0,89276.0,DIME,DIME,True,0.11785234155780878,500.0
2002,house,5,56791.0,12210.0,DIME,DIME,True,1.505754458120024,500.0
2002,house,6,86960.0,41220.0,DIME,DIME,True,0.7402009158522029,500.0
2002,house,7,55871.0,,DIME,,False,,500.0
2002,house,8,52362.0,10685.0,DIME,DIME,True,1.5531111493109546,500.0
2002,house,9,73384.0,32408.0,DIME,DIME,True,0.8087805064103895,500.0
2002,house,10,15165.0,95438.0,DIME,DIME,True,-1.8122732250901645,500.0
2002,house,11,25344.0,113419.0,DIME,DIME,True,-1.4834092038393312,500.0
2002,house,12,83230.0,11505.0,DIME,DIME,True,1.942274106543124,500.0
2002,house,13,37291.0,29131.0,DIME,DIME,True,0.24324986844417568,500.0
2002,house,14,183430.0,29350.0,DIME,DIME,True,1.818370410604095,500.0
2002,house,15,,,,,False,,500.0
2002,house,16,86704.0,,DIME,,False,,500.0
2002,house,17,202817.0,19920.0,DIME,DIME,True,2.2982515246674193,500.0
2002,house,18,101872.0,,DIME,,False,,500.0
2002,house,19,63467.0,,DIME,,False,,500.0
2002,house,20,51595.0,68221.0,DIME,DIME,True,-0.27698585451040014,500.0
2002,house,21,114770.0,35495.0,DIME,DIME,True,1.163897162691655,500.0
2002,house,22,83408.0,5226.0,DIME,DIME,True,2.68470375386062,500.0
2002,house,23,42150.0,,DIME,,False,,500.0
2002,house,24,43480.0,128408.0,DIME,DIME,True,-1.0753639865078657,500.0
2002,house,25,30943.0,,DIME,,False,,500.0
2002,house,26,84448.0,6100.0,DIME,DIME,True,2.554969655547673,500.0
2002,house,28,153313.0,,DIME,,False,,500.0
2002,house,29,,20308.0,,DIME,False,,500.0
2002,house,30,,,,,False,,500.0
2002,house,31,13525.0,5610.0,DIME,DIME,True,0.830914678225256,500.0
2002,house,32,64554.0,,DIME,,False,,500.0
2002,house,33,,,,,False,,500.0
2002,house,34,,68095.0,,DIME,False,,500.0
2002,house,35,108119.0,37100.0,DIME,DIME,True,1.0608422957608115,500.0
2002,house,36,18584.0,71380.0,DIME,DIME,True,-1.3261477742614978,500.0
2002,house,37,62278.0,,DIME,,False,,500.0
2002,house,38,19928.0,69938.0,DIME,DIME,True,-1.237826381480974,500.0
2002,house,39,68100.0,,DIME,,False,,500.0
2002,house,40,,30265.0,,DIME,False,,500.0
2002,house,41,,139112.0,,DIME,False,,500.0
2002,house,42,,31845.0,,DIME,False,,500.0
2002,house,43,,8835.0,,DIME,False,,500.0
2002,house,44,,63538.0,,DIME,False,,500.0
2002,house,45,,,,,False,,500.0
2002,house,46,,113619.0,,DIME,False,,500.0
2002,house,47,,57842.0,,DIME,False,,500.0
2002,house,48,,89255.0,,DIME,False,,500.0
2002,house,49,,,,,False,,500.0
2002,house,50,5000.0,,DIME,,False,,500.0
2002,house,51,,57510.0,,DIME,False,,500.0
2002,house,52,93215.0,,DIME,,False,,500.0
2002,house,53,100725.0,,DIME,,False,,500.0
2002,house,54,56000.0,,DIME,,False,,500.0
2002,house,55,101600.0,,DIME,,False,,500.0
2002,house,56,67926.0,,DIME,,False,,500.0
2002,house,57,43866.0,,DIME,,False,,500.0
2002,house,58,90375.0,,DIME,,False,,500.0
2002,house,59,66939.0,,DIME,,False,,500.0
2002,house,60,63809.0,,DIME,,False,,500.0
2002,house,61,46794.0,,DIME,,False,,500.0
2002,house,62,122845.0,135606.0,DIME,DIME,True,-0.0984486868261741,500.0
2002,house,63,60376.0,,DIME,,False,,500.0
2002,house,64,93317.0,22751.0,DIME,DIME,True,1.3949979344034535,500.0
2002,house,65,66800.0,23969.0,DIME,DIME,True,1.0117532263981346,500.0
2002,house,66,52400.0,,DIME,,False,,500.0
2002,house,67,,11835.0,,DIME,False,,500.0
2002,house,68,,,,,False,,500.0
2002,house,69,186150.0,,DIME,,False,,500.0
2002,house,70,41995.0,6017.0,DIME,DIME,True,1.8749722746003463,500.0
2002,house,71,25310.0,,DIME,,False,,500.0
2002,house,72,38300.0,,DIME,,False,,500.0
2002,house,73,,85173.0,,DIME,False,,500.0
2002,house,74,39912.0,143361.0,DIME,DIME,True,-1.2697207850521228,500.0
2002,house,75,,46667.0,,DIME,False,,500.0
2002,house,76,118030.0,4033.0,DIME,DIME,True,3.2637821211326967,500.0
2002,house,77,144550.0,,DIME,,False,,500.0
2002,house,78,88406.0,,DIME,,False,,500.0
2002,house,79,,173472.0,,DIME,False,,500.0
2002,house,80,45250.0,,DIME,,False,,500.0
2002,house,81,119470.0,,DIME,,False,,500.0
2002,house,82,69101.0,,DIME,,False,,500.0
2002,house,83,45221.0,,DIME,,False,,500.0
2002,house,84,,,,,False,,500.0
2002,house,85,,9100.0,,DIME,False,,500.0
2002,house,86,94050.0,,DIME,,False,,500.0
2002,house,87,9450.0,95575.0,DIME,DIME,True,-2.2675565852804063,500.0
2002,house,88,,83473.0,,DIME,False,,500.0
2002,house,89,,,,,False,,500.0
2002,house,90,10800.0,,DIME,,False,,500.0
2002,house,91,200257.0,18506.0,DIME,DIME,True,2.3573405026701786,500.0
2002,house,92,914130.0,20628.0,DIME,DIME,True,3.7679204369157544,500.0
2002,house,93,,57294.0,,DIME,False,,500.0
2002,house,94,,67902.0,,DIME,False,,500.0
2002,house,95,,43517.0,,DIME,False,,500.0
2002,house,96,,56216.0,,DIME,False,,500.0
2002,house,97,42700.0,,DIME,,False,,500.0
2002,house,98,,,,,False,,500.0
2002,house,99,49465.0,,DIME,,False,,500.0
2002,house,100,,65298.0,,DIME,False,,500.0
2002,house,101,,,,,False,,500.0
2002,house,102,,75942.0,,DIME,False,,500.0
2002,house,103,35325.0,,DIME,,False,,500.0
2002,house,104,9775.0,100339.0,DIME,DIME,True,-2.2838114251885275,500.0
2002,house,105,,52425.0,,DIME,False,,500.0
2002,senate,1,222888.0,29365.0,DIME,DIME,True,2.0122229436992494,500.0
2002,senate,2,330735.0,,DIME,,False,,500.0
2002,senate,3,272219.0,9850.0,DIME,DIME,True,3.2714554413471,500.0
2002,senate,4,517950.0,84337.0,DIME,DIME,True,1.8101118226119342,500.0
2002,senate,5,256953.0,447549.0,DIME,DIME,True,-0.5540654222616119,500.0
2002,senate,6,893292.0,25307.0,DIME,DIME,True,3.5448273129540704,500.0
2002,senate,7,293075.0,30303.0,DIME,DIME,True,2.2545210554175386,500.0
2002,senate,8,,22490.0,,DIME,False,,500.0
2002,senate,9,286775.0,,DIME,,False,,500.0
2002,senate,10,425536.0,,DIME,,False,,500.0
2002,senate,11,,,,,False,,500.0
2002,senate,12,,319000.0,,DIME,False,,500.0
2002,senate,13,245860.0,,DIME,,False,,500.0
2002,senate,14,,140859.0,,DIME,False,,500.0
2002,senate,15,,640494.0,,DIME,False,,500.0
2002,senate,16,,241164.0,,DIME,False,,500.0
2002,senate,17,,181314.0,,DIME,False,,500.0
2002,senate,18,265160.0,,DIME,,False,,500.0
2002,senate,19,288284.0,21790.0,DIME,DIME,True,2.561540856424115,500.0
2002,senate,20,,,,,False,,500.0
2002,senate,21,341206.0,185161.0,DIME,DIME,True,0.6100282880825048,500.0
2002,senate,22,604377.0,265385.0,DIME,DIME,True,0.8219612471035799,500.0
2002,senate,23,316856.0,,DIME,,False,,500.0
2002,senate,24,73725.0,,DIME,,False,,500.0
2002,senate,25,,277370.0,,DIME,False,,500.0
2002,senate,26,224013.0,168650.0,DIME,DIME,True,0.2831477167378746,500.0
2002,senate,27,326866.0,46057.0,DIME,DIME,True,1.9504014426834482,500.0
2002,senate,28,410199.0,,DIME,,False,,500.0
2002,senate,29,,223772.0,,DIME,False,,500.0
2002,senate,30,223873.0,,DIME,,False,,500.0
2002,senate,31,337748.0,14964.0,DIME,DIME,True,3.0852646123409864,500.0
2002,senate,32,,,,,False,,500.0
2002,senate,33,,,,,False,,500.0
2002,senate,34,,,,,False,,500.0
2002,senate,35,561229.0,,DIME,,False,,500.0
2006,house,4,34576.0,79448.0,DIME,DIME,True,-0.8238592874151861,500.0
2006,house,6,177341.0,,DIME,,False,,500.0
2006,house,7,83329.0,,DIME,,False,,500.0
2006,house,8,47943.0,,DIME,,False,,500.0
2006,house,9,129262.0,85303.0,DIME,DIME,True,0.4136480324009872,500.0
2006,house,10,,63532.0,,DIME,False,,500.0
2006,house,11,119895.0,155251.0,DIME,DIME,True,-0.25748057441950045,500.0
2006,house,12,135614.0,17153.0,DIME,DIME,True,2.0425870293000217,500.0
2006,house,13,54561.0,,DIME,,False,,500.0
2006,house,14,299906.0,,DIME,,False,,500.0
2006,house,15,,66036.0,,DIME,False,,500.0
2006,house,16,66938.0,,DIME,,False,,500.0
2006,house,17,190866.0,10786.0,DIME,DIME,True,2.830624805238826,500.0
2006,house,19,43500.0,,DIME,,False,,500.0
2006,house,20,,43108.0,,DIME,False,,500.0
2006,house,21,146387.0,40329.0,DIME,DIME,True,1.280270970452339,500.0
2006,house,22,118487.0,,DIME,,False,,500.0
2006,house,25,,75375.0,,DIME,False,,500.0
2006,house,26,121086.0,5840.0,DIME,DIME,True,2.953743062875836,500.0
2006,house,27,,,,,False,,500.0
2006,house,28,224552.0,35857.0,DIME,DIME,True,1.8229447289590124,500.0
2006,house,29,185108.0,73028.0,DIME,DIME,True,0.9259706368156407,500.0
2006,house,30,,90950.0,,DIME,False,,500.0
2006,house,31,,57557.0,,DIME,False,,500.0
2006,house,32,54214.0,10275.0,DIME,DIME,True,1.624890982189772,500.0
2006,house,33,6890.0,117363.0,DIME,DIME,True,-2.769395198054101,500.0
2006,house,34,10421.0,75666.0,DIME,DIME,True,-1.9422276276770232,500.0
2006,house,35,106009.0,,DIME,,False,,500.0
2006,house,36,,122625.0,,DIME,False,,500.0
2006,house,37,125611.0,11095.0,DIME,DIME,True,2.386588500814132,500.0
2006,house,38,139827.0,139715.0,DIME,DIME,True,0.00079845446279184,500.0
2006,house,39,203575.0,,DIME,,False,,500.0
2006,house,40,134427.0,74434.0,DIME,DIME,True,0.5881261653356855,500.0
2006,house,41,,110940.0,,DIME,False,,500.0
2006,house,42,142262.0,35223.0,DIME,DIME,True,1.3853841690065305,500.0
2006,house,43,,103455.0,,DIME,False,,500.0
2006,house,44,14375.0,91780.0,DIME,DIME,True,-1.8251454818738595,500.0
2006,house,45,97493.0,71056.0,DIME,DIME,True,0.3144156876190322,500.0
2006,house,46,,171540.0,,DIME,False,,500.0
2006,house,47,,147034.0,,DIME,False,,500.0
2006,house,48,,127868.0,,DIME,False,,500.0
2006,house,49,,114572.0,,DIME,False,,500.0
2006,house,50,,126117.0,,DIME,False,,500.0
2006,house,51,,72166.0,,DIME,False,,500.0
2006,house,52,95150.0,,DIME,,False,,500.0
2006,house,53,71620.0,,DIME,,False,,500.0
2006,house,54,210223.0,,DIME,,False,,500.0
2006,house,55,78316.0,,DIME,,False,,500.0
2006,house,56,92462.0,,DIME,,False,,500.0
2006,house,57,85717.0,,DIME,,False,,500.0
2006,house,58,175163.0,2400.0,DIME,DIME,True,4.103856649797708,500.0
2006,house,59,61638.0,,DIME,,False,,500.0
2006,house,60,86357.0,,DIME,,False,,500.0
2006,house,61,148106.0,12990.0,DIME,DIME,True,2.399349838099477,500.0
2006,house,62,9497.0,80186.0,DIME,DIME,True,-2.088280030208893,500.0
2006,house,63,,19350.0,,DIME,False,,500.0
2006,house,64,24892.0,35608.0,DIME,DIME,True,-0.3520802836518553,500.0
2006,house,65,246740.0,117767.0,DIME,DIME,True,0.73741474453844,500.0
2006,house,66,108393.0,126517.0,DIME,DIME,True,-0.15395518705035616,500.0
2006,house,67,88843.0,,DIME,,False,,500.0
2006,house,68,70628.0,,DIME,,False,,500.0
2006,house,69,113595.0,,DIME,,False,,500.0
2006,house,70,22400.0,,DIME,,False,,500.0
2006,house,71,123778.0,,DIME,,False,,500.0
2006,house,72,47199.0,,DIME,,False,,500.0
2006,house,73,29640.0,125052.0,DIME,DIME,True,-1.426866822186768,500.0
2006,house,74,,30135.0,,DIME,False,,500.0
2006,house,75,,143056.0,,DIME,False,,500.0
2006,house,76,27891.0,,DIME,,False,,500.0
2006,house,77,216351.0,,DIME,,False,,500.0
2006,house,78,120812.0,,DIME,,False,,500.0
2006,house,79,517195.0,748446.0,DIME,DIME,True,-0.36928061903193043,500.0
2006,house,80,182967.0,13419.0,DIME,DIME,True,2.578780001564575,500.0
2006,house,81,107442.0,,DIME,,False,,500.0
2006,house,82,112205.0,,DIME,,False,,500.0
2006,house,83,30350.0,,DIME,,False,,500.0
2006,house,84,42241.0,,DIME,,False,,500.0
2006,house,87,,45453.0,,DIME,False,,500.0
2006,house,88,,106450.0,,DIME,False,,500.0
2006,house,89,39210.0,,DIME,,False,,500.0
2006,house,90,,,,,False,,500.0
2006,house,91,238572.0,201116.0,DIME,DIME,True,0.1703998636660534,500.0
2006,house,92,1130671.0,15548.0,DIME,DIME,True,4.255424427101888,500.0
2006,house,93,28949.0,128619.0,DIME,DIME,True,-1.4780745060943696,500.0
2006,house,94,,67190.0,,DIME,False,,500.0
2006,house,95,14660.0,68850.0,DIME,DIME,True,-1.520505766546615,500.0
2006,house,96,,63739.0,,DIME,False,,500.0
2006,house,97,47991.0,,DIME,,False,,500.0
2006,house,98,,,,,False,,500.0
2006,house,99,77749.0,,DIME,,False,,500.0
2006,house,100,,98793.0,,DIME,False,,500.0
2006,house,101,5286.0,150765.0,DIME,DIME,True,-3.2635920589933547,500.0
2006,house,102,43407.0,104551.0,DIME,DIME,True,-0.8723721858494761,500.0
2006,house,103,74498.0,,DIME,,False,,500.0
2006,house,104,,86514.0,,DIME,False,,500.0
2006,house,105,,131647.0,,DIME,False,,500.0
2006,senate,2,405062.0,11504.0,DIME,DIME,True,3.520033831946905,500.0
2006,senate,3,462965.0,752634.0,DIME,DIME,True,-0.4855122970659905,500.0
2006,senate,4,768319.0,150703.0,DIME,DIME,True,1.6262322663720126,500.0
2006,senate,5,161771.0,233074.0,DIME,DIME,True,-0.36423116628873653,500.0
2006,senate,6,1049529.0,,DIME,,False,,500.0
2006,senate,7,802634.0,293776.0,DIME,DIME,True,1.0040034717717332,500.0
2006,senate,8,1254794.0,277609.0,DIME,DIME,True,1.5071119639029986,500.0
2006,senate,9,,225554.0,,DIME,False,,500.0
2006,senate,10,491364.0,,DIME,,False,,500.0
2006,senate,11,897248.0,,DIME,,False,,500.0
2006,senate,12,,383549.0,,DIME,False,,500.0
2006,senate,13,456013.0,197523.0,DIME,DIME,True,0.8352339916116366,500.0
2006,senate,14,,328597.0,,DIME,False,,500.0
2006,senate,15,,282800.0,,DIME,False,,500.0
2006,senate,16,4408.0,318100.0,DIME,DIME,True,-4.173069870627283,500.0
2006,senate,17,,312405.0,,DIME,False,,500.0
2006,senate,18,452242.0,,DIME,,False,,500.0
2006,senate,19,394974.0,,DIME,,False,,500.0
2006,senate,20,201043.0,9432.0,DIME,DIME,True,3.010240890478104,500.0
2006,senate,21,221127.0,,DIME,,False,,500.0
2006,senate,22,693988.0,649928.0,DIME,DIME,True,0.06554427568994887,500.0
2006,senate,23,497900.0,5950.0,DIME,DIME,True,4.347322836665562,500.0
2006,senate,24,378023.0,,DIME,,False,,500.0
2006,senate,25,20000.0,389795.0,DIME,DIME,True,-2.9464779773016816,500.0
2006,senate,26,315815.0,,DIME,,False,,500.0
2006,senate,27,274263.0,254707.0,DIME,DIME,True,0.07383392734442112,500.0
2006,senate,28,139450.0,,DIME,,False,,500.0
2006,senate,29,12750.0,245590.0,DIME,DIME,True,-2.921699770250537,500.0
2006,senate,30,514349.0,960314.0,DIME,DIME,True,-0.6239071880627111,500.0
2006,senate,31,713709.0,83288.0,DIME,DIME,True,2.1428858374496116,500.0
2006,senate,32,,251354.0,,DIME,False,,500.0
2006,senate,33,132500.0,6986.0,DIME,DIME,True,2.877314518739517,500.0
2006,senate,34,,285077.0,,DIME,False,,500.0
2006,senate,35,956140.0,637859.0,DIME,DIME,True,0.4045263241170282,500.0
2010,house,1,129004.0,193055.0,DIME,DIME,True,-0.4018499411145901,500.0
2010,house,2,146150.0,252690.0,DIME,DIME,True,-0.54609139959586,500.0
2010,house,3,355267.0,,DIME,,False,,500.0
2010,house,4,62438.0,78743.0,DIME,DIME,True,-0.2303689659440263,500.0
2010,house,5,64700.0,124202.0,DIME,DIME,True,-0.6484674221171499,500.0
2010,house,6,,67814.0,,DIME,False,,500.0
2010,house,7,60760.0,50888.0,DIME,DIME,True,0.17572241923526588,500.0
2010,house,8,134254.0,208786.0,DIME,DIME,True,-0.44025084363299516,500.0
2010,house,9,86523.0,151258.0,DIME,DIME,True,-0.5561146953050411,500.0
2010,house,10,,46444.0,,DIME,False,,500.0
2010,house,11,,128692.0,,DIME,False,,500.0
2010,house,12,118980.0,19590.0,DIME,DIME,True,1.782926814521066,500.0
2010,house,13,39547.0,132805.0,DIME,DIME,True,-1.2025859715168432,500.0
2010,house,14,270687.0,261266.0,DIME,DIME,True,0.03535764490199789,500.0
2010,house,15,,52187.0,,DIME,False,,500.0
2010,house,16,128869.0,104375.0,DIME,DIME,True,0.2098996213452315,500.0
2010,house,17,70650.0,,DIME,,False,,500.0
2010,house,18,232027.0,,DIME,,False,,500.0
2010,house,19,99812.0,,DIME,,False,,500.0
2010,house,20,,94244.0,,DIME,False,,500.0
2010,house,21,242190.0,135091.0,DIME,DIME,True,0.5821419071300636,500.0
2010,house,22,199204.0,150433.0,DIME,DIME,True,0.28000024052837913,500.0
2010,house,23,55328.0,,DIME,,False,,500.0
2010,house,24,132075.0,187984.0,DIME,DIME,True,-0.3518645996257018,500.0
2010,house,25,,36849.0,,DIME,False,,500.0
2010,house,26,90386.0,165786.0,DIME,DIME,True,-0.6041032235273489,500.0
2010,house,27,,255516.0,,DIME,False,,500.0
2010,house,28,266481.0,,DIME,,False,,500.0
2010,house,29,144971.0,49139.0,DIME,DIME,True,1.0751999389421785,500.0
2010,house,30,44460.0,253373.0,DIME,DIME,True,-1.7310609363914187,500.0
2010,house,31,,47290.0,,DIME,False,,500.0
2010,house,32,57525.0,,DIME,,False,,500.0
2010,house,33,,64200.0,,DIME,False,,500.0
2010,house,34,,37250.0,,DIME,False,,500.0
2010,house,35,172662.0,151108.0,DIME,DIME,True,0.1329293302541199,500.0
2010,house,36,36650.0,138450.0,DIME,DIME,True,-1.3191503850247446,500.0
2010,house,37,116291.0,28925.0,DIME,DIME,True,1.3785413594843925,500.0
2010,house,38,17962.0,185465.0,DIME,DIME,True,-2.3098439183956505,500.0
2010,house,39,313579.0,10193.0,DIME,DIME,True,3.380055224846372,500.0
2010,house,40,44312.0,182010.0,DIME,DIME,True,-1.4043290053454525,500.0
2010,house,41,,144218.0,,DIME,False,,500.0
2010,house,42,159166.0,153042.0,DIME,DIME,True,0.03910998813224444,500.0
2010,house,43,64227.0,116448.0,DIME,DIME,True,-0.5915509664370237,500.0
2010,house,44,,74800.0,,DIME,False,,500.0
2010,house,45,35010.0,136100.0,DIME,DIME,True,-1.3472426001816933,500.0
2010,house,46,,136865.0,,DIME,False,,500.0
2010,house,47,,294743.0,,DIME,False,,500.0
2010,house,48,,86824.0,,DIME,False,,500.0
2010,house,49,,102857.0,,DIME,False,,500.0
2010,house,50,,133149.0,,DIME,False,,500.0
2010,house,51,,35400.0,,DIME,False,,500.0
2010,house,52,194794.0,,DIME,,False,,500.0
2010,house,53,100992.0,,DIME,,False,,500.0
2010,house,54,47459.0,,DIME,,False,,500.0
2010,house,55,67899.0,,DIME,,False,,500.0
2010,house,56,55056.0,,DIME,,False,,500.0
2010,house,57,72675.0,,DIME,,False,,500.0
2010,house,58,105850.0,,DIME,,False,,500.0
2010,house,59,59935.0,,DIME,,False,,500.0
2010,house,60,49798.0,,DIME,,False,,500.0
2010,house,61,130646.0,7811.0,DIME,DIME,True,2.7587312678487406,500.0
2010,house,62,,208502.0,,DIME,False,,500.0
2010,house,63,266229.0,88184.0,DIME,DIME,True,1.1011536719545794,500.0
2010,house,64,,46485.0,,DIME,False,,500.0
2010,house,65,40816.0,,DIME,,False,,500.0
2010,house,66,,49125.0,,DIME,False,,500.0
2010,house,67,70733.0,,DIME,,False,,500.0
2010,house,68,108650.0,,DIME,,False,,500.0
2010,house,69,71323.0,,DIME,,False,,500.0
2010,house,70,59075.0,,DIME,,False,,500.0
2010,house,71,79750.0,,DIME,,False,,500.0
2010,house,72,71278.0,,DIME,,False,,500.0
2010,house,73,247289.0,213121.0,DIME,DIME,True,0.14837416071192044,500.0
2010,house,74,,91625.0,,DIME,False,,500.0
2010,house,75,,85275.0,,DIME,False,,500.0
2010,house,76,167351.0,,DIME,,False,,500.0
2010,house,77,218638.0,,DIME,,False,,500.0
2010,house,78,91631.0,,DIME,,False,,500.0
2010,house,79,,540478.0,,DIME,False,,500.0
2010,house,80,256990.0,11500.0,DIME,DIME,True,3.066074234610238,500.0
2010,house,81,288579.0,225828.0,DIME,DIME,True,0.2447147326106141,500.0
2010,house,82,74497.0,,DIME,,False,,500.0
2010,house,83,33584.0,,DIME,,False,,500.0
2010,house,84,49691.0,4908.0,DIME,DIME,True,2.2279563890154,500.0
2010,house,85,91695.0,155163.0,DIME,DIME,True,-0.5237875149623913,500.0
2010,house,86,151322.0,267653.0,DIME,DIME,True,-0.5688489311376113,500.0
2010,house,87,,144447.0,,DIME,False,,500.0
2010,house,88,,88072.0,,DIME,False,,500.0
2010,house,89,93334.0,,DIME,,False,,500.0
2010,house,90,23198.0,6296.0,DIME,DIME,True,1.2490564525848626,500.0
2010,house,91,331170.0,320544.0,DIME,DIME,True,0.032562313303590155,500.0
2010,house,92,37580.0,188734.0,DIME,DIME,True,-1.603295134566694,500.0
2010,house,93,,125061.0,,DIME,False,,500.0
2010,house,94,,82452.0,,DIME,False,,500.0
2010,house,95,,42275.0,,DIME,False,,500.0
2010,house,96,,66267.0,,DIME,False,,500.0
2010,house,97,31750.0,,DIME,,False,,500.0
2010,house,98,100075.0,,DIME,,False,,500.0
2010,house,99,129584.0,,DIME,,False,,500.0
2010,house,100,,75003.0,,DIME,False,,500.0
2010,house,101,,79380.0,,DIME,False,,500.0
2010,house,102,,61015.0,,DIME,False,,500.0
2010,house,103,23261.0,,DIME,,False,,500.0
2010,house,104,,198896.0,,DIME,False,,500.0
2010,house,105,,97014.0,,DIME,False,,500.0
2010,senate,1,283031.0,31873.0,DIME,DIME,True,2.1699967225827854,500.0
2010,senate,2,540189.0,343161.0,DIME,DIME,True,0.4531885458153699,500.0
2010,senate,3,,283628.0,,DIME,False,,500.0
2010,senate,4,1159190.0,431599.0,DIME,DIME,True,0.9872532783496518,500.0
2010,senate,5,78476.0,502717.0,DIME,DIME,True,-1.8518774797564874,500.0
2010,senate,6,1086969.0,48321.0,DIME,DIME,True,3.103447708645945,500.0
2010,senate,7,549367.0,415353.0,DIME,DIME,True,0.2793445983735789,500.0
2010,senate,8,1463978.0,221861.0,DIME,DIME,True,1.8849519566761945,500.0
2010,senate,9,104527.0,305203.0,DIME,DIME,True,-1.068396582432217,500.0
2010,senate,10,588936.0,230067.0,DIME,DIME,True,0.9386246548509548,500.0
2010,senate,11,621876.0,405910.0,DIME,DIME,True,0.4261819094486443,500.0
2010,senate,12,116645.0,702124.0,DIME,DIME,True,-1.791409414368323,500.0
2010,senate,13,1138885.0,404209.0,DIME,DIME,True,1.0350756318061731,500.0
2010,senate,14,,209718.0,,DIME,False,,500.0
2010,senate,15,,944265.0,,DIME,False,,500.0
2010,senate,16,,268044.0,,DIME,False,,500.0
2010,senate,17,27300.0,268494.0,DIME,DIME,True,-2.2696530538237774,500.0
2010,senate,18,454755.0,,DIME,,False,,500.0
2010,senate,19,210291.0,,DIME,,False,,500.0
2010,senate,20,111400.0,,DIME,,False,,500.0
2010,senate,21,275984.0,434019.0,DIME,DIME,True,-0.45208671906923353,500.0
2010,senate,22,636439.0,52811.0,DIME,DIME,True,2.4805312007398217,500.0
2010,senate,23,374695.0,,DIME,,False,,500.0
2010,senate,24,283500.0,,DIME,,False,,500.0
2010,senate,25,,185013.0,,DIME,False,,500.0
2010,senate,26,344203.0,,DIME,,False,,500.0
2010,senate,27,429507.0,746919.0,DIME,DIME,True,-0.5528244505644558,500.0
2010,senate,28,858539.0,12681.0,DIME,DIME,True,4.177037923853106,500.0
2010,senate,29,,1075896.0,,DIME,False,,500.0
2010,senate,30,375420.0,492395.0,DIME,DIME,True,-0.2709198148198753,500.0
2010,senate,31,,115250.0,,DIME,False,,500.0
2010,senate,32,,87705.0,,DIME,False,,500.0
2010,senate,33,242533.0,,DIME,,False,,500.0
2010,senate,34,,96255.0,,DIME,False,,500.0
2010,senate,35,79722.0,280704.0,DIME,DIME,True,-1.2542825931167383,500.0
2014,house,1,134428.0,40036.0,FollowTheMoney,FollowTheMoney,True,1.202550834658677,500.0
2014,house,2,107335.0,,FollowTheMoney,,False,,500.0
2014,house,3,89150.0,22398.0,FollowTheMoney,FollowTheMoney,True,1.3648636295495213,500.0
2014,house,4,,57800.0,,FollowTheMoney,False,,500.0
2014,house,5,135029.0,234844.0,FollowTheMoney,FollowTheMoney,True,-0.5518626340164811,500.0
2014,house,6,,42325.0,,FollowTheMoney,False,,500.0
2014,house,7,,279055.0,,FollowTheMoney,False,,500.0
2014,house,8,87116.0,273039.0,FollowTheMoney,FollowTheMoney,True,-1.1384805780082743,500.0
2014,house,9,,,,,False,,500.0
2014,house,10,,,,,False,,500.0
2014,house,11,,,,,False,,500.0
2014,house,12,,125118.0,,FollowTheMoney,False,,500.0
2014,house,13,,,,,False,,500.0
2014,house,14,,,,,False,,500.0
2014,house,15,,33660.0,,FollowTheMoney,False,,500.0
2014,house,16,,212385.0,,FollowTheMoney,False,,500.0
2014,house,17,26265.0,,FollowTheMoney,,False,,500.0
2014,house,18,340979.0,13691.0,FollowTheMoney,FollowTheMoney,True,3.1806782228562267,500.0
2014,house,19,67334.0,,FollowTheMoney,,False,,500.0
2014,house,20,,56987.0,,FollowTheMoney,False,,500.0
2014,house,21,58397.0,,FollowTheMoney,,False,,500.0
2014,house,22,16754.0,140402.0,FollowTheMoney,FollowTheMoney,True,-2.100020612613666,500.0
2014,house,23,108569.0,125109.0,FollowTheMoney,FollowTheMoney,True,-0.14119319804320818,500.0
2014,house,24,,,,,False,,500.0
2014,house,25,,231771.0,,FollowTheMoney,False,,500.0
2014,house,26,,155309.0,,FollowTheMoney,False,,500.0
2014,house,27,40150.0,,FollowTheMoney,,False,,500.0
2014,house,28,456385.0,35697.0,FollowTheMoney,FollowTheMoney,True,2.5354554756200076,500.0
2014,house,29,55881.0,215735.0,FollowTheMoney,FollowTheMoney,True,-1.3442335569295683,500.0
2014,house,30,,300359.0,,FollowTheMoney,False,,500.0
2014,house,31,,,,,False,,500.0
2014,house,32,60474.0,,FollowTheMoney,,False,,500.0
2014,house,33,1593.0,,FollowTheMoney,,False,,500.0
2014,house,34,,84910.0,,FollowTheMoney,False,,500.0
2014,house,35,,,,,False,,500.0
2014,house,36,,63200.0,,FollowTheMoney,False,,500.0
2014,house,37,55923.0,,FollowTheMoney,,False,,500.0
2014,house,38,,,,,False,,500.0
2014,house,39,,5891.0,,FollowTheMoney,False,,500.0
2014,house,40,,,,,False,,500.0
2014,house,41,,,,,False,,500.0
2014,house,42,,132755.0,,FollowTheMoney,False,,500.0
2014,house,43,,,,,False,,500.0
2014,house,44,,,,,False,,500.0
2014,house,45,,,,,False,,500.0
2014,house,46,,,,,False,,500.0
2014,house,47,0.0,567363.0,FollowTheMoney,FollowTheMoney,True,-7.0350273730052795,500.0
2014,house,48,,,,,False,,500.0
2014,house,49,,,,,False,,500.0
2014,house,50,,,,,False,,500.0
2014,house,51,,14200.0,,FollowTheMoney,False,,500.0
2014,house,52,169104.0,13200.0,FollowTheMoney,FollowTheMoney,True,2.5160704751512646,500.0
2014,house,53,92607.0,,FollowTheMoney,,False,,500.0
2014,house,54,,,,,False,,500.0
2014,house,55,138599.0,,FollowTheMoney,,False,,500.0
2014,house,56,,114147.0,,FollowTheMoney,False,,500.0
2014,house,57,108485.0,,FollowTheMoney,,False,,500.0
2014,house,58,109300.0,,FollowTheMoney,,False,,500.0
2014,house,59,59083.0,,FollowTheMoney,,False,,500.0
2014,house,60,,,,,False,,500.0
2014,house,61,,207086.0,,FollowTheMoney,False,,500.0
2014,house,62,,105698.0,,FollowTheMoney,False,,500.0
2014,house,63,,,,,False,,500.0
2014,house,64,,109100.0,,FollowTheMoney,False,,500.0
2014,house,65,52450.0,,FollowTheMoney,,False,,500.0
2014,house,66,,57099.0,,FollowTheMoney,False,,500.0
2014,house,67,49924.0,,FollowTheMoney,,False,,500.0
2014,house,68,48150.0,,FollowTheMoney,,False,,500.0
2014,house,69,38600.0,18446.0,FollowTheMoney,FollowTheMoney,True,0.7245296395379772,500.0
2014,house,70,63649.0,,FollowTheMoney,,False,,500.0
2014,house,71,167140.0,,FollowTheMoney,,False,,500.0
2014,house,72,45858.0,,FollowTheMoney,,False,,500.0
2014,house,73,,,,,False,,500.0
2014,house,74,6915.0,,FollowTheMoney,,False,,500.0
2014,house,75,,101400.0,,FollowTheMoney,False,,500.0
2014,house,76,107595.0,,FollowTheMoney,,False,,500.0
2014,house,77,75026.0,6300.0,FollowTheMoney,FollowTheMoney,True,2.40755435565181,500.0
2014,house,78,44350.0,43810.0,FollowTheMoney,FollowTheMoney,True,0.012113203293406968,500.0
2014,house,79,13688.0,,FollowTheMoney,,False,,500.0
2014,house,80,14948.0,254562.0,FollowTheMoney,FollowTheMoney,True,-2.8040271077340426,500.0
2014,house,81,126313.0,188418.0,FollowTheMoney,FollowTheMoney,True,-0.398599498073002,500.0
2014,house,82,39400.0,,FollowTheMoney,,False,,500.0
2014,house,83,25070.0,21899.0,FollowTheMoney,FollowTheMoney,True,0.13240347429576593,500.0
2014,house,84,48850.0,11594.0,FollowTheMoney,FollowTheMoney,True,1.4062283040284693,500.0
2014,house,85,86316.0,31921.0,FollowTheMoney,FollowTheMoney,True,0.9849845754873829,500.0
2014,house,86,,,,,False,,500.0
2014,house,87,,,,,False,,500.0
2014,house,88,,41624.0,,FollowTheMoney,False,,500.0
2014,house,89,17988.0,281454.0,FollowTheMoney,FollowTheMoney,True,-2.7246220640930514,500.0
2014,house,90,61547.0,,FollowTheMoney,,False,,500.0
2014,house,91,,,,,False,,500.0
2014,house,92,,,,,False,,500.0
2014,house,93,37260.0,258530.0,FollowTheMoney,FollowTheMoney,True,-1.925693543830278,500.0
2014,house,94,,,,,False,,500.0
2014,house,95,,33050.0,,FollowTheMoney,False,,500.0
2014,house,96,,91836.0,,FollowTheMoney,False,,500.0
2014,house,97,,,,,False,,500.0
2014,house,98,173250.0,31178.0,FollowTheMoney,FollowTheMoney,True,1.7019950508046728,500.0
2014,house,99,90200.0,,FollowTheMoney,,False,,500.0
2014,house,100,,67571.0,,FollowTheMoney,False,,500.0
2014,house,101,,,,,False,,500.0
2014,house,102,,,,,False,,500.0
2014,house,103,85460.0,8292.0,FollowTheMoney,FollowTheMoney,True,2.2800398546729896,500.0
2014,house,104,,,,,False,,500.0
2014,house,105,,46125.0,,FollowTheMoney,False,,500.0
2014,senate,1,,532568.0,,FollowTheMoney,False,,500.0
2014,senate,2,,,,,False,,500.0
2014,senate,3,,480888.0,,FollowTheMoney,False,,500.0
2014,senate,4,,478042.0,,FollowTheMoney,False,,500.0
2014,senate,5,,367945.0,,FollowTheMoney,False,,500.0
2014,senate,6,838357.0,,FollowTheMoney,,False,,500.0
2014,senate,7,8125.0,314197.0,FollowTheMoney,FollowTheMoney,True,-3.596945308219034,500.0
2014,senate,8,,428767.0,,FollowTheMoney,False,,500.0
2014,senate,9,,178368.0,,FollowTheMoney,False,,500.0
2014,senate,10,450521.0,,FollowTheMoney,,False,,500.0
2014,senate,11,,,,,False,,500.0
2014,senate,12,602879.0,1431645.0,FollowTheMoney,FollowTheMoney,True,-0.8643830760425819,500.0
2014,senate,13,231212.0,952364.0,FollowTheMoney,FollowTheMoney,True,-1.413976965023851,500.0
2014,senate,14,,,,,False,,500.0
2014,senate,15,,,,,False,,500.0
2014,senate,16,,,,,False,,500.0
2014,senate,17,,376377.0,,FollowTheMoney,False,,500.0
2014,senate,18,242634.0,,FollowTheMoney,,False,,500.0
2014,senate,19,123950.0,,FollowTheMoney,,False,,500.0
2014,senate,20,,,,,False,,500.0
2014,senate,21,205196.0,539821.0,FollowTheMoney,FollowTheMoney,True,-0.9657640567156603,500.0
2014,senate,22,,316731.0,,FollowTheMoney,False,,500.0
2014,senate,23,,,,,False,,500.0
2014,senate,24,201350.0,,FollowTheMoney,,False,,500.0
2014,senate,25,,130550.0,,FollowTheMoney,False,,500.0
2014,senate,26,151700.0,,FollowTheMoney,,False,,500.0
2014,senate,27,0.0,,FollowTheMoney,,False,,500.0
2014,senate,28,,11798.0,,FollowTheMoney,False,,500.0
2014,senate,29,,338879.0,,FollowTheMoney,False,,500.0
2014,senate,30,,588733.0,,FollowTheMoney,False,,500.0
2014,senate,31,0.0,494994.0,FollowTheMoney,FollowTheMoney,True,-6.898702425275846,500.0
2014,senate,32,,115192.0,,FollowTheMoney,False,,500.0
2014,senate,33,,,,,False,,500.0
2014,senate,34,,101207.0,,FollowTheMoney,False,,500.0
2014,senate,35,41769.0,,FollowTheMoney,,False,,500.0
2018,house,1,,150268.0,,FollowTheMoney,False,,500.0
2018,house,2,14225.0,,FollowTheMoney,,False,,500.0
2018,house,3,104156.0,,FollowTheMoney,,False,,500.0
2018,house,4,10389.0,0.0,FollowTheMoney,FollowTheMoney,True,3.080900285923869,500.0
2018,house,5,9729.0,,FollowTheMoney,,False,,500.0
2018,house,6,,87588.0,,FollowTheMoney,False,,500.0
2018,house,7,23476.0,111845.0,FollowTheMoney,FollowTheMoney,True,-1.5445211638438319,500.0
2018,house,8,12936.0,187864.0,FollowTheMoney,FollowTheMoney,True,-2.640438589331024,500.0
2018,house,9,,119318.0,,FollowTheMoney,False,,500.0
2018,house,10,,,,,False,,500.0
2018,house,11,,,,,False,,500.0
2018,house,12,,162155.0,,FollowTheMoney,False,,500.0
2018,house,13,,177780.0,,FollowTheMoney,False,,500.0
2018,house,14,,,,,False,,500.0
2018,house,15,13313.0,88385.0,FollowTheMoney,FollowTheMoney,True,-1.8617332216568259,500.0
2018,house,16,,122764.0,,FollowTheMoney,False,,500.0
2018,house,17,,114717.0,,FollowTheMoney,False,,500.0
2018,house,18,,,,,False,,500.0
2018,house,19,123725.0,,FollowTheMoney,,False,,500.0
2018,house,20,57976.0,117005.0,FollowTheMoney,FollowTheMoney,True,-0.6978644722209723,500.0
2018,house,21,26756.0,0.0,FollowTheMoney,FollowTheMoney,True,3.998420860918611,500.0
2018,house,22,,119648.0,,FollowTheMoney,False,,500.0
2018,house,23,,,,,False,,500.0
2018,house,24,,137158.0,,FollowTheMoney,False,,500.0
2018,house,25,,299616.0,,FollowTheMoney,False,,500.0
2018,house,26,,95589.0,,FollowTheMoney,False,,500.0
2018,house,27,,,,,False,,500.0
2018,house,28,40345.0,86536.0,FollowTheMoney,FollowTheMoney,True,-0.7565374113754431,500.0
2018,house,29,14892.0,127135.0,FollowTheMoney,FollowTheMoney,True,-2.11532673404628,500.0
2018,house,30,14606.0,137589.0,FollowTheMoney,FollowTheMoney,True,-2.212806388925789,500.0
2018,house,31,,,,,False,,500.0
2018,house,32,82896.0,0.0,FollowTheMoney,FollowTheMoney,True,5.1167475271437555,500.0
2018,house,33,1364.0,,FollowTheMoney,,False,,500.0
2018,house,34,,70809.0,,FollowTheMoney,False,,500.0
2018,house,35,,,,,False,,500.0
2018,house,36,8989.0,108563.0,FollowTheMoney,FollowTheMoney,True,-2.4417924639218365,500.0
2018,house,37,22030.0,,FollowTheMoney,,False,,500.0
2018,house,38,37998.0,223861.0,FollowTheMoney,FollowTheMoney,True,-1.7626500698602412,500.0
2018,house,39,,119944.0,,FollowTheMoney,False,,500.0
2018,house,40,8689.0,75178.0,FollowTheMoney,FollowTheMoney,True,-2.1084803808143633,500.0
2018,house,41,7948.0,82987.0,FollowTheMoney,FollowTheMoney,True,-2.290761204149418,500.0
2018,house,42,,111809.0,,FollowTheMoney,False,,500.0
2018,house,43,14156.0,263471.0,FollowTheMoney,FollowTheMoney,True,-2.8909894406959067,500.0
2018,house,44,,,,,False,,500.0
2018,house,45,39780.0,,FollowTheMoney,,False,,500.0
2018,house,46,131795.0,,FollowTheMoney,,False,,500.0
2018,house,47,,,,,False,,500.0
2018,house,48,88671.0,,FollowTheMoney,,False,,500.0
2018,house,49,,,,,False,,500.0
2018,house,50,,,,,False,,500.0
2018,house,51,3771.0,54200.0,FollowTheMoney,FollowTheMoney,True,-2.550015717568606,500.0
2018,house,52,40900.0,,FollowTheMoney,,False,,500.0
2018,house,53,199848.0,,FollowTheMoney,,False,,500.0
2018,house,54,115832.0,,FollowTheMoney,,False,,500.0
2018,house,55,,,,,False,,500.0
2018,house,56,94061.0,,FollowTheMoney,,False,,500.0
2018,house,57,59245.0,,FollowTheMoney,,False,,500.0
2018,house,58,72028.0,,FollowTheMoney,,False,,500.0
2018,house,59,51743.0,,FollowTheMoney,,False,,500.0
2018,house,60,,,,,False,,500.0
2018,house,61,31880.0,114791.0,FollowTheMoney,FollowTheMoney,True,-1.2699184187369217,500.0
2018,house,62,17789.0,55348.0,FollowTheMoney,FollowTheMoney,True,-1.1163339284456617,500.0
2018,house,63,,,,,False,,500.0
2018,house,64,17783.0,128000.0,FollowTheMoney,FollowTheMoney,True,-1.9499572379889067,500.0
2018,house,65,218294.0,132778.0,FollowTheMoney,FollowTheMoney,True,0.49569347556481397,500.0
2018,house,66,20797.0,98889.0,FollowTheMoney,FollowTheMoney,True,-1.540475225829556,500.0
2018,house,67,74730.0,,FollowTheMoney,,False,,500.0
2018,house,68,17550.0,,FollowTheMoney,,False,,500.0
2018,house,69,,,,,False,,500.0
2018,house,70,52000.0,,FollowTheMoney,,False,,500.0
2018,house,71,9951.0,,FollowTheMoney,,False,,500.0
2018,house,72,29450.0,,FollowTheMoney,,False,,500.0
2018,house,73,39176.0,,FollowTheMoney,,False,,500.0
2018,house,74,9097.0,,FollowTheMoney,,False,,500.0
2018,house,75,,57176.0,,FollowTheMoney,False,,500.0
2018,house,76,66200.0,,FollowTheMoney,,False,,500.0
2018,house,77,32517.0,,FollowTheMoney,,False,,500.0
2018,house,78,63179.0,,FollowTheMoney,,False,,500.0
2018,house,79,25770.0,218984.0,FollowTheMoney,FollowTheMoney,True,-2.1228517332224617,500.0
2018,house,80,1470.0,,FollowTheMoney,,False,,500.0
2018,house,81,24181.0,,FollowTheMoney,,False,,500.0
2018,house,82,,,,,False,,500.0
2018,house,83,78282.0,4086.0,FollowTheMoney,FollowTheMoney,True,2.843676359938899,500.0
2018,house,84,26600.0,,FollowTheMoney,,False,,500.0
2018,house,85,129304.0,63200.0,FollowTheMoney,FollowTheMoney,True,0.7118410578580352,500.0
2018,house,86,6506.0,,FollowTheMoney,,False,,500.0
2018,house,87,,47661.0,,FollowTheMoney,False,,500.0
2018,house,88,5470.0,129010.0,FollowTheMoney,FollowTheMoney,True,-3.077011170830985,500.0
2018,house,89,46173.0,,FollowTheMoney,,False,,500.0
2018,house,90,24034.0,,FollowTheMoney,,False,,500.0
2018,house,91,,118526.0,,FollowTheMoney,False,,500.0
2018,house,92,,,,,False,,500.0
2018,house,93,,148197.0,,FollowTheMoney,False,,500.0
2018,house,94,68146.0,125267.0,FollowTheMoney,FollowTheMoney,True,-0.6054681247625945,500.0
2018,house,95,,39555.0,,FollowTheMoney,False,,500.0
2018,house,96,13104.0,101773.0,FollowTheMoney,FollowTheMoney,True,-2.017281841358312,500.0
2018,house,97,,121726.0,,FollowTheMoney,False,,500.0
2018,house,98,82300.0,,FollowTheMoney,,False,,500.0
2018,house,99,,3605.0,,FollowTheMoney,False,,500.0
2018,house,100,,73329.0,,FollowTheMoney,False,,500.0
2018,house,101,,,,,False,,500.0
2018,house,102,,144403.0,,FollowTheMoney,False,,500.0
2018,house,103,61664.0,,FollowTheMoney,,False,,500.0
2018,house,104,15758.0,,FollowTheMoney,,False,,500.0
2018,house,105,,124113.0,,FollowTheMoney,False,,500.0
2018,senate,1,105438.0,568061.0,FollowTheMoney,FollowTheMoney,True,-1.6802545900187729,500.0
2018,senate,2,52466.0,,FollowTheMoney,,False,,500.0
2018,senate,3,,219080.0,,FollowTheMoney,False,,500.0
2018,senate,4,,508336.0,,FollowTheMoney,False,,500.0
2018,senate,5,,,,,False,,500.0
2018,senate,6,528418.0,,FollowTheMoney,,False,,500.0
2018,senate,7,11153.0,,FollowTheMoney,,False,,500.0
2018,senate,8,,268111.0,,FollowTheMoney,False,,500.0
2018,senate,9,,257481.0,,FollowTheMoney,False,,500.0
2018,senate,10,,372440.0,,FollowTheMoney,False,,500.0
2018,senate,11,20761.0,,FollowTheMoney,,False,,500.0
2018,senate,12,,1115827.0,,FollowTheMoney,False,,500.0
2018,senate,13,51321.0,626455.0,FollowTheMoney,FollowTheMoney,True,-2.4930792952061043,500.0
2018,senate,14,5191.0,,FollowTheMoney,,False,,500.0
2018,senate,15,,275513.0,,FollowTheMoney,False,,500.0
2018,senate,16,47616.0,,FollowTheMoney,,False,,500.0
2018,senate,17,,256772.0,,FollowTheMoney,False,,500.0
2018,senate,18,241184.0,,FollowTheMoney,,False,,500.0
2018,senate,19,76100.0,,FollowTheMoney,,False,,500.0
2018,senate,20,73400.0,,FollowTheMoney,,False,,500.0
2018,senate,21,17876.0,316357.0,FollowTheMoney,FollowTheMoney,True,-2.847405102611473,500.0
2018,senate,22,,284927.0,,FollowTheMoney,False,,500.0
2018,senate,23,74307.0,,FollowTheMoney,,False,,500.0
2018,senate,24,237700.0,,FollowTheMoney,,False,,500.0
2018,senate,25,12235.0,462410.0,FollowTheMoney,FollowTheMoney,True,-3.593178542310464,500.0
2018,senate,26,0.0,,FollowTheMoney,,False,,500.0
2018,senate,27,45298.0,,FollowTheMoney,,False,,500.0
2018,senate,28,,,,,False,,500.0
2018,senate,29,,327417.0,,FollowTheMoney,False,,500.0
2018,senate,30,,289376.0,,FollowTheMoney,False,,500.0
2018,senate,31,,164525.0,,FollowTheMoney,False,,500.0
2018,senate,32,62473.0,,FollowTheMoney,,False,,500.0
2018,senate,33,,,,,False,,500.0
2018,senate,34,,,,,False,,500.0
2018,senate,35,,386916.0,,FollowTheMoney,False,,500.0
2022,house,1,,231775.0,,FollowTheMoney,False,,500.0
2022,house,2,,,,,False,,500.0
2022,house,3,74200.0,205648.0,FollowTheMoney,FollowTheMoney,True,-1.0151142652935372,500.0
2022,house,4,,189957.0,,FollowTheMoney,False,,500.0
2022,house,5,,,,,False,,500.0
2022,house,6,,214186.0,,FollowTheMoney,False,,500.0
2022,house,7,1982.0,143563.0,FollowTheMoney,FollowTheMoney,True,-4.061186017118365,500.0
2022,house,8,,86722.0,,FollowTheMoney,False,,500.0
2022,house,9,,145623.0,,FollowTheMoney,False,,500.0
2022,house,10,198872.0,228196.0,FollowTheMoney,FollowTheMoney,True,-0.137221184310039,500.0
2022,house,11,,,,,False,,500.0
2022,house,12,,117395.0,,FollowTheMoney,False,,500.0
2022,house,13,,,,,False,,500.0
2022,house,14,,,,,False,,500.0
2022,house,15,,200563.0,,FollowTheMoney,False,,500.0
2022,house,16,,133900.0,,FollowTheMoney,False,,500.0
2022,house,17,,128708.0,,FollowTheMoney,False,,500.0
2022,house,18,,,,,False,,500.0
2022,house,19,89503.0,,FollowTheMoney,,False,,500.0
2022,house,20,,217861.0,,FollowTheMoney,False,,500.0
2022,house,21,,99119.0,,FollowTheMoney,False,,500.0
2022,house,22,,141261.0,,FollowTheMoney,False,,500.0
2022,house,23,,,,,False,,500.0
2022,house,24,,339491.0,,FollowTheMoney,False,,500.0
2022,house,25,207565.0,,FollowTheMoney,,False,,500.0
2022,house,26,,,,,False,,500.0
2022,house,27,4958.0,,FollowTheMoney,,False,,500.0
2022,house,28,,214912.0,,FollowTheMoney,False,,500.0
2022,house,29,,,,,False,,500.0
2022,house,30,,,,,False,,500.0
2022,house,31,,,,,False,,500.0
2022,house,32,94206.0,,FollowTheMoney,,False,,500.0
2022,house,33,8235.0,115848.0,FollowTheMoney,FollowTheMoney,True,-2.5892477565001433,500.0
2022,house,34,,97327.0,,FollowTheMoney,False,,500.0
2022,house,35,,,,,False,,500.0
2022,house,36,,73747.0,,FollowTheMoney,False,,500.0
2022,house,37,,,,,False,,500.0
2022,house,38,,251314.0,,FollowTheMoney,False,,500.0
2022,house,39,,177674.0,,FollowTheMoney,False,,500.0
2022,house,40,,,,,False,,500.0
2022,house,41,,137321.0,,FollowTheMoney,False,,500.0
2022,house,42,,,,,False,,500.0
2022,house,43,22869.0,,FollowTheMoney,,False,,500.0
2022,house,44,,,,,False,,500.0
2022,house,45,,240625.0,,FollowTheMoney,False,,500.0
2022,house,46,,,,,False,,500.0
2022,house,47,12482.0,,FollowTheMoney,,False,,500.0
2022,house,48,,,,,False,,500.0
2022,house,49,,98216.0,,FollowTheMoney,False,,500.0
2022,house,50,,,,,False,,500.0
2022,house,51,,32638.0,,FollowTheMoney,False,,500.0
2022,house,52,56098.0,,FollowTheMoney,,False,,500.0
2022,house,53,167584.0,,FollowTheMoney,,False,,500.0
2022,house,54,283119.0,,FollowTheMoney,,False,,500.0
2022,house,55,73250.0,,FollowTheMoney,,False,,500.0
2022,house,56,,,,,False,,500.0
2022,house,57,105741.0,4288.0,FollowTheMoney,FollowTheMoney,True,3.0995973106387007,500.0
2022,house,58,43153.0,,FollowTheMoney,,False,,500.0
2022,house,59,47306.0,,FollowTheMoney,,False,,500.0
2022,house,60,,,,,False,,500.0
2022,house,61,,,,,False,,500.0
2022,house,62,,,,,False,,500.0
2022,house,63,19176.0,,FollowTheMoney,,False,,500.0
2022,house,64,,316340.0,,FollowTheMoney,False,,500.0
2022,house,65,2173.0,138646.0,FollowTheMoney,FollowTheMoney,True,-3.952322304444345,500.0
2022,house,66,,86269.0,,FollowTheMoney,False,,500.0
2022,house,67,130263.0,,FollowTheMoney,,False,,500.0
2022,house,68,159895.0,,FollowTheMoney,,False,,500.0
2022,house,69,255071.0,,FollowTheMoney,,False,,500.0
2022,house,70,74513.0,,FollowTheMoney,,False,,500.0
2022,house,71,,,,,False,,500.0
2022,house,72,,,,,False,,500.0
2022,house,73,,46161.0,,FollowTheMoney,False,,500.0
2022,house,74,324059.0,148692.0,FollowTheMoney,FollowTheMoney,True,0.7772332707698952,500.0
2022,house,75,,69117.0,,FollowTheMoney,False,,500.0
2022,house,76,51821.0,,FollowTheMoney,,False,,500.0
2022,house,77,25000.0,,FollowTheMoney,,False,,500.0
2022,house,78,29875.0,,FollowTheMoney,,False,,500.0
2022,house,79,,212678.0,,FollowTheMoney,False,,500.0
2022,house,80,,,,,False,,500.0
2022,house,81,,,,,False,,500.0
2022,house,82,,3299.0,,FollowTheMoney,False,,500.0
2022,house,83,,,,,False,,500.0
2022,house,84,36956.0,,FollowTheMoney,,False,,500.0
2022,house,85,178168.0,,FollowTheMoney,,False,,500.0
2022,house,86,,,,,False,,500.0
2022,house,87,,169741.0,,FollowTheMoney,False,,500.0
2022,house,88,,144324.0,,FollowTheMoney,False,,500.0
2022,house,89,,144466.0,,FollowTheMoney,False,,500.0
2022,house,90,,,,,False,,500.0
2022,house,91,,160002.0,,FollowTheMoney,False,,500.0
2022,house,92,,109636.0,,FollowTheMoney,False,,500.0
2022,house,93,,210210.0,,FollowTheMoney,False,,500.0
2022,house,94,,244930.0,,FollowTheMoney,False,,500.0
2022,house,95,25882.0,318255.0,FollowTheMoney,FollowTheMoney,True,-2.4917408231973894,500.0
2022,house,96,,226301.0,,FollowTheMoney,False,,500.0
2022,house,97,,,,,False,,500.0
2022,house,98,114169.0,,FollowTheMoney,,False,,500.0
2022,house,99,,,,,False,,500.0
2022,house,100,,168585.0,,FollowTheMoney,False,,500.0
2022,house,101,,,,,False,,500.0
2022,house,102,,93147.0,,FollowTheMoney,False,,500.0
2022,house,103,81806.0,,FollowTheMoney,,False,,500.0
2022,house,104,,,,,False,,500.0
2022,house,105,,119750.0,,FollowTheMoney,False,,500.0
2022,senate,1,,424060.0,,FollowTheMoney,False,,500.0
2022,senate,2,,,,,False,,500.0
2022,senate,3,,324318.0,,FollowTheMoney,False,,500.0
2022,senate,4,,647061.0,,FollowTheMoney,False,,500.0
2022,senate,5,,,,,False,,500.0
2022,senate,6,,,,,False,,500.0
2022,senate,7,15438.0,,FollowTheMoney,,False,,500.0
2022,senate,8,,230193.0,,FollowTheMoney,False,,500.0
2022,senate,9,,290776.0,,FollowTheMoney,False,,500.0
2022,senate,10,,265782.0,,FollowTheMoney,False,,500.0
2022,senate,11,,389820.0,,FollowTheMoney,False,,500.0
2022,senate,12,7436.0,458341.0,FollowTheMoney,FollowTheMoney,True,-4.057294374837064,500.0
2022,senate,13,,579395.0,,FollowTheMoney,False,,500.0
2022,senate,14,,54800.0,,FollowTheMoney,False,,500.0
2022,senate,15,,616688.0,,FollowTheMoney,False,,500.0
2022,senate,16,,,,,False,,500.0
2022,senate,17,,398611.0,,FollowTheMoney,False,,500.0
2022,senate,18,231350.0,,FollowTheMoney,,False,,500.0
2022,senate,19,286594.0,,FollowTheMoney,,False,,500.0
2022,senate,20,235930.0,,FollowTheMoney,,False,,500.0
2022,senate,21,94389.0,363991.0,FollowTheMoney,FollowTheMoney,True,-1.3457940723739992,500.0
2022,senate,22,,608811.0,,FollowTheMoney,False,,500.0
2022,senate,23,,,,,False,,500.0
2022,senate,24,447620.0,,FollowTheMoney,,False,,500.0
2022,senate,25,,187787.0,,FollowTheMoney,False,,500.0
2022,senate,26,41000.0,,FollowTheMoney,,False,,500.0
2022,senate,27,12987.0,,FollowTheMoney,,False,,500.0
2022,senate,28,,,,,False,,500.0
2022,senate,29,12019.0,445244.0,FollowTheMoney,FollowTheMoney,True,-3.5724973059152325,500.0
2022,senate,30,,208977.0,,FollowTheMoney,False,,500.0
2022,senate,31,,,,,False,,500.0
2022,senate,32,,,,,False,,500.0
2022,senate,33,,120323.0,,FollowTheMoney,False,,500.0
2022,senate,34,,,,,False,,500.0
2022,senate,35,,281138.0,,FollowTheMoney,False,,500.0
