cycle,chamber,district,party,candidate,candidate_norm,source_file,votes_wikipedia,incumbent_wikipedia,winner_wikipedia
2010,house,1,D,Greg Burdine,GREG BURDINE,2010_house.html,7083,False,True
2010,house,1,R,Quinton Hanson,QUINTON HANSON,2010_house.html,6877,False,False
2010,house,2,D,Mike Curtis,MIKE CURTIS,2010_house.html,6284,True,False
2010,house,2,R,Lynn Greer,LYNN GREER,2010_house.html,7599,False,True
2010,house,3,D,Marcel Black,MARCEL BLACK,2010_house.html,9076,True,True
2010,house,4,D,Vaughn Goodwin,VAUGHN GOODWIN,2010_house.html,5244,False,False
2010,house,4,R,Micky Hammon,MICKY HAMMON,2010_house.html,12153,True,True
2010,house,5,D,Henry A. White,HENRY A WHITE,2010_house.html,5402,True,False
2010,house,5,I,Jerry Hill,JERRY HILL,2010_house.html,1359,False,False
2010,house,5,R,Dan Williams,DAN WILLIAMS,2010_house.html,8807,False,True
2010,house,6,R,Phil Williams,PHIL WILLIAMS,2010_house.html,9880,False,True
2010,house,7,D,"John ""Jody"" Letson",JOHN JODY LETSON,2010_house.html,6911,True,False
2010,house,7,R,Ken Johnson,KEN JOHNSON,2010_house.html,7096,False,True
2010,house,8,D,Drama Breland,DRAMA BRELAND,2010_house.html,5147,False,False
2010,house,8,R,Terri Collins,TERRI COLLINS,2010_house.html,6574,False,True
2010,house,9,D,Kathy White Goodwin,KATHY WHITE GOODWIN,2010_house.html,4294,False,False
2010,house,9,R,Ed Henry,ED HENRY,2010_house.html,11405,False,True
2010,house,10,R,Mike Ball,MIKE BALL,2010_house.html,11950,True,True
2010,house,11,R,Jeremy Oden,JEREMY ODEN,2010_house.html,12977,True,True
2010,house,12,D,James C. Fields,JAMES C FIELDS,2010_house.html,7667,True,False
2010,house,12,R,Mac Buttram,MAC BUTTRAM,2010_house.html,9062,False,True
2010,house,13,D,Tommy Sherer,TOMMY SHERER,2010_house.html,5186,True,False
2010,house,13,R,Bill Roberts,BILL ROBERTS,2010_house.html,7990,False,True
2010,house,14,D,Ken Guin,KEN GUIN,2010_house.html,4121,True,False
2010,house,14,R,Richard Baughn,RICHARD BAUGHN,2010_house.html,9327,False,True
2010,house,15,R,Allen Farley,ALLEN FARLEY,2010_house.html,14117,False,True
2010,house,16,D,William E. Thigpen Sr.,WILLIAM E THIGPEN,2010_house.html,6379,True,False
2010,house,16,R,Daniel Boman,DANIEL BOMAN,2010_house.html,7451,False,True
2010,house,17,D,Mike Millican,MIKE MILLICAN,2010_house.html,8107,True,True
2010,house,18,D,Johnny Mack Morrow,JOHNNY MACK MORROW,2010_house.html,8344,True,True
2010,house,19,D,Laura Hall,LAURA HALL,2010_house.html,10669,True,True
2010,house,20,R,Howard Sanderford,HOWARD SANDERFORD,2010_house.html,17733,True,True
2010,house,21,D,Randy Hinshaw,RANDY HINSHAW,2010_house.html,6201,True,False
2010,house,21,R,Jim Patterson,JIM PATTERSON,2010_house.html,6654,False,True
2010,house,22,D,Butch Taylor,BUTCH TAYLOR,2010_house.html,5177,False,False
2010,house,22,R,Wayne Johnson,WAYNE JOHNSON,2010_house.html,9523,False,True
2010,house,23,D,John Robinson,JOHN ROBINSON,2010_house.html,7782,True,True
2010,house,24,D,Nathaniel Ledbetter,NATHANIEL LEDBETTER,2010_house.html,6971,False,False
2010,house,24,R,Todd Greeson,TODD GREESON,2010_house.html,7967,True,True
2010,house,25,R,Mac McCutcheon,MAC MCCUTCHEON,2010_house.html,17822,True,True
2010,house,26,D,Randall White,RANDALL WHITE,2010_house.html,4873,False,False
2010,house,26,R,Kerry Rich,KERRY RICH,2010_house.html,7203,False,True
2010,house,27,D,Jeff McLaughlin,JEFF MCLAUGHLIN,2010_house.html,7225,True,False
2010,house,27,R,Wes Long,WES LONG,2010_house.html,8238,False,True
2010,house,28,D,Craig Ford,CRAIG FORD,2010_house.html,8208,True,True
2010,house,29,D,Jack Page,JACK PAGE,2010_house.html,5406,True,False
2010,house,29,R,Becky Nordgren,BECKY NORDGREN,2010_house.html,5845,False,True
2010,house,30,D,Wally Burns,WALLY BURNS,2010_house.html,4153,False,False
2010,house,30,R,Blaine Galliher,BLAINE GALLIHER,2010_house.html,10979,True,True
2010,house,31,R,Barry Mask,BARRY MASK,2010_house.html,13104,True,True
2010,house,32,D,Barbara Bigsby-Boyd,BARBARA BIGSBY BOYD,2010_house.html,7240,True,True
2010,house,32,R,Ron Struzik,RON STRUZIK,2010_house.html,2905,False,False
2010,house,33,R,Ron Johnson,RON JOHNSON,2010_house.html,9567,True,True
2010,house,34,R,Elwyn Thomas,ELWYN THOMAS,2010_house.html,13515,True,True
2010,house,35,D,Steve Hurst,STEVE HURST,2010_house.html,6722,True,True
2010,house,35,R,Steven M. Dean,STEVEN M DEAN,2010_house.html,6295,False,False
2010,house,36,D,Garry Bearden,GARRY BEARDEN,2010_house.html,3301,False,False
2010,house,36,R,Randy Wood,RANDY WOOD,2010_house.html,10612,True,True
2010,house,37,D,Richard Laird,RICHARD LAIRD,2010_house.html,8106,True,True
2010,house,37,R,Bob Fincher,BOB FINCHER,2010_house.html,7011,False,False
2010,house,38,D,Huey P. Long,HUEY P LONG,2010_house.html,5748,False,False
2010,house,38,R,DuWayne Bridges,DUWAYNE BRIDGES,2010_house.html,5980,True,True
2010,house,39,D,Richard Lindsey,RICHARD LINDSEY,2010_house.html,7808,True,True
2010,house,39,R,Tim Sprayberry,TIM SPRAYBERRY,2010_house.html,5872,False,False
2010,house,40,D,Ricky Whaley,RICKY WHALEY,2010_house.html,5148,False,False
2010,house,40,R,K. L. (Koven) Brown,K L KOVEN BROWN,2010_house.html,8587,False,True
2010,house,41,R,Mike Hill,MIKE HILL,2010_house.html,19319,True,True
2010,house,42,D,"James M. ""Jimmy"" Martin",JAMES M JIMMY MARTIN,2010_house.html,5452,True,False
2010,house,42,R,Kurt Wallace,KURT WALLACE,2010_house.html,9382,False,True
2010,house,43,D,Virginia Sweet,VIRGINIA SWEET,2010_house.html,4041,False,False
2010,house,43,R,Mary Sue McClurkin,MARY SUE MCCLURKIN,2010_house.html,16368,True,True
2010,house,44,R,Arthur Payne,ARTHUR PAYNE,2010_house.html,11654,True,True
2010,house,45,D,Charlene Cannon,CHARLENE CANNON,2010_house.html,5103,False,False
2010,house,45,R,Owen Drake,OWEN DRAKE,2010_house.html,8165,True,True
2010,house,46,R,Paul DeMarco,PAUL DEMARCO,2010_house.html,15446,True,True
2010,house,47,I,"Charles ""Chip"" McCallum",CHARLES CHIP MCCALLUM,2010_house.html,5527,False,False
2010,house,47,R,Jack Williams,JACK WILLIAMS,2010_house.html,8735,True,True
2010,house,48,R,Greg Canfield,GREG CANFIELD,2010_house.html,16859,True,True
2010,house,49,R,April Weaver,APRIL WEAVER,2010_house.html,12411,False,True
2010,house,50,R,Jim McClendon,JIM MCCLENDON,2010_house.html,14248,True,True
2010,house,51,R,Allen Treadaway,ALLEN TREADAWAY,2010_house.html,14061,True,True
2010,house,52,D,John Rogers,JOHN ROGERS,2010_house.html,9599,True,True
2010,house,53,D,Demetrius Newton,DEMETRIUS NEWTON,2010_house.html,7729,True,True
2010,house,54,D,Patricia Todd,PATRICIA TODD,2010_house.html,7599,True,True
2010,house,55,D,Rod Scott,ROD SCOTT,2010_house.html,8670,True,True
2010,house,56,D,Lawrence McAdory,LAWRENCE MCADORY,2010_house.html,9881,True,True
2010,house,57,D,Merika Coleman,MERIKA COLEMAN,2010_house.html,10676,True,True
2010,house,58,D,Oliver Robinson,OLIVER ROBINSON,2010_house.html,9704,True,True
2010,house,59,D,Mary Moore,MARY MOORE,2010_house.html,7521,True,True
2010,house,60,D,"Juandalynn ""Lee Lee"" Givan",JUANDALYNN LEE LEE GIVAN,2010_house.html,10383,False,True
2010,house,61,D,Alan Harper,ALAN HARPER,2010_house.html,11102,True,True
2010,house,61,R,Frank Chandler,FRANK CHANDLER,2010_house.html,3167,False,False
2010,house,62,R,John Merrill,JOHN MERRILL,2010_house.html,11658,False,True
2010,house,63,D,Susan Pace Hamill,SUSAN PACE HAMILL,2010_house.html,5631,False,False
2010,house,63,R,Bill Poole,BILL POOLE,2010_house.html,9937,False,True
2010,house,64,R,Harry Shiver,HARRY SHIVER,2010_house.html,8524,True,True
2010,house,65,D,Elaine Beech,ELAINE BEECH,2010_house.html,11727,False,True
2010,house,65,I,Ozelle Hubert,OZELLE HUBERT,2010_house.html,1920,False,False
2010,house,66,R,Alan Baker,ALAN BAKER,2010_house.html,8615,True,True
2010,house,67,D,Dario Melton,DARIO MELTON,2010_house.html,10382,False,True
2010,house,68,D,Thomas E. (Action) Jackson,THOMAS E ACTION JACKSON,2010_house.html,10471,True,True
2010,house,69,D,David Colston,DAVID COLSTON,2010_house.html,11058,False,True
2010,house,70,D,Christopher John England,CHRISTOPHER JOHN ENGLAND,2010_house.html,7611,True,True
2010,house,71,D,"Artis ""A. J."" McCampbell",ARTIS A J MCCAMPBELL,2010_house.html,12261,True,True
2010,house,72,D,Ralph A. Howard,RALPH A HOWARD,2010_house.html,11552,True,True
2010,house,73,D,"Joseph Lister ""Joe"" Hubbard",JOSEPH LISTER JOE HUBBARD,2010_house.html,8137,False,True
2010,house,73,R,David Grimes,DAVID GRIMES,2010_house.html,7825,True,False
2010,house,74,I,Jay King,JAY KING,2010_house.html,2562,False,False
2010,house,74,R,Jay Love,JAY LOVE,2010_house.html,8714,True,True
2010,house,75,D,Glenn L. Allen,GLENN L ALLEN,2010_house.html,5551,False,False
2010,house,75,R,Greg Wren,GREG WREN,2010_house.html,14046,True,True
2010,house,76,D,Thad McClammy,THAD MCCLAMMY,2010_house.html,10092,True,True
2010,house,77,D,John Knight,JOHN KNIGHT,2010_house.html,8353,True,True
2010,house,78,D,Alvin Holmes,ALVIN HOLMES,2010_house.html,7349,True,True
2010,house,78,I,Ken Guin,KEN GUIN,2010_house.html,1313,False,False
2010,house,79,R,Mike Hubbard,MIKE HUBBARD,2010_house.html,11128,True,True
2010,house,80,D,Lesley Vance,LESLEY VANCE,2010_house.html,5579,True,True
2010,house,80,R,Mervin Dudley,MERVIN DUDLEY,2010_house.html,4626,False,False
2010,house,81,D,Betty Carol Graham,BETTY CAROL GRAHAM,2010_house.html,7306,True,False
2010,house,81,R,Mark M. Tuggle,MARK M TUGGLE,2010_house.html,9268,False,True
2010,house,82,D,Pebblin W. Warren,PEBBLIN W WARREN,2010_house.html,10180,True,True
2010,house,83,D,"George ""Tootie"" Bandy",GEORGE TOOTIE BANDY,2010_house.html,7484,True,True
2010,house,84,D,Berry Forte,BERRY FORTE,2010_house.html,7764,False,True
2010,house,84,R,Joyce L. Perrin,JOYCE L PERRIN,2010_house.html,4152,False,False
2010,house,85,D,Dexter Grimsley,DEXTER GRIMSLEY,2010_house.html,6692,False,True
2010,house,85,R,Jody Singleton,JODY SINGLETON,2010_house.html,6255,False,False
2010,house,86,D,Merritt Carothers,MERRITT CAROTHERS,2010_house.html,6623,False,False
2010,house,86,R,Paul Lee,PAUL LEE,2010_house.html,9159,False,True
2010,house,87,R,Donnie Chesteen,DONNIE CHESTEEN,2010_house.html,14347,False,True
2010,house,88,R,Paul Beckman,PAUL BECKMAN,2010_house.html,14382,False,True
2010,house,89,D,Alan C. Boothe,ALAN C BOOTHE,2010_house.html,7912,True,True
2010,house,90,D,Charles Newton,CHARLES NEWTON,2010_house.html,8577,True,True
2010,house,90,R,Jerry Hartin,JERRY HARTIN,2010_house.html,5855,False,False
2010,house,91,D,Terry Spicer,TERRY SPICER,2010_house.html,5383,True,False
2010,house,91,R,Barry Moore,BARRY MOORE,2010_house.html,9754,False,True
2010,house,92,D,David S. Darby,DAVID S DARBY,2010_house.html,3086,False,False
2010,house,92,I,Don Cotton,DON COTTON,2010_house.html,3180,False,False
2010,house,92,R,Mike Jones Jr.,MIKE JONES,2010_house.html,6820,False,True
2010,house,93,D,Ronnie Helms,RONNIE HELMS,2010_house.html,3271,False,False
2010,house,93,R,Steve Clouse,STEVE CLOUSE,2010_house.html,11418,True,True
2010,house,94,R,Joe Faust,JOE FAUST,2010_house.html,16481,True,True
2010,house,95,R,Steve McMillan,STEVE MCMILLAN,2010_house.html,16239,True,True
2010,house,96,R,Randy Davis,RANDY DAVIS,2010_house.html,13319,True,True
2010,house,97,D,Yvonne Kennedy,YVONNE KENNEDY,2010_house.html,6714,True,True
2010,house,98,D,Napoleon Bracy Jr.,NAPOLEON BRACY,2010_house.html,6767,False,True
2010,house,98,R,Sharon L. Powe,SHARON L POWE,2010_house.html,3222,False,False
2010,house,99,D,James E. Buskey,JAMES E BUSKEY,2010_house.html,8554,True,True
2010,house,99,I,Rashawn Figures,RASHAWN FIGURES,2010_house.html,1800,False,False
2010,house,100,R,Victor Gaston,VICTOR GASTON,2010_house.html,12640,True,True
2010,house,101,R,Jamie Ison,JAMIE ISON,2010_house.html,8414,True,True
2010,house,102,R,Chad Fincher,CHAD FINCHER,2010_house.html,9641,True,True
2010,house,103,D,Joseph C. Mitchell,JOSEPH C MITCHELL,2010_house.html,6962,True,True
2010,house,104,R,Jim Barton,JIM BARTON,2010_house.html,11155,True,True
2010,house,105,R,Spencer Collier,SPENCER COLLIER,2010_house.html,7807,True,True
2010,senate,1,D,Tammy Irons,TAMMY IRONS,2010_senate.html,23178,False,True
2010,senate,1,R,Jerry Freeman,JERRY FREEMAN,2010_senate.html,18266,False,False
2010,senate,2,D,Tom Butler,TOM BUTLER,2010_senate.html,23060,True,False
2010,senate,2,R,Bill Holtzclaw,BILL HOLTZCLAW,2010_senate.html,33050,False,True
2010,senate,3,R,Arthur Orr,ARTHUR ORR,2010_senate.html,39245,True,True
2010,senate,4,D,Zeb Little,ZEB LITTLE,2010_senate.html,18733,True,False
2010,senate,4,R,Paul Bussman,PAUL BUSSMAN,2010_senate.html,25621,False,True
2010,senate,5,D,Brett Wadsworth,BRETT WADSWORTH,2010_senate.html,12213,False,False
2010,senate,5,R,Greg Reed,GREG REED,2010_senate.html,33500,True,True
2010,senate,6,D,Roger Bedford Jr.,ROGER BEDFORD,2010_senate.html,18692,True,True
2010,senate,6,R,Jim Bonner,JIM BONNER,2010_senate.html,16304,False,False
2010,senate,7,D,Jeff Enfinger,JEFF ENFINGER,2010_senate.html,20819,False,False
2010,senate,7,R,Paul Sanford,PAUL SANFORD,2010_senate.html,25333,True,True
2010,senate,8,D,Lowell Barron,LOWELL BARRON,2010_senate.html,20016,True,False
2010,senate,8,R,Shadrack McGill,SHADRACK MCGILL,2010_senate.html,20603,False,True
2010,senate,9,D,Tim Mitchell,TIM MITCHELL,2010_senate.html,13933,False,False
2010,senate,9,R,Clay Scofield,CLAY SCOFIELD,2010_senate.html,30834,False,True
2010,senate,10,D,Larry Means,LARRY MEANS,2010_senate.html,17459,True,False
2010,senate,10,R,Phil Williams,PHIL WILLIAMS,2010_senate.html,20249,False,True
2010,senate,11,D,Jerry L. Fielding,JERRY L FIELDING,2010_senate.html,19929,False,True
2010,senate,11,R,Ray Robbins,RAY ROBBINS,2010_senate.html,17323,False,False
2010,senate,12,D,"Wallace Wyatt, Jr.",WALLACE WYATT,2010_senate.html,15210,False,False
2010,senate,12,R,Del Marsh,DEL MARSH,2010_senate.html,26714,True,True
2010,senate,13,D,Greg Varner,GREG VARNER,2010_senate.html,18443,False,False
2010,senate,13,R,Gerald Dial,GERALD DIAL,2010_senate.html,18800,False,True
2010,senate,14,R,Cam Ward,CAM WARD,2010_senate.html,42511,False,True
2010,senate,15,R,Slade Blackwell,SLADE BLACKWELL,2010_senate.html,46018,False,True
2010,senate,16,R,"J.T. ""Jabo"" Waggoner",J T JABO WAGGONER,2010_senate.html,43604,False,True
2010,senate,17,D,"T. E. ""Tommy"" Hudson",T E TOMMY HUDSON,2010_senate.html,8973,False,False
2010,senate,17,R,Scott Beason,SCOTT BEASON,2010_senate.html,38777,True,True
2010,senate,18,D,Rodger M. Smitherman,RODGER M SMITHERMAN,2010_senate.html,25154,True,True
2010,senate,19,D,Priscilla Dunn,PRISCILLA DUNN,2010_senate.html,29227,False,True
2010,senate,20,D,Linda Coleman,LINDA COLEMAN,2010_senate.html,28282,True,True
2010,senate,21,D,Phil Poole,PHIL POOLE,2010_senate.html,19509,True,False
2010,senate,21,R,Gerald Allen,GERALD ALLEN,2010_senate.html,20528,False,True
2010,senate,22,D,Marc Keahey,MARC KEAHEY,2010_senate.html,24785,False,True
2010,senate,22,R,Danny B. Joyner,DANNY B JOYNER,2010_senate.html,19939,False,False
2010,senate,23,D,Hank Sanders,HANK SANDERS,2010_senate.html,30322,True,True
2010,senate,24,D,Bobby Singleton,BOBBY SINGLETON,2010_senate.html,30803,True,True
2010,senate,25,D,"Doug ""Smitty"" Smith",DOUG SMITTY SMITH,2010_senate.html,14425,False,False
2010,senate,25,R,Dick Brewbaker,DICK BREWBAKER,2010_senate.html,38919,False,True
2010,senate,26,D,"Quinton T. Ross, Jr.",QUINTON T ROSS,2010_senate.html,28703,True,True
2010,senate,27,D,T.D. (Ted) Little,T D TED LITTLE,2010_senate.html,17379,True,False
2010,senate,27,R,Tom Whatley,TOM WHATLEY,2010_senate.html,21245,False,True
2010,senate,28,D,Billy Beasley,BILLY BEASLEY,2010_senate.html,28619,False,True
2010,senate,28,R,Kim West,KIM WEST,2010_senate.html,12033,False,False
2010,senate,29,I,Harri Anne Smith,HARRI ANNE SMITH,2010_senate.html,23800,True,True
2010,senate,29,R,George Flowers,GEORGE FLOWERS,2010_senate.html,19225,False,False
2010,senate,30,D,"""Walking"" Wendell Mitchell",WALKING WENDELL MITCHELL,2010_senate.html,19506,True,False
2010,senate,30,R,Bryan Taylor,BRYAN TAYLOR,2010_senate.html,25868,False,True
2010,senate,31,R,Jimmy W. Holley,JIMMY W HOLLEY,2010_senate.html,29301,True,True
2010,senate,32,R,Trip Pittman,TRIP PITTMAN,2010_senate.html,42365,False,True
2010,senate,33,D,Vivian Davis Figures,VIVIAN DAVIS FIGURES,2010_senate.html,23241,True,True
2010,senate,33,R,Brad Moser,BRAD MOSER,2010_senate.html,8419,False,False
2010,senate,34,R,Rusty Glover,RUSTY GLOVER,2010_senate.html,34325,True,True
2010,senate,35,D,Scott A. Buzbee,SCOTT A BUZBEE,2010_senate.html,12653,False,False
2010,senate,35,R,Ben Brooks,BEN BROOKS,2010_senate.html,18307,True,True
2014,house,1,D,Greg Burdine,GREG BURDINE,2014_house.html,4652,True,False
2014,house,1,R,Phillip Pettus,PHILLIP PETTUS,2014_house.html,4933,False,True
2014,house,2,D,Andy Betterton,ANDY BETTERTON,2014_house.html,5224,False,False
2014,house,2,R,Lynn Greer,LYNN GREER,2014_house.html,8561,True,True
2014,house,3,D,Marcel Black,MARCEL BLACK,2014_house.html,7993,True,True
2014,house,3,R,Fred Joly,FRED JOLY,2014_house.html,5357,False,False
2014,house,4,R,Micky Hammon,MICKY HAMMON,2014_house.html,8473,True,True
2014,house,5,D,Henry A. White,HENRY A WHITE,2014_house.html,5520,False,False
2014,house,5,R,Dan Williams,DAN WILLIAMS,2014_house.html,8807,True,True
2014,house,6,R,Phil Williams,PHIL WILLIAMS,2014_house.html,8323,False,True
2014,house,7,D,Jody Letson,JODY LETSON,2014_house.html,6911,False,False
2014,house,7,R,Ken Johnson,KEN JOHNSON,2014_house.html,7096,True,True
2014,house,8,D,Drama Breland,DRAMA BRELAND,2014_house.html,5147,False,False
2014,house,8,R,Terri Collins,TERRI COLLINS,2014_house.html,6574,False,True
2014,house,9,D,Kathy White Goodwin,KATHY WHITE GOODWIN,2014_house.html,4294,False,False
2014,house,9,R,Ed Henry,ED HENRY,2014_house.html,11405,False,True
2014,house,10,R,Mike Ball,MIKE BALL,2014_house.html,11950,True,True
2014,house,11,R,Jeremy H. Oden,JEREMY H ODEN,2014_house.html,12977,True,True
2014,house,12,D,James C. Fields Jr.,JAMES C FIELDS,2014_house.html,7667,False,False
2014,house,12,R,Mac Buttram,MAC BUTTRAM,2014_house.html,9062,False,True
2014,house,13,R,Connie Rowe,CONNIE ROWE,2014_house.html,9455,False,True
2014,house,14,R,Richard Baughn,RICHARD BAUGHN,2014_house.html,9255,False,True
2014,house,15,R,Allen Farley,ALLEN FARLEY,2014_house.html,14117,False,True
2014,house,16,D,Daniel Boman,DANIEL BOMAN,2014_house.html,3430,True,False
2014,house,16,R,Kyle South,KYLE SOUTH,2014_house.html,10467,False,True
2014,house,17,D,Mike Millican,MIKE MILLICAN,2014_house.html,8107,True,True
2014,house,18,D,Johnny Mack Morrow,JOHNNY MACK MORROW,2014_house.html,8344,True,True
2014,house,19,D,Laura Hall,LAURA HALL,2014_house.html,7615,True,True
2014,house,19,I,A.J. Smith,A J SMITH,2014_house.html,1557,False,False
2014,house,20,R,Howard Sanderford,HOWARD SANDERFORD,2014_house.html,17733,True,True
2014,house,21,D,Randy Hinshaw,RANDY HINSHAW,2014_house.html,6201,True,False
2014,house,21,R,Jim Patterson,JIM PATTERSON,2014_house.html,6654,False,True
2014,house,22,D,Butch Taylor,BUTCH TAYLOR,2014_house.html,5177,False,False
2014,house,22,R,Wayne Johnson,WAYNE JOHNSON,2014_house.html,9523,False,True
2014,house,23,D,John Robinson,JOHN ROBINSON,2014_house.html,7782,True,True
2014,house,24,D,Nathaniel Ledbetter,NATHANIEL LEDBETTER,2014_house.html,6971,False,False
2014,house,24,R,Todd Greeson,TODD GREESON,2014_house.html,7967,True,True
2014,house,25,R,Mac McCutcheon,MAC MCCUTCHEON,2014_house.html,17822,True,True
2014,house,26,R,Kerry Rich,KERRY RICH,2014_house.html,7203,False,True
2014,house,27,D,Jeff McLaughlin,JEFF MCLAUGHLIN,2014_house.html,7225,False,False
2014,house,27,R,Will Ainsworth,WILL AINSWORTH,2014_house.html,8238,False,True
2014,house,28,D,Craig Ford,CRAIG FORD,2014_house.html,8208,True,True
2014,house,29,D,Michael Gladden,MICHAEL GLADDEN,2014_house.html,5406,True,False
2014,house,29,R,Becky Nordgren,BECKY NORDGREN,2014_house.html,5845,False,True
2014,house,30,D,Wally Burns,WALLY BURNS,2014_house.html,4153,False,False
2014,house,30,R,Blaine Galliher,BLAINE GALLIHER,2014_house.html,10979,True,True
2014,house,31,R,Barry Mask,BARRY MASK,2014_house.html,13104,True,True
2014,house,32,D,Barbara Bigsby-Boyd,BARBARA BIGSBY BOYD,2014_house.html,7240,True,True
2014,house,32,R,Ron Struzik,RON STRUZIK,2014_house.html,2905,False,False
2014,house,33,R,Ron Johnson,RON JOHNSON,2014_house.html,9567,True,True
2014,house,34,R,Elwyn Thomas,ELWYN THOMAS,2014_house.html,13515,True,True
2014,house,35,D,Steve Hurst,STEVE HURST,2014_house.html,6722,True,True
2014,house,35,R,Steven M. Dean,STEVEN M DEAN,2014_house.html,6295,False,False
2014,house,36,D,Garry Bearden,GARRY BEARDEN,2014_house.html,3301,False,False
2014,house,36,R,Randy Wood,RANDY WOOD,2014_house.html,10612,True,True
2014,house,37,D,Richard Laird,RICHARD LAIRD,2014_house.html,8106,True,True
2014,house,37,R,Bob Fincher,BOB FINCHER,2014_house.html,7011,False,False
2014,house,38,D,Huey P. Long,HUEY P LONG,2014_house.html,5748,False,False
2014,house,38,R,DuWayne Bridges,DUWAYNE BRIDGES,2014_house.html,5980,True,True
2014,house,39,D,Richard Lindsey,RICHARD LINDSEY,2014_house.html,7808,True,True
2014,house,39,R,Tim Sprayberry,TIM SPRAYBERRY,2014_house.html,5872,False,False
2014,house,40,D,Ted Copeland,TED COPELAND,2014_house.html,5148,False,False
2014,house,40,R,K. L. (Koven) Brown,K L KOVEN BROWN,2014_house.html,8587,False,True
2014,house,41,R,Mike Hill,MIKE HILL,2014_house.html,19319,True,True
2014,house,42,R,Jimmy Martin,JIMMY MARTIN,2014_house.html,9382,False,True
2014,house,43,D,Virginia Sweet,VIRGINIA SWEET,2014_house.html,4041,False,False
2014,house,43,R,Mary Sue McClurkin,MARY SUE MCCLURKIN,2014_house.html,16368,True,True
2014,house,44,R,Arthur Payne,ARTHUR PAYNE,2014_house.html,11654,True,True
2014,house,45,R,Dickie Drake,DICKIE DRAKE,2014_house.html,8165,True,True
2014,house,46,R,Paul DeMarco,PAUL DEMARCO,2014_house.html,15446,True,True
2014,house,47,D,Salvatore Bambinelli,SALVATORE BAMBINELLI,2014_house.html,2642,False,False
2014,house,47,R,Jack Williams,JACK WILLIAMS,2014_house.html,7073,True,True
2014,house,48,R,Greg Canfield,GREG CANFIELD,2014_house.html,16859,True,True
2014,house,49,R,April Weaver,APRIL WEAVER,2014_house.html,12411,False,True
2014,house,50,R,Jim McClendon,JIM MCCLENDON,2014_house.html,14248,True,True
2014,house,51,R,Allen Treadaway,ALLEN TREADAWAY,2014_house.html,14061,True,True
2014,house,52,D,John Rogers,JOHN ROGERS,2014_house.html,9599,True,True
2014,house,53,D,Demetrius Newton,DEMETRIUS NEWTON,2014_house.html,7729,True,True
2014,house,54,D,Patricia Todd,PATRICIA TODD,2014_house.html,7599,True,True
2014,house,55,D,Rod Scott,ROD SCOTT,2014_house.html,8670,True,True
2014,house,56,D,Lawrence McAdory,LAWRENCE MCADORY,2014_house.html,9881,True,True
2014,house,57,D,Merika Coleman,MERIKA COLEMAN,2014_house.html,10676,True,True
2014,house,58,D,Oliver Robinson,OLIVER ROBINSON,2014_house.html,9704,True,True
2014,house,59,D,Mary Moore,MARY MOORE,2014_house.html,7521,True,True
2014,house,60,D,"Juandalynn ""Lee Lee"" Givan",JUANDALYNN LEE LEE GIVAN,2014_house.html,10383,False,True
2014,house,61,D,Alan Harper,ALAN HARPER,2014_house.html,11102,True,True
2014,house,61,R,Frank Chandler,FRANK CHANDLER,2014_house.html,3167,False,False
2014,house,62,R,John Merrill,JOHN MERRILL,2014_house.html,11658,False,True
2014,house,63,D,Susan Pace Hamill,SUSAN PACE HAMILL,2014_house.html,5631,False,False
2014,house,63,R,Bill Poole,BILL POOLE,2014_house.html,9937,False,True
2014,house,64,R,Harry Shiver,HARRY SHIVER,2014_house.html,8524,True,True
2014,house,65,D,Elaine Beech,ELAINE BEECH,2014_house.html,11727,False,True
2014,house,65,I,Ozelle Hubert,OZELLE HUBERT,2014_house.html,1920,False,False
2014,house,66,R,Alan Baker,ALAN BAKER,2014_house.html,8615,True,True
2014,house,67,D,Dario Melton,DARIO MELTON,2014_house.html,10382,False,True
2014,house,68,D,Thomas E. (Action) Jackson,THOMAS E ACTION JACKSON,2014_house.html,10471,True,True
2014,house,69,D,David Colston,DAVID COLSTON,2014_house.html,11058,False,True
2014,house,70,D,Christopher John England,CHRISTOPHER JOHN ENGLAND,2014_house.html,7611,True,True
2014,house,71,D,"Artis ""A. J."" McCampbell",ARTIS A J MCCAMPBELL,2014_house.html,12261,True,True
2014,house,72,D,Ralph A. Howard,RALPH A HOWARD,2014_house.html,11552,True,True
2014,house,73,R,Matt Fridy,MATT FRIDY,2014_house.html,7825,False,True
2014,house,74,I,Jay King,JAY KING,2014_house.html,2562,False,False
2014,house,74,R,Jay Love,JAY LOVE,2014_house.html,8714,True,True
2014,house,75,D,Glenn L. Allen,GLENN L ALLEN,2014_house.html,5551,False,False
2014,house,75,R,Greg Wren,GREG WREN,2014_house.html,14046,True,True
2014,house,76,D,Thad McClammy,THAD MCCLAMMY,2014_house.html,10092,True,True
2014,house,77,D,John Knight,JOHN KNIGHT,2014_house.html,8353,True,True
2014,house,78,D,Alvin Holmes,ALVIN HOLMES,2014_house.html,7349,True,True
2014,house,78,I,Ken Guin,KEN GUIN,2014_house.html,1313,False,False
2014,house,79,R,Mike Hubbard,MIKE HUBBARD,2014_house.html,11128,True,True
2014,house,80,D,Lesley Vance,LESLEY VANCE,2014_house.html,5579,True,True
2014,house,80,R,Mervin Dudley,MERVIN DUDLEY,2014_house.html,4626,False,False
2014,house,81,D,Betty Carol Graham,BETTY CAROL GRAHAM,2014_house.html,7306,True,False
2014,house,81,R,Mark Tuggle,MARK TUGGLE,2014_house.html,9268,False,True
2014,house,82,D,Pebblin W. Warren,PEBBLIN W WARREN,2014_house.html,10180,True,True
2014,house,83,D,"George ""Tootie"" Bandy",GEORGE TOOTIE BANDY,2014_house.html,7484,True,True
2014,house,84,D,Berry Forte,BERRY FORTE,2014_house.html,7764,False,True
2014,house,84,R,Joyce L. Perrin,JOYCE L PERRIN,2014_house.html,4152,False,False
2014,house,85,D,Dexter Grimsley,DEXTER GRIMSLEY,2014_house.html,6692,False,True
2014,house,85,R,Jody Singleton,JODY SINGLETON,2014_house.html,6255,False,False
2014,house,86,D,Merritt Carothers,MERRITT CAROTHERS,2014_house.html,6623,False,False
2014,house,86,R,Paul Lee,PAUL LEE,2014_house.html,9159,False,True
2014,house,87,R,Donnie Chesteen,DONNIE CHESTEEN,2014_house.html,14347,False,True
2014,house,88,R,Paul Beckman,PAUL BECKMAN,2014_house.html,14382,False,True
2014,house,89,D,Alan C. Boothe,ALAN C BOOTHE,2014_house.html,7912,True,True
2014,house,90,D,Charles Newton,CHARLES NEWTON,2014_house.html,8577,True,True
2014,house,90,R,Jerry Hartin,JERRY HARTIN,2014_house.html,5855,False,False
2014,house,91,D,Terry Spicer,TERRY SPICER,2014_house.html,5383,True,False
2014,house,91,R,Barry Moore,BARRY MOORE,2014_house.html,9754,False,True
2014,house,92,D,David S. Darby,DAVID S DARBY,2014_house.html,3086,False,False
2014,house,92,I,Don Cotton,DON COTTON,2014_house.html,3180,False,False
2014,house,92,R,Mike Jones Jr.,MIKE JONES,2014_house.html,6820,False,True
2014,house,93,D,Ronnie Helms,RONNIE HELMS,2014_house.html,3271,False,False
2014,house,93,R,Steve Clouse,STEVE CLOUSE,2014_house.html,11418,True,True
2014,house,94,R,Joe Faust,JOE FAUST,2014_house.html,16481,True,True
2014,house,95,R,Steve McMillan,STEVE MCMILLAN,2014_house.html,16239,True,True
2014,house,96,R,Randy Davis,RANDY DAVIS,2014_house.html,13319,True,True
2014,house,97,D,Yvonne Kennedy,YVONNE KENNEDY,2014_house.html,6714,True,True
2014,house,98,D,Napoleon Bracy Jr.,NAPOLEON BRACY,2014_house.html,6767,False,True
2014,house,98,R,Sharon L. Powe,SHARON L POWE,2014_house.html,3222,False,False
2014,house,99,D,James E. Buskey,JAMES E BUSKEY,2014_house.html,8554,True,True
2014,house,99,I,Rashawn Figures,RASHAWN FIGURES,2014_house.html,1800,False,False
2014,house,100,R,Victor Gaston,VICTOR GASTON,2014_house.html,12640,True,True
2014,house,101,R,Jamie Ison,JAMIE ISON,2014_house.html,8414,True,True
2014,house,102,R,Chad Fincher,CHAD FINCHER,2014_house.html,9641,True,True
2014,house,103,D,Joseph C. Mitchell,JOSEPH C MITCHELL,2014_house.html,6962,True,True
2014,house,104,R,Jim Barton,JIM BARTON,2014_house.html,11155,True,True
2014,house,105,R,Spencer Collier,SPENCER COLLIER,2014_house.html,7807,True,True
2014,senate,1,D,Mike Curtis,MIKE CURTIS,2014_senate.html,13704,False,False
2014,senate,1,R,Tim Melson,TIM MELSON,2014_senate.html,22982,False,True
2014,senate,2,R,Bill Holtzclaw,BILL HOLTZCLAW,2014_senate.html,24936,False,True
2014,senate,3,R,Arthur Orr,ARTHUR ORR,2014_senate.html,26906,True,True
2014,senate,4,D,Angelo Mancuso,ANGELO MANCUSO,2014_senate.html,8875,False,False
2014,senate,4,R,Paul Bussman,PAUL BUSSMAN,2014_senate.html,24750,False,True
2014,senate,5,R,Greg Reed,GREG REED,2014_senate.html,29611,False,True
2014,senate,6,D,"Roger Bedford, Jr.",ROGER BEDFORD,2014_senate.html,17574,False,False
2014,senate,6,R,Larry Stutts,LARRY STUTTS,2014_senate.html,17641,False,True
2014,senate,7,D,Bryan Bennet,BRYAN BENNET,2014_senate.html,12404,False,False
2014,senate,7,R,Paul Sanford,PAUL SANFORD,2014_senate.html,22873,False,True
2014,senate,8,D,Horace Clemmons,HORACE CLEMMONS,2014_senate.html,9322,False,False
2014,senate,8,R,Steve Livingston,STEVE LIVINGSTON,2014_senate.html,24332,False,True
2014,senate,9,R,Clay Scofield,CLAY SCOFIELD,2014_senate.html,24596,False,True
2014,senate,10,D,Larry Means,LARRY MEANS,2014_senate.html,16530,False,False
2014,senate,10,R,Phil Williams,PHIL WILLIAMS,2014_senate.html,17967,False,True
2014,senate,11,D,Ron Crumpton,RON CRUMPTON,2014_senate.html,6981,False,False
2014,senate,11,R,Jim McClendon,JIM MCCLENDON,2014_senate.html,24318,False,True
2014,senate,12,D,Taylor Stewart,TAYLOR STEWART,2014_senate.html,13178,False,False
2014,senate,12,R,Del Marsh,DEL MARSH,2014_senate.html,17646,False,True
2014,senate,13,I,Bill Fuller,BILL FULLER,2014_senate.html,3697,False,False
2014,senate,13,R,Gerald Dial,GERALD DIAL,2014_senate.html,16758,False,True
2014,senate,14,R,Cam Ward,CAM WARD,2014_senate.html,25724,False,True
2014,senate,15,R,Slade Blackwell,SLADE BLACKWELL,2014_senate.html,29498,False,True
2014,senate,16,D,Cindy Bell,CINDY BELL,2014_senate.html,8284,False,False
2014,senate,16,R,"J.T. ""Jabo"" Waggoner",J T JABO WAGGONER,2014_senate.html,28107,False,True
2014,senate,17,R,Shay Shelnutt,SHAY SHELNUTT,2014_senate.html,31105,False,True
2014,senate,18,D,Rodger Smitherman,RODGER SMITHERMAN,2014_senate.html,23195,False,True
2014,senate,19,D,Priscilla Dunn,PRISCILLA DUNN,2014_senate.html,27143,False,True
2014,senate,20,D,Linda Coleman,LINDA COLEMAN,2014_senate.html,23368,False,True
2014,senate,21,D,Phil Poole,PHIL POOLE,2014_senate.html,12161,False,False
2014,senate,21,R,Gerald Allen,GERALD ALLEN,2014_senate.html,20179,False,True
2014,senate,22,D,Susan Smith,SUSAN SMITH,2014_senate.html,11275,False,False
2014,senate,22,R,Greg Albritton,GREG ALBRITTON,2014_senate.html,23162,False,True
2014,senate,23,D,Hank Sanders,HANK SANDERS,2014_senate.html,29306,False,True
2014,senate,24,D,Bobby Singleton,BOBBY SINGLETON,2014_senate.html,26859,False,True
2014,senate,25,R,Dick Brewbaker,DICK BREWBAKER,2014_senate.html,29545,False,True
2014,senate,26,D,Quinton Ross,QUINTON ROSS,2014_senate.html,25166,False,True
2014,senate,27,D,Haylee Moss,HAYLEE MOSS,2014_senate.html,10358,False,False
2014,senate,27,R,Tom Whatley,TOM WHATLEY,2014_senate.html,19808,False,True
2014,senate,28,D,Billy Beasley,BILLY BEASLEY,2014_senate.html,22148,False,True
2014,senate,28,R,John Savage,JOHN SAVAGE,2014_senate.html,8020,False,False
2014,senate,29,I,Harri Anne Smith,HARRI ANNE SMITH,2014_senate.html,17830,False,True
2014,senate,29,R,Melinda McClendon,MELINDA MCCLENDON,2014_senate.html,16145,False,False
2014,senate,30,I,Bryan Morgan,BRYAN MORGAN,2014_senate.html,5653,False,False
2014,senate,30,R,Clyde Chambliss,CLYDE CHAMBLISS,2014_senate.html,22916,False,True
2014,senate,31,D,Larry Greenwood,LARRY GREENWOOD,2014_senate.html,8627,False,False
2014,senate,31,R,Jimmy Holley,JIMMY HOLLEY,2014_senate.html,23067,False,True
2014,senate,32,I,Kimberly McCuiston,KIMBERLY MCCUISTON,2014_senate.html,6306,False,False
2014,senate,32,R,Trip Pittman,TRIP PITTMAN,2014_senate.html,27837,False,True
2014,senate,33,D,Vivian Davis Figures,VIVIAN DAVIS FIGURES,2014_senate.html,23012,False,True
2014,senate,34,R,Rusty Glover,RUSTY GLOVER,2014_senate.html,22451,False,True
2014,senate,35,D,Beau Doolittle,BEAU DOOLITTLE,2014_senate.html,6862,False,False
2014,senate,35,R,Bill Hightower,BILL HIGHTOWER,2014_senate.html,19173,False,True
2018,house,1,D,72,,2018_house.html,33,False,False
2018,house,1,I,4,,2018_house.html,0,False,False
2018,house,1,I,Bobby James Dolan III,BOBBY JAMES DOLAN,2018_house.html,4336,False,False
2018,house,1,L,2,,2018_house.html,0,False,False
2018,house,1,R,82,,2018_house.html,72,False,False
2018,house,1,R,Phillip Pettus,PHILLIP PETTUS,2018_house.html,7348,True,True
2018,house,2,D,Laura Kay Morrow,LAURA KAY MORROW,2018_house.html,4798,False,False
2018,house,2,R,Lynn Greer,LYNN GREER,2018_house.html,13056,True,True
2018,house,3,D,Chad Young,CHAD YOUNG,2018_house.html,8540,False,False
2018,house,3,R,Andrew Sorrell,ANDREW SORRELL,2018_house.html,9448,False,True
2018,house,4,D,Jo Ann Cummings,JO ANN CUMMINGS,2018_house.html,4325,False,False
2018,house,4,I,"Polan ""Pete"" Willis Jr.",POLAN PETE WILLIS,2018_house.html,1620,False,False
2018,house,4,R,Parker Moore,PARKER MOORE,2018_house.html,11074,True,True
2018,house,5,D,Brian D Williams,BRIAN D WILLIAMS,2018_house.html,4725,False,False
2018,house,5,R,Danny Crawford,DANNY CRAWFORD,2018_house.html,12395,True,True
2018,house,6,R,Andy Whitt,ANDY WHITT,2018_house.html,11893,False,True
2018,house,7,D,Kenneth A. Brackins,KENNETH A BRACKINS,2018_house.html,3592,False,False
2018,house,7,R,Proncey Robinson,PRONCEY ROBINSON,2018_house.html,10892,False,True
2018,house,8,D,Billy Jackson,BILLY JACKSON,2018_house.html,5469,False,False
2018,house,8,R,Terri Collins,TERRI COLLINS,2018_house.html,8803,True,True
2018,house,9,R,Scott Stadthagen,SCOTT STADTHAGEN,2018_house.html,13297,False,True
2018,house,10,D,J.B. King,J B KING,2018_house.html,8565,False,False
2018,house,10,L,Elijah J. Boyd,ELIJAH J BOYD,2018_house.html,1130,False,False
2018,house,10,R,Mike Ball,MIKE BALL,2018_house.html,11240,True,True
2018,house,11,R,Randall Shedd,RANDALL SHEDD,2018_house.html,13098,True,True
2018,house,12,R,Corey Harbison,COREY HARBISON,2018_house.html,14687,True,True
2018,house,13,R,Connie Rowe,CONNIE ROWE,2018_house.html,13755,True,True
2018,house,14,R,Tim Wadsworth,TIM WADSWORTH,2018_house.html,13394,True,True
2018,house,15,D,Suzanna Coleman,SUZANNA COLEMAN,2018_house.html,6951,False,False
2018,house,15,R,Allen Farley,ALLEN FARLEY,2018_house.html,14212,True,True
2018,house,16,R,Kyle South,KYLE SOUTH,2018_house.html,14681,True,True
2018,house,17,R,Tracy Estes,TRACY ESTES,2018_house.html,12158,False,True
2018,house,18,D,Eddie Britton,EDDIE BRITTON,2018_house.html,3886,False,False
2018,house,18,R,Jamie Kiel,JAMIE KIEL,2018_house.html,9845,False,True
2018,house,19,D,Laura Hall,LAURA HALL,2018_house.html,12675,True,True
2018,house,20,D,Linda Meigs,LINDA MEIGS,2018_house.html,8527,False,False
2018,house,20,R,Howard Sanderford,HOWARD SANDERFORD,2018_house.html,14589,True,True
2018,house,21,D,Terry Jones,TERRY JONES,2018_house.html,8391,False,False
2018,house,21,R,Rex Reynolds,REX REYNOLDS,2018_house.html,13311,True,True
2018,house,22,R,Ritchie Whorton,RITCHIE WHORTON,2018_house.html,13929,True,True
2018,house,23,R,Tommy Hanes,TOMMY HANES,2018_house.html,10823,True,True
2018,house,24,R,Nathaniel Ledbetter,NATHANIEL LEDBETTER,2018_house.html,12394,True,True
2018,house,25,R,Mac McCutcheon,MAC MCCUTCHEON,2018_house.html,14974,True,True
2018,house,26,R,Kerry Rich,KERRY RICH,2018_house.html,8948,True,True
2018,house,27,D,Bill Jones,BILL JONES,2018_house.html,2456,False,False
2018,house,27,R,Wes Kitchens,WES KITCHENS,2018_house.html,13245,False,True
2018,house,28,D,Kyle Pierce,KYLE PIERCE,2018_house.html,5731,False,False
2018,house,28,R,Gil Isbell,GIL ISBELL,2018_house.html,7091,False,True
2018,house,29,D,Jared Vaughn,JARED VAUGHN,2018_house.html,3032,False,False
2018,house,29,R,Becky Nordgren,BECKY NORDGREN,2018_house.html,11528,True,True
2018,house,30,D,Jared Vaughn,JARED VAUGHN,2018_house.html,2931,False,False
2018,house,30,R,B. Craig Lipscomb,B CRAIG LIPSCOMB,2018_house.html,13779,False,True
2018,house,31,R,Mike Holmes,MIKE HOLMES,2018_house.html,14323,True,True
2018,house,32,D,Barbara Boyd,BARBARA BOYD,2018_house.html,7761,True,True
2018,house,32,R,James Allen Lloyd,JAMES ALLEN LLOYD,2018_house.html,4513,False,False
2018,house,33,D,Scott Brewer,SCOTT BREWER,2018_house.html,4928,False,False
2018,house,33,R,Ronald Johnson,RONALD JOHNSON,2018_house.html,10155,True,True
2018,house,34,R,David Standridge,DAVID STANDRIDGE,2018_house.html,13331,True,True
2018,house,35,R,Steve Hurst,STEVE HURST,2018_house.html,11567,True,True
2018,house,36,D,Nicki Arnold-Swindle,NICKI ARNOLD SWINDLE,2018_house.html,4256,False,False
2018,house,36,R,Randy Wood,RANDY WOOD,2018_house.html,11399,True,True
2018,house,37,D,Charlotte A. Clark-Frieson,CHARLOTTE A CLARK FRIESON,2018_house.html,4505,False,False
2018,house,37,R,Bob Fincher,BOB FINCHER,2018_house.html,11153,True,True
2018,house,38,D,Brian McGee,BRIAN MCGEE,2018_house.html,4944,False,False
2018,house,38,R,Debbie Hamby Wood,DEBBIE HAMBY WOOD,2018_house.html,11151,False,True
2018,house,39,R,Ginny Shaver,GINNY SHAVER,2018_house.html,11585,False,True
2018,house,40,D,Pamela Jean Howard,PAMELA JEAN HOWARD,2018_house.html,3819,False,False
2018,house,40,R,K. L. Brown,K L BROWN,2018_house.html,11188,True,True
2018,house,41,D,Emily Anne Marcum,EMILY ANNE MARCUM,2018_house.html,4610,False,False
2018,house,41,R,Corley Ellis,CORLEY ELLIS,2018_house.html,14088,True,True
2018,house,42,R,Jimmy Martin,JIMMY MARTIN,2018_house.html,12412,True,True
2018,house,43,D,Carin Mayo,CARIN MAYO,2018_house.html,5847,False,False
2018,house,43,R,Arnold Mooney,ARNOLD MOONEY,2018_house.html,15035,True,True
2018,house,44,R,Danny Garrett,DANNY GARRETT,2018_house.html,14597,True,True
2018,house,45,D,Jenn Gray,JENN GRAY,2018_house.html,7148,False,False
2018,house,45,R,Dickie Drake,DICKIE DRAKE,2018_house.html,13669,True,True
2018,house,46,D,Felicia Stewart,FELICIA STEWART,2018_house.html,8445,False,False
2018,house,46,R,David Faulkner,DAVID FAULKNER,2018_house.html,13341,True,True
2018,house,47,D,Jim Toomey,JIM TOOMEY,2018_house.html,7721,False,False
2018,house,47,R,David Wheeler,DAVID WHEELER,2018_house.html,9170,False,True
2018,house,48,D,Alli Summerford,ALLI SUMMERFORD,2018_house.html,7832,False,False
2018,house,48,R,Jim Carns,JIM CARNS,2018_house.html,14789,True,True
2018,house,49,R,April Weaver,APRIL WEAVER,2018_house.html,10795,True,True
2018,house,50,R,Jim Hill,JIM HILL,2018_house.html,14412,True,True
2018,house,51,D,Veronica R. Johnson,VERONICA R JOHNSON,2018_house.html,3174,False,False
2018,house,51,R,Allen Treadaway,ALLEN TREADAWAY,2018_house.html,15390,True,True
2018,house,52,D,John Rogers,JOHN ROGERS,2018_house.html,13284,True,True
2018,house,53,D,Anthony Daniels,ANTHONY DANIELS,2018_house.html,8375,True,True
2018,house,54,D,Neil Rafferty,NEIL RAFFERTY,2018_house.html,13287,False,True
2018,house,54,I,Joseph Casper Baker III,JOSEPH CASPER BAKER,2018_house.html,1436,False,False
2018,house,55,D,Rod Scott,ROD SCOTT,2018_house.html,13109,True,True
2018,house,56,D,Louise Alexander,LOUISE ALEXANDER,2018_house.html,13769,True,True
2018,house,57,D,Merika Coleman,MERIKA COLEMAN,2018_house.html,12831,True,True
2018,house,58,D,Rolanda Hollis,ROLANDA HOLLIS,2018_house.html,12498,True,True
2018,house,59,D,Mary Moore,MARY MOORE,2018_house.html,12036,True,True
2018,house,60,D,Juandalynn Givan,JUANDALYNN GIVAN,2018_house.html,14432,True,True
2018,house,61,D,"Thomas ""Tommy"" Hyche",THOMAS TOMMY HYCHE,2018_house.html,6491,False,False
2018,house,61,R,Rodney Sullivan,RODNEY SULLIVAN,2018_house.html,12407,False,True
2018,house,62,D,Will Benton,WILL BENTON,2018_house.html,5265,False,False
2018,house,62,R,Rich Wingo,RICH WINGO,2018_house.html,11282,True,True
2018,house,63,R,Bill Poole,BILL POOLE,2018_house.html,10239,True,True
2018,house,64,D,Amber Selman-Lynn,AMBER SELMAN LYNN,2018_house.html,4022,False,False
2018,house,64,R,Harry Shiver,HARRY SHIVER,2018_house.html,13030,True,True
2018,house,65,D,Elaine Beech,ELAINE BEECH,2018_house.html,9010,True,False
2018,house,65,R,Brett Easterbrook,BRETT EASTERBROOK,2018_house.html,10095,False,True
2018,house,66,D,Susan E. Smith,SUSAN E SMITH,2018_house.html,4008,False,False
2018,house,66,R,Alan Baker,ALAN BAKER,2018_house.html,10431,True,True
2018,house,67,D,Prince Chestnut,PRINCE CHESTNUT,2018_house.html,11635,True,True
2018,house,68,D,Thomas Jackson,THOMAS JACKSON,2018_house.html,10382,True,True
2018,house,69,D,Kelvin Lawrence,KELVIN LAWRENCE,2018_house.html,12867,True,True
2018,house,70,D,Christopher J. England,CHRISTOPHER J ENGLAND,2018_house.html,11541,True,True
2018,house,71,D,Artis J. McCampbell,ARTIS J MCCAMPBELL,2018_house.html,12400,True,True
2018,house,72,D,Ralph Anthony Howard,RALPH ANTHONY HOWARD,2018_house.html,12811,True,True
2018,house,73,D,Jack Jacobs,JACK JACOBS,2018_house.html,5772,False,False
2018,house,73,R,Matt Fridy,MATT FRIDY,2018_house.html,12913,True,True
2018,house,74,D,Rayford Mack,RAYFORD MACK,2018_house.html,6160,False,False
2018,house,74,R,Dimitri Polizos,DIMITRI POLIZOS,2018_house.html,9449,True,True
2018,house,75,R,Reed Ingram,REED INGRAM,2018_house.html,13229,True,True
2018,house,76,D,Thad McClammy,THAD MCCLAMMY,2018_house.html,11681,True,True
2018,house,77,D,Tashina Morris,TASHINA MORRIS,2018_house.html,10638,False,True
2018,house,78,D,Kirk Hatcher,KIRK HATCHER,2018_house.html,9506,False,True
2018,house,78,I,Tijuanna Adetunji,TIJUANNA ADETUNJI,2018_house.html,1860,False,False
2018,house,79,D,Mary Wynne Kling,MARY WYNNE KLING,2018_house.html,7015,False,False
2018,house,79,R,Joe Lovvorn,JOE LOVVORN,2018_house.html,9717,True,True
2018,house,80,D,"Christopher F. ""Apostle"" Davis",CHRISTOPHER F APOSTLE DAVIS,2018_house.html,3407,False,False
2018,house,80,R,Chris Blackshear,CHRIS BLACKSHEAR,2018_house.html,8506,True,True
2018,house,81,D,"Jeremy ""J.J."" Jeffcoat",JEREMY J J JEFFCOAT,2018_house.html,4697,False,False
2018,house,81,R,Ed Oliver,ED OLIVER,2018_house.html,12823,False,True
2018,house,82,D,Pebblin Warren,PEBBLIN WARREN,2018_house.html,11411,True,True
2018,house,83,D,Jeremy Gray,JEREMY GRAY,2018_house.html,8943,False,True
2018,house,83,R,Michael J Holden II,MICHAEL J HOLDEN,2018_house.html,5143,False,False
2018,house,84,D,Berry Forte,BERRY FORTE,2018_house.html,9962,True,True
2018,house,85,D,Dexter Grimsley,DEXTER GRIMSLEY,2018_house.html,7315,True,True
2018,house,85,R,J. Ron Wilson,J RON WILSON,2018_house.html,6266,False,False
2018,house,86,D,Kristy M. Kirkland,KRISTY M KIRKLAND,2018_house.html,3238,False,False
2018,house,86,R,Paul Lee,PAUL LEE,2018_house.html,11226,True,True
2018,house,87,R,Jeff Sorrells,JEFF SORRELLS,2018_house.html,13835,False,True
2018,house,88,D,Cory Creel,CORY CREEL,2018_house.html,4793,False,False
2018,house,88,R,Will Dismukes,WILL DISMUKES,2018_house.html,11500,False,True
2018,house,89,D,Joel Lee Williams,JOEL LEE WILLIAMS,2018_house.html,5348,False,False
2018,house,89,R,Wes Allen,WES ALLEN,2018_house.html,7804,False,True
2018,house,90,D,Joanne Whetstone,JOANNE WHETSTONE,2018_house.html,6051,False,False
2018,house,90,R,Chris Sells,CHRIS SELLS,2018_house.html,11063,True,True
2018,house,91,R,Rhett Marques,RHETT MARQUES,2018_house.html,11445,False,True
2018,house,92,R,Mike Jones Jr.,MIKE JONES,2018_house.html,11912,False,True
2018,house,93,R,Steve Clouse,STEVE CLOUSE,2018_house.html,11974,True,True
2018,house,94,D,Danielle Mashburn-Myrick,DANIELLE MASHBURN MYRICK,2018_house.html,6257,False,False
2018,house,94,R,Joe Faust,JOE FAUST,2018_house.html,15302,True,True
2018,house,95,R,Steve McMillan,STEVE MCMILLAN,2018_house.html,17008,True,True
2018,house,96,D,Maurice Horsey,MAURICE HORSEY,2018_house.html,5019,False,False
2018,house,96,L,"J. Matthew ""Matt"" Shelby",J MATTHEW MATT SHELBY,2018_house.html,1106,False,False
2018,house,96,R,Matt Simpson,MATT SIMPSON,2018_house.html,13699,False,True
2018,house,97,D,Adline Clarke,ADLINE CLARKE,2018_house.html,8740,True,True
2018,house,97,R,Stephen McNair,STEPHEN MCNAIR,2018_house.html,4605,False,False
2018,house,98,D,Napoleon Bracy Jr.,NAPOLEON BRACY,2018_house.html,9674,True,True
2018,house,99,D,Sam Jones,SAM JONES,2018_house.html,11794,False,True
2018,house,99,R,Charles Talbert,CHARLES TALBERT,2018_house.html,4270,False,False
2018,house,100,R,Victor Gaston,VICTOR GASTON,2018_house.html,12086,True,True
2018,house,101,R,Chris Pringle,CHRIS PRINGLE,2018_house.html,10274,True,True
2018,house,102,R,Shane Stringer,SHANE STRINGER,2018_house.html,11048,False,True
2018,house,103,D,Barbara Drummond,BARBARA DRUMMOND,2018_house.html,8818,True,True
2018,house,104,D,Arlene Cunningham Easley,ARLENE CUNNINGHAM EASLEY,2018_house.html,4695,False,False
2018,house,104,R,Margie Wilcox,MARGIE WILCOX,2018_house.html,10152,True,True
2018,house,105,R,Chip Brown,CHIP BROWN,2018_house.html,10176,False,True
2018,senate,1,D,Caroline Self,CAROLINE SELF,2018_senate.html,15830,False,False
2018,senate,1,R,Tim Melson,TIM MELSON,2018_senate.html,33141,True,True
2018,senate,2,D,Amy Wasyluka,AMY WASYLUKA,2018_senate.html,26911,False,False
2018,senate,2,R,Tom Butler,TOM BUTLER,2018_senate.html,31997,False,True
2018,senate,3,R,Arthur Orr,ARTHUR ORR,2018_senate.html,37295,True,True
2018,senate,4,R,Garlan Gudger,GARLAN GUDGER,2018_senate.html,39817,False,True
2018,senate,5,R,Greg Reed,GREG REED,2018_senate.html,42404,True,True
2018,senate,6,D,Johnny Mack Morrow,JOHNNY MACK MORROW,2018_senate.html,21796,False,False
2018,senate,6,R,Larry Stutts,LARRY STUTTS,2018_senate.html,22683,True,True
2018,senate,7,D,Deborah Barros,DEBORAH BARROS,2018_senate.html,24363,False,False
2018,senate,7,R,Sam Givhan,SAM GIVHAN,2018_senate.html,30080,False,True
2018,senate,8,R,Steve Livingston,STEVE LIVINGSTON,2018_senate.html,37913,True,True
2018,senate,9,R,Clay Scofield,CLAY SCOFIELD,2018_senate.html,35192,True,True
2018,senate,10,I,Craig Ford,CRAIG FORD,2018_senate.html,16759,False,False
2018,senate,10,R,Andrew Jones,ANDREW JONES,2018_senate.html,25902,False,True
2018,senate,11,D,Carl Carter,CARL CARTER,2018_senate.html,11411,False,False
2018,senate,11,R,Jim McClendon,JIM MCCLENDON,2018_senate.html,36192,True,True
2018,senate,12,D,Jim Williams,JIM WILLIAMS,2018_senate.html,15010,False,False
2018,senate,12,R,Del Marsh,DEL MARSH,2018_senate.html,27416,True,True
2018,senate,13,D,Darrell Turner,DARRELL TURNER,2018_senate.html,12839,False,False
2018,senate,13,R,Randy Price,RANDY PRICE,2018_senate.html,31614,False,True
2018,senate,14,D,Jerry McDonald,JERRY MCDONALD,2018_senate.html,13173,False,False
2018,senate,14,R,Cam Ward,CAM WARD,2018_senate.html,34957,True,True
2018,senate,15,R,Dan Roberts,DAN ROBERTS,2018_senate.html,44792,False,True
2018,senate,16,D,Lindsey Deckard,LINDSEY DECKARD,2018_senate.html,21851,False,False
2018,senate,16,R,Jabo Waggoner,JABO WAGGONER,2018_senate.html,37068,True,True
2018,senate,17,R,Shay Shelnutt,SHAY SHELNUTT,2018_senate.html,45964,True,True
2018,senate,18,D,Rodger Smitherman,RODGER SMITHERMAN,2018_senate.html,39819,True,True
2018,senate,19,D,Priscilla Dunn,PRISCILLA DUNN,2018_senate.html,38668,True,True
2018,senate,20,D,Linda Coleman-Madison,LINDA COLEMAN MADISON,2018_senate.html,36478,True,True
2018,senate,21,D,Rick Burnham,RICK BURNHAM,2018_senate.html,16005,False,False
2018,senate,21,R,Gerald Allen,GERALD ALLEN,2018_senate.html,33368,True,True
2018,senate,22,R,Greg Albritton,GREG ALBRITTON,2018_senate.html,34507,True,True
2018,senate,23,D,Malika Sanders-Fortier,MALIKA SANDERS FORTIER,2018_senate.html,30193,False,True
2018,senate,23,I,Mark Story,MARK STORY,2018_senate.html,15796,False,False
2018,senate,24,D,Bobby Singleton,BOBBY SINGLETON,2018_senate.html,37394,True,True
2018,senate,25,D,David Sadler,DAVID SADLER,2018_senate.html,20866,False,False
2018,senate,25,R,Will Barfoot,WILL BARFOOT,2018_senate.html,33029,False,True
2018,senate,26,D,David Burkette,DAVID BURKETTE,2018_senate.html,31973,True,True
2018,senate,26,R,D.J. Johnson,D J JOHNSON,2018_senate.html,7863,False,False
2018,senate,27,D,Nancy Carlton Bendinger,NANCY CARLTON BENDINGER,2018_senate.html,20587,False,False
2018,senate,27,R,Tom Whatley,TOM WHATLEY,2018_senate.html,29741,True,True
2018,senate,28,D,Billy Beasley,BILLY BEASLEY,2018_senate.html,28445,True,True
2018,senate,29,R,Donnie Chesteen,DONNIE CHESTEEN,2018_senate.html,34273,False,True
2018,senate,30,R,"Clyde Chambliss, Jr.",CLYDE CHAMBLISS,2018_senate.html,35259,True,True
2018,senate,31,R,Jimmy Holley,JIMMY HOLLEY,2018_senate.html,33137,True,True
2018,senate,32,D,Jason Fisher,JASON FISHER,2018_senate.html,15193,False,False
2018,senate,32,R,Chris Elliott,CHRIS ELLIOTT,2018_senate.html,45726,False,True
2018,senate,33,D,Vivian Davis Figures,VIVIAN DAVIS FIGURES,2018_senate.html,34995,True,True
2018,senate,34,R,Jack Williams,JACK WILLIAMS,2018_senate.html,35093,False,True
2018,senate,35,D,Tom Holmes,TOM HOLMES,2018_senate.html,13896,False,False
2018,senate,35,R,David Sessions,DAVID SESSIONS,2018_senate.html,29046,False,True
2022,house,1,D,47,,2022_house.html,28,False,False
2022,house,1,L,27,,2022_house.html,0,False,False
2022,house,1,R,82,,2022_house.html,77,False,False
2022,house,1,R,Maurice McCaney,MAURICE MCCANEY,2022_house.html,3512,False,False
2022,house,1,R,Phillip Pettus,PHILLIP PETTUS,2022_house.html,10360,True,True
2022,house,2,R,Ben Harrison,BEN HARRISON,2022_house.html,11233,False,True
2022,house,2,R,Jason Spencer Black,JASON SPENCER BLACK,2022_house.html,3456,False,False
2022,house,2,R,Kimberly Butler,KIMBERLY BUTLER,2022_house.html,3101,False,False
2022,house,2,R,Terrance L. Irelan,TERRANCE L IRELAN,2022_house.html,522,False,False
2022,house,3,D,Susan Warren Bentley,SUSAN WARREN BENTLEY,2022_house.html,420,False,False
2022,house,3,D,Wesley Thompson,WESLEY THOMPSON,2022_house.html,4241,False,False
2022,house,3,R,Fred Joly,FRED JOLY,2022_house.html,2496,False,False
2022,house,3,R,"Kerry ""Bubba"" Underwood",KERRY BUBBA UNDERWOOD,2022_house.html,8023,False,True
2022,house,4,R,Parker Duncan Moore,PARKER DUNCAN MOORE,2022_house.html,11236,True,True
2022,house,4,R,Patrick Johnson,PATRICK JOHNSON,2022_house.html,2535,False,False
2022,house,4,R,Sheila Banister,SHEILA BANISTER,2022_house.html,1398,False,False
2022,house,5,R,Danny F. Crawford,DANNY F CRAWFORD,2022_house.html,12332,False,True
2022,house,6,L,Greg Turner,GREG TURNER,2022_house.html,2597,False,False
2022,house,6,R,Andy Whitt,ANDY WHITT,2022_house.html,11052,False,True
2022,house,7,D,Mose Jones Jr.,MOSE JONES,2022_house.html,3133,False,False
2022,house,7,L,Marc Durocher,MARC DUROCHER,2022_house.html,304,False,False
2022,house,7,R,Ernie Yarbrough,ERNIE YARBROUGH,2022_house.html,11225,False,True
2022,house,7,R,Proncey Robertson,PRONCEY ROBERTSON,2022_house.html,3631,True,False
2022,house,8,L,Angela Walser,ANGELA WALSER,2022_house.html,1255,False,False
2022,house,8,R,Terri Collins,TERRI COLLINS,2022_house.html,7234,False,True
2022,house,9,L,Gregory Bodine,GREGORY BODINE,2022_house.html,953,False,False
2022,house,9,R,Scott Stadthagen,SCOTT STADTHAGEN,2022_house.html,11041,True,True
2022,house,10,D,Marilyn Lands,MARILYN LANDS,2022_house.html,6608,False,False
2022,house,10,L,Elijah Boyd,ELIJAH BOYD,2022_house.html,503,False,False
2022,house,10,R,David Cole,DAVID COLE,2022_house.html,7581,False,True
2022,house,11,R,Randall Shedd,RANDALL SHEDD,2022_house.html,12552,True,True
2022,house,12,D,"James C. Fields, Jr.",JAMES C FIELDS,2022_house.html,2030,False,False
2022,house,12,R,Corey Harbison,COREY HARBISON,2022_house.html,11958,True,True
2022,house,13,L,Mark Davenport,MARK DAVENPORT,2022_house.html,663,False,False
2022,house,13,R,Charlie Waits,CHARLIE WAITS,2022_house.html,1337,False,False
2022,house,13,R,Greg Barnes,GREG BARNES,2022_house.html,1082,False,False
2022,house,13,R,Keith Davis,KEITH DAVIS,2022_house.html,980,False,False
2022,house,13,R,Matt Dozier,MATT DOZIER,2022_house.html,821,False,False
2022,house,13,R,Matt Woods,MATT WOODS,2022_house.html,11422,False,True
2022,house,14,R,Cory Franks,CORY FRANKS,2022_house.html,1664,False,False
2022,house,14,R,"Timothy ""Tim"" Wadsworth",TIMOTHY TIM WADSWORTH,2022_house.html,13396,True,True
2022,house,14,R,Tom Fredricks,TOM FREDRICKS,2022_house.html,3776,False,False
2022,house,15,D,Richard Rouco,RICHARD ROUCO,2022_house.html,6166,False,False
2022,house,15,R,Brad Tompkins,BRAD TOMPKINS,2022_house.html,2676,False,False
2022,house,15,R,Leigh Hulsey,LEIGH HULSEY,2022_house.html,10818,False,True
2022,house,16,R,Kyle South,KYLE SOUTH,2022_house.html,13177,True,True
2022,house,17,R,Tracy Estes,TRACY ESTES,2022_house.html,12850,True,True
2022,house,18,L,Talia Shimp,TALIA SHIMP,2022_house.html,571,False,False
2022,house,18,R,Jamie Kiel,JAMIE KIEL,2022_house.html,10783,True,True
2022,house,19,D,Laura Hall,LAURA HALL,2022_house.html,8721,True,True
2022,house,20,R,Angela McClure,ANGELA MCCLURE,2022_house.html,1409,False,False
2022,house,20,R,Frances Taylor,FRANCES TAYLOR,2022_house.html,3138,False,False
2022,house,20,R,James D. Brown,JAMES D BROWN,2022_house.html,1162,False,False
2022,house,20,R,James Lomax,JAMES LOMAX,2022_house.html,14816,False,True
2022,house,21,R,Rex Reynolds,REX REYNOLDS,2022_house.html,12386,True,True
2022,house,22,R,Ritchie Whorton,RITCHIE WHORTON,2022_house.html,12984,True,True
2022,house,23,R,Mike Kirkland,MIKE KIRKLAND,2022_house.html,10980,False,True
2022,house,23,R,Tommy Hanes,TOMMY HANES,2022_house.html,3708,True,False
2022,house,24,R,Don Stout,DON STOUT,2022_house.html,2894,False,False
2022,house,24,R,Nathaniel Ledbetter,NATHANIEL LEDBETTER,2022_house.html,11285,True,True
2022,house,25,D,Mallory Hagan,MALLORY HAGAN,2022_house.html,7837,False,False
2022,house,25,R,Buck Clemons,BUCK CLEMONS,2022_house.html,1799,False,False
2022,house,25,R,Phillip K. Rigsby,PHILLIP K RIGSBY,2022_house.html,10813,False,True
2022,house,26,D,Ben Alford,BEN ALFORD,2022_house.html,1078,False,False
2022,house,26,R,Annette Holcomb,ANNETTE HOLCOMB,2022_house.html,1288,False,False
2022,house,26,R,Brock Colvin,BROCK COLVIN,2022_house.html,8258,False,True
2022,house,26,R,Todd Mitchem,TODD MITCHEM,2022_house.html,1190,False,False
2022,house,27,D,Herb Neu,HERB NEU,2022_house.html,1583,False,False
2022,house,27,R,Wes Kitchens,WES KITCHENS,2022_house.html,13150,True,True
2022,house,28,R,Gil Isbell,GIL ISBELL,2022_house.html,2465,True,False
2022,house,28,R,Mack Butler,MACK BUTLER,2022_house.html,6566,False,True
2022,house,29,L,Clifford Foy Valentin,CLIFFORD FOY VALENTIN,2022_house.html,779,False,False
2022,house,29,R,Jamie W. Grant,JAMIE W GRANT,2022_house.html,3940,False,False
2022,house,29,R,Mark A. Gidley,MARK A GIDLEY,2022_house.html,12612,False,True
2022,house,30,R,Craig Lipscomb,CRAIG LIPSCOMB,2022_house.html,12325,True,True
2022,house,31,R,Chadwick Smith,CHADWICK SMITH,2022_house.html,2346,False,False
2022,house,31,R,Troy B. Stubbs,TROY B STUBBS,2022_house.html,11418,False,True
2022,house,32,D,Barbara Boyd,BARBARA BOYD,2022_house.html,5522,True,True
2022,house,32,R,Evan Jackson,EVAN JACKSON,2022_house.html,4390,False,False
2022,house,33,D,"Fred Crum, Sr.",FRED CRUM,2022_house.html,3571,False,False
2022,house,33,R,Ben Robbins,BEN ROBBINS,2022_house.html,9534,True,True
2022,house,34,R,David Standridge,DAVID STANDRIDGE,2022_house.html,12222,True,True
2022,house,35,R,Steve Hurst,STEVE HURST,2022_house.html,10880,True,True
2022,house,36,R,Randy Wood,RANDY WOOD,2022_house.html,12449,True,True
2022,house,37,R,Bob Fincher,BOB FINCHER,2022_house.html,11937,True,True
2022,house,38,L,"Charles A. Temm, Jr.",CHARLES A TEMM,2022_house.html,1161,False,False
2022,house,38,R,Debbie Hamby Wood,DEBBIE HAMBY WOOD,2022_house.html,9162,True,True
2022,house,38,R,Micah J. Messer,MICAH J MESSER,2022_house.html,2311,False,False
2022,house,39,R,Brent Rhodes,BRENT RHODES,2022_house.html,2147,False,False
2022,house,39,R,Ginny Shaver,GINNY SHAVER,2022_house.html,11224,True,True
2022,house,40,D,Pam Howard,PAM HOWARD,2022_house.html,2221,False,False
2022,house,40,R,Bill Lester,BILL LESTER,2022_house.html,1317,False,False
2022,house,40,R,Bill McAdams,BILL MCADAMS,2022_house.html,1007,False,False
2022,house,40,R,Chad Robertson,CHAD ROBERTSON,2022_house.html,10772,False,True
2022,house,40,R,Gayla Blanton,GAYLA BLANTON,2022_house.html,574,False,False
2022,house,40,R,Jakob Williamson,JAKOB WILLIAMSON,2022_house.html,92,False,False
2022,house,40,R,Julie Borrelli,JULIE BORRELLI,2022_house.html,2364,False,False
2022,house,40,R,Katie Exum,KATIE EXUM,2022_house.html,1414,False,False
2022,house,41,D,Chris Nelson,CHRIS NELSON,2022_house.html,3203,False,False
2022,house,41,L,"Matthew Gregory Morris, Jr.",MATTHEW GREGORY MORRIS,2022_house.html,418,False,False
2022,house,41,R,Corley Ellis,CORLEY ELLIS,2022_house.html,10897,True,True
2022,house,42,L,Doug Ward,DOUG WARD,2022_house.html,931,False,False
2022,house,42,R,"Ivan ""Van"" Smith",IVAN VAN SMITH,2022_house.html,12336,True,True
2022,house,43,D,Prince Cleveland,PRINCE CLEVELAND,2022_house.html,3760,False,False
2022,house,43,L,Jason Newell Davis Burr,JASON NEWELL DAVIS BURR,2022_house.html,644,False,False
2022,house,43,R,Arnold Mooney,ARNOLD MOONEY,2022_house.html,12751,True,True
2022,house,44,L,John Wiley Boone,JOHN WILEY BOONE,2022_house.html,2088,False,False
2022,house,44,R,Danny Garrett,DANNY GARRETT,2022_house.html,11396,True,True
2022,house,45,L,Kari Mitchell Whitaker,KARI MITCHELL WHITAKER,2022_house.html,1950,False,False
2022,house,45,R,Dickie Drake,DICKIE DRAKE,2022_house.html,2486,True,False
2022,house,45,R,Susan DuBose,SUSAN DUBOSE,2022_house.html,12060,False,True
2022,house,47,D,Christian Coleman,CHRISTIAN COLEMAN,2022_house.html,601,False,True
2022,house,47,D,Jim Toomey,JIM TOOMEY,2022_house.html,596,False,False
2022,house,48,L,Bruce Stutts,BRUCE STUTTS,2022_house.html,2184,False,False
2022,house,48,R,Jim Carns,JIM CARNS,2022_house.html,12518,True,True
2022,house,48,R,William Wentowski,WILLIAM WENTOWSKI,2022_house.html,2217,False,False
2022,house,49,R,Michael Hart,MICHAEL HART,2022_house.html,1670,False,False
2022,house,49,R,Russell Bedsole,RUSSELL BEDSOLE,2022_house.html,4492,True,True
2022,house,52,D,"John W. Rogers, Jr.",JOHN W ROGERS,2022_house.html,3362,True,True
2022,house,52,D,LaTanya Millhouse,LATANYA MILLHOUSE,2022_house.html,1649,False,False
2022,house,54,D,Brit Blalock,BRIT BLALOCK,2022_house.html,502,False,False
2022,house,54,D,Edward Maddox,EDWARD MADDOX,2022_house.html,1411,False,False
2022,house,54,D,Neil Rafferty,NEIL RAFFERTY,2022_house.html,2719,True,True
2022,house,55,D,Antwon Bernard Womack,ANTWON BERNARD WOMACK,2022_house.html,594,False,False
2022,house,55,D,"Fred ""Coach"" Plump",FRED COACH PLUMP,2022_house.html,10018,False,True
2022,house,55,D,Phyllis E. Oden-Jones,PHYLLIS E ODEN JONES,2022_house.html,1032,False,False
2022,house,55,D,"Roderick ""Rod"" Scott",RODERICK ROD SCOTT,2022_house.html,1212,True,False
2022,house,55,D,Travis Hendrix,TRAVIS HENDRIX,2022_house.html,915,False,False
2022,house,56,D,Cleo King,CLEO KING,2022_house.html,714,False,False
2022,house,56,D,Jesse Matthews,JESSE MATTHEWS,2022_house.html,1011,False,False
2022,house,56,D,Ontario J. Tillman,ONTARIO J TILLMAN,2022_house.html,9008,False,True
2022,house,56,D,Tereshia Huffman,TERESHIA HUFFMAN,2022_house.html,1199,False,False
2022,house,56,L,Carson B. Lester,CARSON B LESTER,2022_house.html,869,False,False
2022,house,57,D,Charles Ray Winston III,CHARLES RAY WINSTON,2022_house.html,1370,False,False
2022,house,57,D,"Kevin ""K.D."" Dunn",KEVIN K D DUNN,2022_house.html,1282,False,False
2022,house,57,D,Patrick Sellers,PATRICK SELLERS,2022_house.html,9221,False,True
2022,house,57,L,Manijeh Nancy Jones,MANIJEH NANCY JONES,2022_house.html,218,False,False
2022,house,57,R,Delor Baumann,DELOR BAUMANN,2022_house.html,4752,False,False
2022,house,58,D,Rolanda Hollis,ROLANDA HOLLIS,2022_house.html,8385,True,True
2022,house,59,D,Mary Moore,MARY MOORE,2022_house.html,8859,True,True
2022,house,60,D,Juandalynn Givan,JUANDALYNN GIVAN,2022_house.html,9872,True,True
2022,house,60,D,Nina Taylor,NINA TAYLOR,2022_house.html,1286,False,False
2022,house,60,L,J.P. French,J P FRENCH,2022_house.html,1126,False,False
2022,house,61,L,Damon Pruet,DAMON PRUET,2022_house.html,1239,False,False
2022,house,61,R,Kimberly Madison,KIMBERLY MADISON,2022_house.html,2846,False,False
2022,house,61,R,Ron Bolton,RON BOLTON,2022_house.html,10546,False,True
2022,house,62,D,Brenda T. Cephus,BRENDA T CEPHUS,2022_house.html,3094,False,False
2022,house,62,R,Bill Lamb,BILL LAMB,2022_house.html,8803,False,True
2022,house,63,D,Samuel Adams,SAMUEL ADAMS,2022_house.html,2827,False,False
2022,house,63,R,Cynthia Almond,CYNTHIA ALMOND,2022_house.html,5541,True,True
2022,house,64,L,Jeff May,JEFF MAY,2022_house.html,1133,False,False
2022,house,64,R,Angelo Jacob Fermo,ANGELO JACOB FERMO,2022_house.html,2910,False,False
2022,house,64,R,Donna Givens,DONNA GIVENS,2022_house.html,11041,False,True
2022,house,65,D,Marcus Caster,MARCUS CASTER,2022_house.html,4759,False,False
2022,house,65,R,Brett Easterbrook,BRETT EASTERBROOK,2022_house.html,12693,True,True
2022,house,65,R,Dee Ann Campbell,DEE ANN CAMPBELL,2022_house.html,2861,False,False
2022,house,66,R,Alan Baker,ALAN BAKER,2022_house.html,12042,True,True
2022,house,67,D,Larine Irby Pettway,LARINE IRBY PETTWAY,2022_house.html,3055,False,False
2022,house,67,D,Prince Chestnut,PRINCE CHESTNUT,2022_house.html,10335,True,True
2022,house,68,D,"Thomas E. ""Action"" Jackson",THOMAS E ACTION JACKSON,2022_house.html,9537,True,True
2022,house,68,R,Fred Kelley,FRED KELLEY,2022_house.html,8981,False,False
2022,house,72,D,Curtis L. Travis,CURTIS L TRAVIS,2022_house.html,3106,False,True
2022,house,72,D,Ralph A. Howard,RALPH A HOWARD,2022_house.html,2794,True,False
2022,house,74,D,Malcolm Calhoun,MALCOLM CALHOUN,2022_house.html,1143,False,False
2022,house,74,D,Phillip Ensler,PHILLIP ENSLER,2022_house.html,2170,False,True
2022,house,76,D,"Patrice ""Penni"" McClammy",PATRICE PENNI MCCLAMMY,2022_house.html,8312,True,True
2022,house,76,L,Scott Manges,SCOTT MANGES,2022_house.html,816,False,False
2022,house,79,L,Amanda Frison,AMANDA FRISON,2022_house.html,1692,False,False
2022,house,79,R,Joe Lovvorn,JOE LOVVORN,2022_house.html,7690,True,True
2022,house,80,R,Chris E. Blackshear,CHRIS E BLACKSHEAR,2022_house.html,8113,True,True
2022,house,81,R,Ed Oliver,ED OLIVER,2022_house.html,12116,True,True
2022,house,82,D,Pebblin Walker Warren,PEBBLIN WALKER WARREN,2022_house.html,6257,True,True
2022,house,82,D,Terrence Kareem Johnson,TERRENCE KAREEM JOHNSON,2022_house.html,1735,False,False
2022,house,82,R,"Lennora ""Tia"" Pierrot",LENNORA TIA PIERROT,2022_house.html,2526,False,False
2022,house,83,D,Jeremy Gray,JEREMY GRAY,2022_house.html,6540,True,True
2022,house,84,D,Berry Forte,BERRY FORTE,2022_house.html,7463,True,True
2022,house,85,D,Dexter Grimsley,DEXTER GRIMSLEY,2022_house.html,5668,True,False
2022,house,85,R,Rick Rehm,RICK REHM,2022_house.html,6665,False,True
2022,house,86,R,Paul W. Lee,PAUL W LEE,2022_house.html,10697,True,True
2022,house,87,R,Eric E. Johnson,ERIC E JOHNSON,2022_house.html,2003,False,False
2022,house,87,R,Jeff Sorrells,JEFF SORRELLS,2022_house.html,12957,True,True
2022,house,88,L,"Justin ""Tyler"" May",JUSTIN TYLER MAY,2022_house.html,1524,False,False
2022,house,88,R,Jerry Starnes,JERRY STARNES,2022_house.html,10020,False,True
2022,house,88,R,Will Dismukes,WILL DISMUKES,2022_house.html,2520,True,False
2022,house,89,R,Marcus B. Paramore,MARCUS B PARAMORE,2022_house.html,7855,False,True
2022,house,90,R,Chris Sells,CHRIS SELLS,2022_house.html,11567,True,True
2022,house,91,R,Les W. Hogan,LES W HOGAN,2022_house.html,2571,False,False
2022,house,91,R,Rhett Marques,RHETT MARQUES,2022_house.html,9794,True,True
2022,house,92,D,Steve Hubbard,STEVE HUBBARD,2022_house.html,1795,False,False
2022,house,92,R,Greg White,GREG WHITE,2022_house.html,4923,False,False
2022,house,92,R,Matthew Hammett,MATTHEW HAMMETT,2022_house.html,11812,False,True
2022,house,93,R,Steve Clouse,STEVE CLOUSE,2022_house.html,10333,True,True
2022,house,94,L,"Margaret ""Maggie"" Helveston",MARGARET MAGGIE HELVESTON,2022_house.html,1815,False,False
2022,house,94,R,Jennifer Fidler,JENNIFER FIDLER,2022_house.html,14207,False,True
2022,house,94,R,Joe Faust,JOE FAUST,2022_house.html,3276,True,False
2022,house,95,D,Richard Brackner,RICHARD BRACKNER,2022_house.html,2465,False,False
2022,house,95,R,Frances Holk-Jones,FRANCES HOLK JONES,2022_house.html,14242,False,True
2022,house,95,R,"Michael T. Ludvigsen, Jr.",MICHAEL T LUDVIGSEN,2022_house.html,1144,False,False
2022,house,95,R,Reginald C. Pulliam,REGINALD C PULLIAM,2022_house.html,1345,False,False
2022,house,96,R,Danielle R. Duggar,DANIELLE R DUGGAR,2022_house.html,2753,False,False
2022,house,96,R,Matt Simpson,MATT SIMPSON,2022_house.html,11990,True,True
2022,house,97,D,Adline Clarke,ADLINE CLARKE,2022_house.html,7337,True,True
2022,house,98,D,"Napoleon Bracy, Jr.",NAPOLEON BRACY,2022_house.html,7655,True,True
2022,house,99,D,"Levi Wright, Jr.",LEVI WRIGHT,2022_house.html,452,False,False
2022,house,99,D,Sam Jones,SAM JONES,2022_house.html,8252,True,True
2022,house,100,L,Peyton Warren,PEYTON WARREN,2022_house.html,1627,False,False
2022,house,100,R,Joe Piggott,JOE PIGGOTT,2022_house.html,1289,False,False
2022,house,100,R,Mark Shirey,MARK SHIREY,2022_house.html,9781,False,True
2022,house,100,R,Pete Kupfer,PETE KUPFER,2022_house.html,1474,False,False
2022,house,101,R,Chris Pringle,CHRIS PRINGLE,2022_house.html,8968,False,True
2022,house,102,R,Shane Stringer,SHANE STRINGER,2022_house.html,10472,False,True
2022,house,103,D,Barbara Drummond,BARBARA DRUMMOND,2022_house.html,6015,False,True
2022,house,104,L,Jon Dearman,JON DEARMAN,2022_house.html,1960,False,False
2022,house,104,R,Margie Wilcox,MARGIE WILCOX,2022_house.html,8871,False,True
2022,house,105,L,Mark Lewis,MARK LEWIS,2022_house.html,1107,False,False
2022,house,105,R,Chip Brown,CHIP BROWN,2022_house.html,10554,False,True
2022,senate,1,D,14,,2022_senate.html,8,False,False
2022,senate,1,L,11,,2022_senate.html,0,False,False
2022,senate,1,R,29,,2022_senate.html,27,False,False
2022,senate,1,R,John Sutherland,JOHN SUTHERLAND,2022_senate.html,7361,False,False
2022,senate,1,R,Tim Melson,TIM MELSON,2022_senate.html,35480,True,True
2022,senate,2,D,Kim Caudle Lewis,KIM CAUDLE LEWIS,2022_senate.html,20749,False,False
2022,senate,2,R,Bill Holtzclaw,BILL HOLTZCLAW,2022_senate.html,6789,False,False
2022,senate,2,R,Tom Butler,TOM BUTLER,2022_senate.html,25951,True,True
2022,senate,3,L,Rick Chandler,RICK CHANDLER,2022_senate.html,4566,False,False
2022,senate,3,R,Arthur Orr,ARTHUR ORR,2022_senate.html,30578,True,True
2022,senate,4,R,Garlan Gudger,GARLAN GUDGER,2022_senate.html,38265,True,True
2022,senate,5,R,Greg Reed,GREG REED,2022_senate.html,36159,True,True
2022,senate,6,L,Kyle Richard-Garrison,KYLE RICHARD GARRISON,2022_senate.html,4598,False,False
2022,senate,6,R,Larry Stutts,LARRY STUTTS,2022_senate.html,30883,True,True
2022,senate,7,D,Korey Wilson,KOREY WILSON,2022_senate.html,17295,False,False
2022,senate,7,R,Sam Givhan,SAM GIVHAN,2022_senate.html,29095,True,True
2022,senate,8,R,Steve Livingston,STEVE LIVINGSTON,2022_senate.html,33758,True,True
2022,senate,9,R,Clay Scofield,CLAY SCOFIELD,2022_senate.html,32709,True,True
2022,senate,10,R,Andrew Jones,ANDREW JONES,2022_senate.html,32153,True,True
2022,senate,11,R,Lance Bell,LANCE BELL,2022_senate.html,33505,False,True
2022,senate,11,R,Michael Wright,MICHAEL WRIGHT,2022_senate.html,4663,False,False
2022,senate,12,D,Danny McCullars,DANNY MCCULLARS,2022_senate.html,10271,False,False
2022,senate,12,R,Keith Kelley,KEITH KELLEY,2022_senate.html,28786,False,True
2022,senate,12,R,Wayne Willis,WAYNE WILLIS,2022_senate.html,4560,False,False
2022,senate,12,R,Wendy Ghee Draper,WENDY GHEE DRAPER,2022_senate.html,7083,False,False
2022,senate,13,R,John Coker,JOHN COKER,2022_senate.html,4039,False,False
2022,senate,13,R,Randy Price,RANDY PRICE,2022_senate.html,31759,True,True
2022,senate,14,R,April Weaver,APRIL WEAVER,2022_senate.html,31917,True,True
2022,senate,15,L,Michael Crump,MICHAEL CRUMP,2022_senate.html,5771,False,False
2022,senate,15,R,Brian Christine,BRIAN CHRISTINE,2022_senate.html,8212,False,False
2022,senate,15,R,Dan Roberts,DAN ROBERTS,2022_senate.html,35704,True,True
2022,senate,16,R,"J. T. ""Jabo"" Waggoner",J T JABO WAGGONER,2022_senate.html,33719,True,True
2022,senate,17,L,John Fortenberry,JOHN FORTENBERRY,2022_senate.html,3675,False,False
2022,senate,17,R,Mike Dunn,MIKE DUNN,2022_senate.html,6583,False,False
2022,senate,17,R,Shay Shelnutt,SHAY SHELNUTT,2022_senate.html,38137,True,True
2022,senate,18,D,Rodger Smitherman,RODGER SMITHERMAN,2022_senate.html,28642,True,True
2022,senate,19,D,Louise Alexander,LOUISE ALEXANDER,2022_senate.html,4002,False,False
2022,senate,19,D,Merika Coleman,MERIKA COLEMAN,2022_senate.html,26369,False,True
2022,senate,19,L,Danny Wilson,DANNY WILSON,2022_senate.html,3904,False,False
2022,senate,20,D,Linda Coleman-Madison,LINDA COLEMAN MADISON,2022_senate.html,27567,True,True
2022,senate,20,D,Rodney Huntley,RODNEY HUNTLEY,2022_senate.html,1640,False,False
2022,senate,21,D,Lisa Ward,LISA WARD,2022_senate.html,11198,False,False
2022,senate,21,R,Gerald Allen,GERALD ALLEN,2022_senate.html,21962,True,True
2022,senate,22,R,Greg Albritton,GREG ALBRITTON,2022_senate.html,32880,True,True
2022,senate,22,R,Stephen Sexton,STEPHEN SEXTON,2022_senate.html,6337,False,False
2022,senate,23,D,Darrio Melton,DARRIO MELTON,2022_senate.html,5543,False,False
2022,senate,23,D,Hank Sanders,HANK SANDERS,2022_senate.html,10634,False,False
2022,senate,23,D,Robert L. Stewart,ROBERT L STEWART,2022_senate.html,25953,False,True
2022,senate,23,D,Robert Stewart,ROBERT STEWART,2022_senate.html,7166,False,False
2022,senate,23,D,"Thayer ""Bear"" Spencer",THAYER BEAR SPENCER,2022_senate.html,456,False,False
2022,senate,23,L,Portia Shepherd,PORTIA SHEPHERD,2022_senate.html,959,False,False
2022,senate,23,R,Michael Nimmer,MICHAEL NIMMER,2022_senate.html,21682,False,False
2022,senate,24,D,Bobby Singleton,BOBBY SINGLETON,2022_senate.html,25440,True,True
2022,senate,24,L,Richard Benderson,RICHARD BENDERSON,2022_senate.html,5311,False,False
2022,senate,25,L,Louie Albert Woolbright,LOUIE ALBERT WOOLBRIGHT,2022_senate.html,5394,False,False
2022,senate,25,R,Will Barfoot,WILL BARFOOT,2022_senate.html,32640,True,True
2022,senate,26,D,Kirk Hatcher,KIRK HATCHER,2022_senate.html,25901,True,True
2022,senate,27,D,Sherri Reese,SHERRI REESE,2022_senate.html,10996,False,False
2022,senate,27,R,Jay Hovey,JAY HOVEY,2022_senate.html,26014,False,True
2022,senate,27,R,Tom Whatley,TOM WHATLEY,2022_senate.html,8372,True,False
2022,senate,28,D,Billy Beasley,BILLY BEASLEY,2022_senate.html,21252,True,True
2022,senate,28,D,"Frank ""Chris"" Lee",FRANK CHRIS LEE,2022_senate.html,4267,False,False
2022,senate,28,L,David Boatwright,DAVID BOATWRIGHT,2022_senate.html,4837,False,False
2022,senate,29,D,Nathan Mathis,NATHAN MATHIS,2022_senate.html,6476,False,False
2022,senate,29,L,"Floyd ""Pete"" McBroom",FLOYD PETE MCBROOM,2022_senate.html,737,False,False
2022,senate,29,R,Donnie Chesteen,DONNIE CHESTEEN,2022_senate.html,31576,True,True
2022,senate,30,R,Clyde Chambliss Jr.,CLYDE CHAMBLISS,2022_senate.html,29225,True,True
2022,senate,31,R,"""Stormin'"" Norman Horton",STORMIN NORMAN HORTON,2022_senate.html,2332,False,False
2022,senate,31,R,Josh Carnley,JOSH CARNLEY,2022_senate.html,30618,False,True
2022,senate,31,R,Mike Jones Jr.,MIKE JONES,2022_senate.html,10010,False,False
2022,senate,32,R,Chris Elliott,CHRIS ELLIOTT,2022_senate.html,41073,True,True
2022,senate,33,D,Vivian Figures,VIVIAN FIGURES,2022_senate.html,23203,True,True
2022,senate,33,R,Pete Riehm,PETE RIEHM,2022_senate.html,11401,False,False
2022,senate,34,R,Jack Williams,JACK WILLIAMS,2022_senate.html,27043,True,True
2022,senate,35,L,Clifton Hudson,CLIFTON HUDSON,2022_senate.html,4488,False,False
2022,senate,35,R,David Sessions,DAVID SESSIONS,2022_senate.html,27133,True,True
